"DATASET","SERIES_CODE","OBS_MEASURE","COUNTRY","INDICATOR","TYPE_OF_TRANSFORMATION","FREQUENCY","SCALE","2015-M01","2015-M02","2015-M03","2015-M04","2015-M05","2015-M06","2015-M07","2015-M08","2015-M09","2015-M10","2015-M11","2015-M12","2016-M01","2016-M02","2016-M03","2016-M04","2016-M05","2016-M06","2016-M07","2016-M08","2016-M09","2016-M10","2016-M11","2016-M12","2017-M01","2017-M02","2017-M03","2017-M04","2017-M05","2017-M06","2017-M07","2017-M08","2017-M09","2017-M10","2017-M11","2017-M12","2018-M01","2018-M02","2018-M03","2018-M04","2018-M05","2018-M06","2018-M07","2018-M08","2018-M09","2018-M10","2018-M11","2018-M12","2019-M01","2019-M02","2019-M03","2019-M04","2019-M05","2019-M06","2019-M07","2019-M08","2019-M09","2019-M10","2019-M11","2019-M12","2020-M01","2020-M02","2020-M03","2020-M04","2020-M05","2020-M06","2020-M07","2020-M08","2020-M09","2020-M10","2020-M11","2020-M12","2021-M01","2021-M02","2021-M03","2021-M04","2021-M05","2021-M06","2021-M07","2021-M08","2021-M09","2021-M10","2021-M11","2021-M12","2022-M01","2022-M02","2022-M03","2022-M04","2022-M05","2022-M06","2022-M07","2022-M08","2022-M09","2022-M10","2022-M11","2022-M12","2023-M01","2023-M02","2023-M03","2023-M04","2023-M05","2023-M06","2023-M07","2023-M08","2023-M09","2023-M10","2023-M11","2023-M12","2024-M01","2024-M02","2024-M03","2024-M04","2024-M05","2024-M06","2024-M07","2024-M08","2024-M09","2024-M10","2024-M11","2024-M12"
"IMF.STA:ER(4.0.1)","HTI.XDC_USD.PA_RT.M","OBS_VALUE","Haiti","Domestic currency per US Dollar","Period average","Monthly","Units","46.7771200873273","46.9993","47.1302","47.2568","47.7292","49.4114","54.9476","52.0505","51.8112","52.8513","54.9699","56.5426","58.1564","60.462","61.6736","61.8248","62.0701","62.5849","63.3313","64.3614","65.6480476784863","65.8973727602223","66.764","67.2559","67.6136","68.1076","68.9996681818182","68.8413","64.138","62.2021","62.479","62.6051","62.764","62.8452952380952","63.1226","63.5179","63.7604","64.0489","64.8006","65.4084","65.8572","66.4582","67.2508","68.4561","69.4589613465804","71.1067865614283","73.4567998673658","76.3179","78.3094","82.3651","82.3942389722703","85.3255","88.555","92.7264744468375","93.8223","93.3044807039242","93.3498","92.0898","91.6717","91.8658","92.1846117296677","93.774975042921","96.6758","99.9428032575678","106.3148","110.5277","116.765192861684","119.6734","86.7989213491195","63.9816","64.2699","71.2079823224955","72.4625","74.0551920031339","77.4320343097496","82.7629740555582","88.099795395562","91.2207153797345","93.6844269958265","96.2275","97.4018","98.5375","98.7236","100.1116","101.2078","102.252081319783","104.39290394729","106.228600993884","109.1429","112.6245","113.6156","121.3316","116.4788","122.11","135.0741","143.1097","146.8516","149.3434","155.698968006692","153.328002754981","143.124581664595","138.1401","137.0467","135.9164","134.732","133.6307","132.6199","131.9986","131.6016","131.8092","132.6134","132.2993","132.5137","132.2773","131.7522","131.5083","132.592","131.2536","130.9365","130.5748"
"IMF.STA:ER(4.0.1)","MMR.XDC_USD.PA_RT.M","OBS_VALUE","Myanmar","Domestic currency per US Dollar","Period average","Monthly","Units","1028.8","1030.2963","1033.89285714286","1065.78125","1094.675","1112.22727272727","1195.88636363636","1233.447","1285.4048","1281.65","1288.3685","1300.9546","1297.15","1247.3737","1216.0477","1177.0","1170.9546","1184.2046","1178.075","1196.0","1233.5476","1273.3572","1295.2","1349.5238","1351.19047619048","1357.45","1360.71428571429","1356.9375","1362.61904761905","1360.09523809524","1363.94736842105","1361.13043478261","1357.71428571429","1362.61111111111","1365.78947368421","1364.10526315789","1345.71428571429","1330.73684210526","1336.473684","1330.444444","1347.045455","1365.666667","1410.6","1472.40909090909","1551.5","1530.78947368421","1570.2105","1566.10526","1532.6667","1526.4684","1523.8474","1517.3056","1533.9364","1525.105","1510.6667","1516.281","1532.981","1515.2778","1515.2778","1469.2476","1517.31","1448.65","1402.0","1423.89","1404.71","1396.38","1371.76","1358.4","1322.46","1293.4","1299.69","1340.78","1331.3","1407.9","1432.1","1536.7","","","","","","","","","","","","","","","","","","","","","","","","","","","","","","","","","","","","","","","","","","","",""
"IMF.STA:ER(4.0.1)","LKA.XDC_USD.PA_RT.M","OBS_VALUE","Sri Lanka","Domestic currency per US Dollar","Period average","Monthly","Units","131.550752631579","132.729282352941","132.898952380952","132.899257894737","133.496026315789","133.895223809524","133.686004545455","133.882933333333","138.876928571429","140.8945","142.024763157895","143.448328571429","143.940255","143.928363157895","143.959375","143.900133333333","145.65022","145.283572727273","145.406994736842","145.600954545455","145.78488","146.8723","147.770966666667","148.881994736842","150.094580952381","150.817305555556","151.427495652174","151.759517647059","152.334425","152.83072","153.666004761905","153.192954545455","152.897384210526","153.526155","153.659871428571","153.150552631579","153.801585","154.857866666667","155.728835","156.1354","157.899366666667","159.071057894737","159.337457142857","160.353863636364","164.415257894737","171.224877272727","176.849642105263","180.09797","182.127736363636","178.733061111111","178.429757894737","174.801185","176.444685714286","176.588863157895","175.990172727273","177.97049","180.77518","181.45112173913","180.372936842105","181.25391","181.403642857143","181.5628","185.05668","193.085405555556","187.865047058824","185.954523809524","185.848695652174","184.893855","185.031728571429","184.43791","184.7882","187.182204761905","190.491805263158","194.066505555556","196.982536363636","197.423044444444","199.584716666667","199.816061904762","199.97777","200.496527272727","201.985842857143","201.089857894737","201.85816","201.398973913043","201.46467368421","201.7362","255.808061904762","319.440433333333","358.939031578947","360.24280952381","360.87241","360.998277272727","362.382572727273","363.148421052632","363.394","363.1652","362.4228","361.9766","329.4709","321.4244","310.1639","301.2612","319.2903","321.5764","322.7693","324.7303","328.25","326.7423","321.1706","312.5801","305.665","299.4232","299.6923","303.8121","303.7559","300.6683","301.1505","","",""
"IMF.STA:ER(4.0.1)","BDI.XDC_USD.PA_RT.M","OBS_VALUE","Burundi","Domestic currency per US Dollar","Period average","Monthly","Units","1553.52","1554.43","1555.55","1556.35","1558.12","1563.15","1570.22","1575.52","1580.07","1583.82","1598.01","1614.02","1622.5","1629.12","1634.53","1641.0","1645.9","1650.56","1656.82","1663.75","1675.1","1669.99","1680.27","1685.98","1692.02","1698.68","1704.91","1711.53","1717.64","1724.93","1732.44","1740.14","1747.44","1753.93","1759.9","1765.1","1768.18","1771.05","1774.05","1776.28","1777.69","1778.768","1780.37","1783.0286","1787.002","1793.0914","1799.649","1805.3635","1811.945","1818.9047","1824.886","1831.1019","1837.0362","1842.417895","1848.42863636364","1854.387143","1860.402857","1866.688571","1872.6915","1878.584286","1884.779545","1890.428947","1895.9724","1901.902857","1907.1406","1912.316667","1917.98381","1923.548","1929.072273","1934.2065","1939.145238","1944.057273","1948.719","1953.04","1958.306957","1963.385238","1968.3185","1973.448095","1978.55","1983.533182","1988.670909","1993.51","1998.38","2003.54869565217","2008.65761904762","2013.3115","2017.983478","2022.6005","2026.924","2031.348571","2035.9965","2040.95045454545","2046.20363636364","2051.03315789474","2055.76428571429","2060.90590909091","2066.48590909091","2071.28158","2076.279565","2081.40556","2714.8233","2824.8555","2829.65952380952","2835.07","2840.33238095238","2844.95904761905","2849.52761904762","2853.941","2858.58090909091","2863.0855","2867.655714","2872.47571","2877.48523809524","2882.511","2887.47","2892.6819047619","","","",""
"IMF.STA:ER(4.0.1)","YEM.XDC_USD.PA_RT.M","OBS_VALUE","Yemen, Republic of","Domestic currency per US Dollar","Period average","Monthly","Units","215.0","215.0","215.0","225.0","225.0","225.0","225.0","245.0","245.0","245.0","245.0","245.0","251.0","260.0","265.0","271.0","288.0","283.75","285.25","315.75","287.0","292.5","303.75","303.75","313.25","352.5","348.25","358.75","367.5","356.75","364.75","372.5","370.0","391.5","433.75","443.75","441.5","476.25","473.0","490.75","490.0","488.75","499.25","548.25","634.6","739.032258064516","628.766666666667","520.645161290323","549.838709677419","588.928571428571","576.58064516129","517.7","542.032258064516","564.966666666667","579.806451612903","598.193548387097","613.633333333333","598.741935483871","577.833333333333","603.193548387097","646.967741935484","658.172413793103","659.838709677419","671.833333333333","699.0","736.9","757.225806451613","781.645161290323","818.521739130435","824.45","849.6","811.916666666667","784.645161290323","861.982142857143","887.844827586207","869.933333333333","907.72","932.4","979.590909090909","1014.15517241379","1102.7","1271.83333333333","1512.13333333333","1212.35483870968","1096.92307692308","1123.94642857143","1240.75806451613","965.466666666667","992.951612903226","1092.83333333333","1131.75806451613","1146.06451612903","1132.41666666667","1141.35483870968","1147.21666666667","1168.33870967742","1231.35483870968","1234.23214285714","1241.79032258065","1189.18333333333","1273.24193548387","1348.71666666667","1404.88709677419","1411.03225806452","1441.53571428571","1458.46774193548","1509.19642857143","1517.75806451613","1544.43548387097","1634.38888888889","1645.91176470588","1680.081","1710.85483870968","","","","","","",""
"IMF.STA:ER(4.0.1)","SLE.XDC_USD.PA_RT.M","OBS_VALUE","Sierra Leone","Domestic currency per US Dollar","Period average","Monthly","Units","4.93085","4.90698","4.87926","4.85578","4.84541","4.88499","4.89939","5.00281","5.2926","5.3773","5.48489","5.60871","5.6729","5.77845","5.87034","6.02347","6.09336047619048","6.10320795454546","6.10399875","6.21618826086957","6.42900452380952","6.80915357142857","7.14429886363636","7.23919657894737","7.26165880952381","7.25307342105263","7.25101954545455","7.26680264705882","7.29936022727273","7.33315952380952","7.38138190476191","7.450595","7.5025315","7.53376409090909","7.53838","7.54146","7.54001","7.57219725","7.61183394736842","7.64107789473684","7.67094090909091","7.695474","7.87049113636363","8.21297022727273","8.249625","8.29215152173913","8.39302095238095","8.42978815789473","8.4372375","8.52466684210526","8.62399325","8.69792949999999","8.76536045454546","8.82684473684211","8.90678347826087","9.11971404761905","9.35746619047619","9.52577347826087","9.62556299999999","9.71132125","9.72576340909091","9.75095710526316","9.76305","9.71360352941176","9.77195588235294","9.74241159090909","9.76918977272727","9.80346619047619","9.83961","9.94657","10.037620952381","10.0949227272727","10.187757","10.2078065789474","10.21071","10.22451","10.2384686842105","10.25134","10.263919047619","10.3071234090909","10.4772695454545","10.68275275","10.9968418181818","11.224605","11.35249325","11.5407471052632","11.7439725","12.23991","12.8416178571429","13.1203","13.73075","13.98","14.7460068181818","16.6721","17.9585","18.6454","19.1679","19.8049","20.4883727272727","21.6406375","22.4671","20.8803904761905","20.1576428571429","21.3875434782609","22.2243142857143","22.509","22.2079","22.7228","22.6945","","","","","","","","","","",""
"IMF.STA:ER(4.0.1)","LAO.XDC_USD.PA_RT.M","OBS_VALUE","Lao People's Democratic Republic","Domestic currency per US Dollar","Period average","Monthly","Units","8106.28571428571","8099.9","8107.61904761905","8102.52631578947","8088.1","8109.86363636364","8136.04545454545","8180.80952380952","8150.27272727273","8140.04761904762","8156.71428571429","8153.14285714286","8151.05","8129.66666666667","8124.59090909091","8117.41176470588","8111.09523809524","8107.45454545455","8096.2","8091.13043478261","8097.95454545455","8125.15","8159.36363636364","8181.33333333333","8176.34636033527","8195.3","8203.0","8206.11764705882","8200.13636363636","8232.77272727273","8261.0","8280.4347826087","8286.80952380952","8297.61904761905","8299.18181818182","8299.4","8287.31818181818","8280.65","8289.7619047619","8297.16666666667","8333.59090909091","8380.57142857143","8420.13636363636","8470.52173913043","8490.25","8510.0","8526.0","8530.05","8538.90909090909","8554.8","8564.4","8590.31578947369","8615.77272727273","8635.25","8660.60869565217","8699.40909090909","8786.52380952381","8809.68181818182","8839.57142857143","8857.66666666667","8867.72727272727","8881.35","8895.52380952381","8949.27777777778","8974.75","8999.22727272727","9033.60869565217","9072.85714285714","9128.72727272727","9224.38095238095","9254.52380952381","9267.5","9295.2","9324.3","9361.68181818182","9390.78947368421","9408.95","9442.59090909091","9502.36363636364","9565.31818181818","9649.5","10027.25","10496.6818181818","10910.3636363636","11158.65","11285.75","11390.3636363636","11803.5555555556","12868.0952380952","14530.5454545455","14833.5238095238","15032.6086956522","15751.4090909091","16545.55","16614.9545454545","16607.7142857143","16302.3333333333","16206.75","16233.9545454545","16485.8235294118","16862.3181818182","17591.2727272727","17908.5238095238","18197.6086956522","18653.7619047619","19237.6818181818","19328.4545454545","19258.0","19273.5454545455","19448.5238095238","19542.45","19821.1111111111","19939.1363636364","20355.1","20656.96","20637.95","","","",""
"IMF.STA:ER(4.0.1)","ETH.XDC_USD.PA_RT.M","OBS_VALUE","Ethiopia, The Federal Democratic Republic of","Domestic currency per US Dollar","Period average","Monthly","Units","20.139585","20.2126","20.2914","20.3708","20.4453","20.5238","20.6118","20.6978","20.7799","20.8639","20.9498","21.0355","21.1176","21.1976","21.3025","21.4293","21.5641666666667","21.7205","21.8453","21.9216","22.0116","22.1069","22.2168","22.3447","22.4721","22.5828","22.6948","22.8067","22.916065","23.0447227272727","23.1539","23.2486","23.3438","25.8431","27.0978657616778","27.1888","27.2145","27.2259","27.2345","27.2428","27.2484","27.2568","27.3186","27.4302","27.5398","27.66523913","27.8117","27.9642","28.1238","28.2718","28.4133","28.5607","28.705","28.846","28.9732","29.0943","29.2167","29.356","29.8168","31.4594","31.9427","32.1731","32.528","33.1908","33.8599666666667","34.5012181818182","35.1278","35.6843","36.5192","37.1586","37.8053","38.635","39.3287210526316","39.68547","40.6657954545455","41.6436857142857","42.5443611111111","43.3970428571429","44.0097","44.9143136363636","45.8086","46.6841","47.56465","48.5589","49.5090842105263","50.38922","50.8875","51.202","51.4876","51.7926","52.0718761904762","52.3089","52.5297","52.7413","52.9601","53.1947","53.4081190476191","53.6174","53.8283","54.0392","54.241","54.4559","54.682619047619","54.933","55.16195","55.3721841711903","55.6229045454546","55.8488","56.094947826087","","","","","","","","","","",""
"IMF.STA:ER(4.0.1)","SDN.XDC_USD.PA_RT.M","OBS_VALUE","Sudan","Domestic currency per US Dollar","Period average","Monthly","Units","5.97219325","5.97219325","5.97219325","5.97219325","5.97219325","5.97219325","6.014167925","6.09229275","6.09229275","6.09229275","6.09229275","6.09229275","6.09229275","6.09229275","6.09229275","6.09229275","6.09229275","6.0923","6.0923","6.0923","6.2141","6.4969","6.4969","6.5943","6.68336","6.68336","6.68336","6.68336","6.68336","6.68336","6.68336","6.68336","6.68336","6.68336","6.68336","6.68336","10.8352723","17.99998775","17.99998775","17.99998775","17.99998775","17.99998775","17.99998775","17.99998775","17.99998775","42.1117565217391","47.5","47.5","47.5","47.5","47.5","46.7045454545455","45.0","45.0","45.0","45.0","45.0","45.0","45.0","45.0","46.2571428571429","51.695","55.0","55.0","55.0","55.0","55.0","55.0","55.0","55.0","55.0","55.0","55.0","151.25","379.04","381.867","406.5878","434.7006","446.2846","443.0183","439.5587","438.9804","436.9156","436.284","437.3141","441.9446","550.7384","563.3895","563.8893","565.8664","565.5528","568.3662","573.324","575.9012","577.017","577.8027","580.1644","586.2741","","","","","","","","","","","","","","","","","","","","","",""
"IMF.STA:ER(4.0.1)","IRN.XDC_USD.PA_RT.M","OBS_VALUE","Iran, Islamic Republic of","Domestic currency per US Dollar","Period average","Monthly","Units","27371.6666666667","27599.9230769231","27939.2222222222","28256.0","28561.5625","29106.1875","29508.6470588235","29798.3125","29955.625","29954.0","29974.1875","30112.5625","30172.7333333333","30186.0666666667","30225.2","30290.25","30374.9375","30546.9411764706","30893.7692307692","31078.5789473684","31365.4285714286","31649.8571428571","31951.4666666667","32243.0","32367.1538461538","32384.7857142857","32416.7692307692","32425.6","32444.7777777778","32468.6153846154","32638.3571428571","","","","","","","","","","","","","","","","","","42000.0","42000.0","42000.0","42000.0","42000.0","42000.0","42000.0","42000.0","42000.0","42000.0","42000.0","42000.0","42000.0","42000.0","42000.0","42000.0","42000.0","42000.0","42000.0","42000.0","42000.0","42000.0","42000.0","42000.0","42000.0","42000.0","42000.0","42000.0","42000.0","42000.0","42000.0","42000.0","42000.0","42000.0","42000.0","42000.0","42000.0","42000.0","42000.0","42000.0","42000.0","42000.0","42000.0","42000.0","42000.0","42000.0","42000.0","42000.0","42000.0","42000.0","42000.0","42000.0","42000.0","42000.0","42000.0","42000.0","42000.0","42000.0","42000.0","42000.0","42000.0","42000.0","42000.0","42000.0","42000.0","","","","","","",""
"IMF.STA:ER(4.0.1)","NIC.XDC_USD.PA_RT.M","OBS_VALUE","Nicaragua","Domestic currency per US Dollar","Period average","Monthly","Units","26.6553258064516","26.7606392857143","26.8663741935484","26.9761","27.0863","27.197","27.3081","27.4215","27.5335","27.646","27.7589","27.8724","27.9879278088397","28.0982044863585","28.2126837470383","28.3276","28.443","28.5589","28.675268976459","28.7940147219173","28.9113237962858","29.0291134193377","29.147380304239","29.2661316614296","29.3874960413118","29.5036050811727","29.6233179343891","29.7411868968396","29.8626901777403","29.9847","30.1072","30.2322","30.3557","30.4797","30.6042","30.7293","30.8569","30.9788","31.1012","31.2282","31.3558","31.4839","31.6125444438477","31.7438129950506","31.8734948177084","32.003709331593","32.1344528991215","32.2657335191834","32.3997143855476","32.5277246019942","32.6562491893437","32.789658553767","32.92361592096","33.0581175487821","33.1931716660407","33.33101","33.4671695585945","33.6038947981733","33.7136169602052","33.797","33.8818255299991","33.9640146200435","34.0464053015471","34.1303723559872","34.2145476288522","34.2989","34.3835","34.4697","34.5547","34.6399","34.7254","34.7962","34.8547","34.9105","34.9665","35.0244","35.0824","35.1405","35.1987","35.2579","35.3163","35.3748","35.4334","35.4921","35.5518","35.6087","35.6658","35.7249","35.784","35.8432776641072","35.9026383406617","35.963072609387","36.0226311414433","36.0822888484161","36.1420448147759","36.2019002848134","36.2628382958147","36.3067065884964","36.3359165599184","36.3661411341668","36.3963909870126","36.4266658644867","36.4569660626298","36.4877887426772","36.5181396457072","36.5485159329907","36.5789173494973","36.6093441925049","36.6243","36.6243","36.6243","36.6243","36.6243","36.6243","36.6243","36.6243","36.6243","36.6243","36.6243","36.6243"
"IMF.STA:ER(4.0.1)","SYR.XDC_USD.PA_RT.M","OBS_VALUE","Syrian Arab Republic","Domestic currency per US Dollar","Period average","Monthly","Units","184.76","201.82","210.17","216.32","222.01","234.45","238.66","241.59","249.75","253.28","285.12","306.42","334.1","370.11","420.21","454.36","533.4","468.84","468.5","479.52","498.57","498.57","498.56","498.57","498.56","498.56","498.56","498.56","498.56","498.56","498.55","498.56","498.56","498.56","489.24","436.5","436.5","436.5","436.5","436.5","436.5","436.5","436.5","436.5","436.5","436.5","436.5","436.5","436.5","436.5","436.5","436.5","436.5","436.5","436.5","436.5","436.5","436.5","436.5","436.5","436.5","436.5","436.5","436.5","436.5","818.133333333333","1254.70967741935","1256.0","1256.0","1256.0","1256.0","1256.0","1256.0","1256.0","1256.0","1256.0","1256.0","1256.0","1256.0","1256.0","1256.0","1256.0","1256.0","1256.0","2431.43796051613","2512.5","2512.5","2512.5","2512.50271251613","2512.50271251613","2512.50271251613","2512.50271251613","2512.50315172414","2512.503656","2512.503656","2512.503656","","","","","","","","","","","","","","","","","","","","","","","",""
"IMF.STA:ER(4.0.1)","LBR.XDC_USD.PA_RT.M","OBS_VALUE","Liberia","Domestic currency per US Dollar","Period average","Monthly","Units","84.1296296296296","84.5","84.5","84.5","84.5","85.27","86.69","88.2307692307692","87.88","88.06","87.5","88.5","89.5","90.5","90.5","91.42","91.42","92.92","94.6538461538462","96.31","97.5","98.4230769230769","99.58","100.4","103.27","102.17","104.02","106.1","110.08","112.84","113.14","115.12","117.24","119.4","123.6","125.5","126.85","127.05","131.1296","131.15","134.3929","143.345109615385","154.4759","153.55","154.7338","156.692","157.7936","157.504","159.4684","161.04592173913","162.215378873731","166.366534","181.2318","194.3761","200.294","204.3642","208.4613","211.1409","199.7984","188.394","192.062171153846","197.56845","197.8296625","198.1187","198.469972","199.106536067705","199.23","199.25","199.01","193.23","162.79","161.55","168.5549125","172.554330952381","173.47243125","172.50403","171.7288","171.390138461538","171.5334","171.7062","171.385682692308","161.952588461538","144.42760625","142.634288461538","149.815556","153.754230434783","153.561066","152.097314","151.145066","152.284338461538","153.144106","153.613740384615","153.924301923077","153.619646153846","153.91052826087","154.335188461538","155.6949","157.540995652174","161.068304","163.20889375","167.1887","175.13","183.98","186.22","186.39","186.98","187.81","188.26","","","","","","","","","","","",""
"IMF.STA:ER(4.0.1)","VEN.XDC_USD.PA_RT.M","OBS_VALUE","Venezuela, República Bolivariana de","Domestic currency per US Dollar","Period average","Monthly","Units","6.2842","6.2842","6.2842","6.2842","6.2842","6.2842","6.2842","6.2842","6.2842","6.2842","6.2842","6.2842","6.2842","6.2842","8.7447333333","9.975","9.975","9.975","9.975","9.975","9.975","9.975","9.975","9.975","9.975","9.975","9.975","9.975","9.975","9.975","9.975","9.975","9.975","9.975","9.975","9.975","326.8","21023.975","39884.3812421053","56686.6781","73601.25","83790.0","","","","","","","","","","","","","","","","","","","","","","","","","","","","","","","","","","","","","","","","","","","","","","","","","","","","","","","","","","","","","","","","","","","","","","","","","","","","","",""
"IMF.STA:ER(4.0.1)","COD.XDC_USD.PA_RT.M","OBS_VALUE","Congo, Democratic Republic of the","Domestic currency per US Dollar","Period average","Monthly","Units","925.40145","925.28918125","925.5759","925.459995454546","924.7702855","925.606014285714","925.496681818182","925.56699047619","926.2612","927.332131818182","927.749804761905","927.3099","928.254257894737","930.020114285714","936.149747826087","945.327685714286","951.920419047619","963.7452","990.982842857143","1010.47602727273","1033.90922857143","1087.72147619048","1144.79929090909","1200.32679545455","1249.07632631579","1299.02909","1339.9729","1385.238105","1418.17644761905","1461.64829047619","1569.80555714286","1548.26514545455","1561.44263809524","1570.83709545455","1579.06070909091","1590.462875","1600.21526315789","1612.53843363408","1616.55601818182","1618.13386666667","1619.26185238095","1623.90557142857","1625.48690909091","1627.96553181818","1629.79901","1631.35283478261","1632.30583333333","1632.760895","1637.33454736842","1637.040705","1639.29203809524","1639.3963","1640.5689","1644.0533","1647.69801304348","1652.27122380952","1653.7191","1654.0075","1658.7749","1668.965","1679.5374","1682.7156","1701.8219","1717.9637","1803.008","1865.14042380952","1943.3159","1960.6221","1961.1925","1963.1988","1965.4533","1969.49631818182","1976.1097","1980.5649","1980.9517","1985.8369","1989.06541","1989.41345238095","1988.90702272727","1991.91351363636","1993.03159090909","1997.52626666667","1999.64636363636","1999.73083478261","1999.40819473684","2000.342155","1999.9119","2003.4809952381","2004.59822380952","2004.6343","2004.9851","2008.12544545455","2012.4359","2012.58821904762","2013.9883","2015.9999","2032.5028","2035.9819","2036.3231","2082.9857","2316.4699","2411.913","2427.8464","2488.8475","2443.09956190476","2533.62036612792","2616.28055879945","2654.55766550529","2697.8890421947","2737.24483383465","2781.41985942853","2781.74362288193","2791.98543851897","2830.02306049917","2838.79782016018","2836.7384","","","",""
"IMF.STA:ER(4.0.1)","STP.XDC_USD.PA_RT.M","OBS_VALUE","São Tomé and Príncipe, Democratic Republic of","Domestic currency per US Dollar","Period average","Monthly","Units","21.0825230186731","21.5859030837004","22.6056467983023","22.7293812041933","21.9730941704036","21.8496388120931","22.2808293925064","21.9947930693958","21.8340611353712","21.806853572","22.8204172876304","22.5245931782661","22.5598526703499","22.0860001802939","22.0720720720721","21.606843637005","21.6603306515781","21.8185056550004","22.1338874333725","21.8515875847307","21.8515875847307","22.2202067839652","22.6872858598018","23.2381675045053","23.0827209346147","23.0198252372451","22.9293401965372","22.8480835587056","22.155905226985","21.8185056550004","21.283885","20.7592747826087","20.56378","20.8276986363636","20.8912663636364","20.7133747368421","20.107205","19.820605","19.8704818181818","19.91808","20.7143090909091","20.9767238095238","20.9783526315789","21.2094652173913","21.0047789473684","21.3213454545455","21.5579954545455","21.5309684210526","21.4630142857143","21.5865","21.6606047619048","21.7974454545455","21.8993136363636","21.716855","21.8227909090909","22.0102272727273","22.2446263157895","22.1869913043478","22.1540428571429","22.07449","22.0592428571429","22.4720894736842","22.1505636363636","22.5478590909091","22.5011","21.7750909090909","21.4213681818182","20.7214714285714","20.751755","20.8064590909091","20.7206476190476","20.1570619047619","20.1278684210526","20.2458789473684","20.5613260869565","20.5338190476191","20.1778238095238","20.3147318181818","20.7277142857143","20.8084227272727","20.79178","21.1173571428571","21.4440409090909","21.674055","21.63424","21.6013157894737","22.2344818181818","22.5821333333333","23.1762476190476","23.1716714285714","24.0219947368421","24.1653913043478","24.69124","24.9572714285714","24.07735","23.17151","22.73594","22.8734263157895","22.9107695652174","22.36042","22.5184318181818","22.6211636363636","22.16765","22.4457956521739","22.8911842105263","23.1979954545455","22.7010681818182","22.4772526315789","22.4514","22.697545","22.5394285714286","22.8221545454545","22.6728409090909","","","","","","",""
"IMF.STA:ER(4.0.1)","GIN.XDC_USD.PA_RT.M","OBS_VALUE","Guinea","Domestic currency per US Dollar","Period average","Monthly","Units","7208.1728","7241.9821","7290.3322","7303.7227","7414.738","7464.6786","7498.1293","7565.6539","7625.4765","7641.5296","7696.8915","7874.8937","8495.2442","8873.0428","8922.511","8944.9319","8951.4947","8969.8208","8978.7998","9011.2375","9059.7575","9055.9322","9176.1763","9176.176255","9259.56195238095","9292.343675","9279.33526521739","9155.67621052632","9097.79825714286","8975.986265","9019.57813333333","8982.00362272727","8994.26362","8996.61542857143","9002.00870909091","9004.66281578947","9000.27050909091","9001.31297","9002.2992","9000.12125","8998.25265714286","8999.81262105263","9010.41261363636","9004.96111904762","9001.84149473684","9011.50283636364","9043.61618095238","9059.206675","9096.56996363636","9099.924125","9106.02125714286","9119.57516","9128.57097727273","9150.49678421053","9169.82533043479","9167.34749","9201.34290952381","9253.58453636363","9332.33839523809","9380.91343809524","9368.34147727273","9354.37677","9378.55077727273","9398.40729047619","9422.21641666667","9523.5238","9580.60816363637","9603.70010476191","9694.60312272727","9745.64927368421","9774.68683809524","9936.32216666667","10037.424525","10085.526945","10025.9678565217","9913.32065285714","9798.29661111111","","","","","","","","","","","","","","","","","","","","","","","","","","","","","","","","","","","","","","","","","","",""
"IMF.STA:ER(4.0.1)","RUS.XDC_USD.PA_RT.M","OBS_VALUE","Russian Federation","Domestic currency per US Dollar","Period average","Monthly","Units","61.6987575066538","64.6323693746473","60.2342744254407","52.8694","50.5807","54.4998","57.0673","65.1515","66.7662","63.0652","65.026","69.6603","76.2506","77.2174","70.4711","66.6827","65.663","65.306","64.334","64.9231","64.5976","62.6798","64.3612","62.1847","59.9558","58.3921","58.1037","56.43","57.17","57.8184987686503","59.6683839702776","59.6468081739681","57.6938982621206","57.7298540771854","58.9181709698613","58.5864","56.7843","56.8076","57.0331","60.4268","62.2062","62.7115","62.8815","66.0944","67.6467","65.8853","66.2375","67.3027","67.3328","65.8593","65.1429","64.617","64.8152","64.2246","63.1983","65.5278","64.9795","64.3539","63.865","62.9356","61.7808","63.8776","73.148","75.2169","72.611","69.2217","71.2825","73.797","75.6513","77.5887","77.033","74.0504","74.2247","74.3794","74.4093","76.0924","74.042","72.5083","73.9174","73.5929","72.891","71.492","72.5864","73.7164","75.8682","77.3412","103.6808","77.8089","64.6393","57.1764","58.0843","60.3487","59.7916","60.8636","60.8749","65.3414","69.2264","73.0047","76.0825","80.8803","78.9367","83.1468","90.4165","95.2629","96.6494","97.0068","90.5715","90.7596","88.9825","91.6103","91.6941","92.8856","90.8704","88.0459","","","","","",""
"IMF.STA:ER(4.0.1)","GHA.XDC_USD.PA_RT.M","OBS_VALUE","Ghana","Domestic currency per US Dollar","Period average","Monthly","Units","3.2186","3.3623","3.5909","3.8122","3.8932","4.1842","3.5322","3.8588","3.775","3.764","3.7902","3.7941","3.8076","3.8719","3.851","3.8202","3.8125","3.8824","3.9392","3.945","3.9563","3.9665","3.9715","4.0937","4.2355","4.373","4.4842","4.1964","4.2376","4.3322","4.3669","4.3873","4.4037","4.3813","4.396","4.4123","4.4209","4.4195","4.4136","4.4053","4.4139","4.4625","4.6474","4.7083","4.7393","4.7922","4.7911","4.8099","4.8947","5.0162","5.1797","5.0865","5.1083","5.2402","5.256","5.2701","5.3067","5.3235","5.3888","5.5377","5.5274","5.3194","5.3566","5.5153","5.6109","5.6427","5.6724","5.6815","5.6865","5.7029","5.712","5.7209","5.7608","5.7575","5.7275","5.7308","5.7333","5.7524","5.7848","5.8264","5.8592","5.8818","5.907","5.9469","6.014","6.3076","7.0465","7.1123","7.126","7.1908","7.3908","8.0588","8.7472","11.1671","13.073","10.0347","9.9092","10.8636","11.014","10.9453","10.9218","10.9836","11.002","11.01","11.06","11.3354","11.55","11.65","11.9344","12.2301","12.6674","13.081","13.7823","14.32978","14.74673","15.10366","15.55749","","",""
"IMF.STA:ER(4.0.1)","MRT.XDC_USD.PA_RT.M","OBS_VALUE","Mauritania, Islamic Republic of","Domestic currency per US Dollar","Period average","Monthly","Units","31.339","31.251","31.64","31.892","32.131","32.459","32.696","32.763","32.921","33.281","33.511","33.722","34.052","34.306","34.775","35.164","35.345","35.455","35.475","35.552","35.634","35.67","35.691","35.726","35.758","35.806","35.908","36.127","36.146","36.152","35.939","35.782","35.581","35.5","35.3995","35.4345","35.33","35.17","35.26","35.39","35.57","35.63","35.7","35.78","35.69","35.79","36.49","36.33","36.3","36.42","36.42","36.49","36.59","36.67","36.68","36.61","36.7","37.03","37.12","37.26","37.3","37.27","37.22","37.34","37.71","37.55","37.56","37.2","36.94","36.93","36.93","36.32","36.13","35.94","35.92","35.89","35.97","36.12","36.08","36.14","36.13","36.11","36.12","36.21","36.22","36.22","36.3","36.33","36.38","36.33","36.99","37.59","37.74","37.84","37.91","37.37","36.1","34.99","34.38","34.22","34.29","34.42","36.37","37.83","37.93","38.39","39.44","39.51","39.66","39.9","39.78","39.54","39.58","39.27","39.58","39.6","","","",""
"IMF.STA:ER(4.0.1)","AFG.XDC_USD.PA_RT.M","OBS_VALUE","Afghanistan, Islamic Republic of","Domestic currency per US Dollar","Period average","Monthly","Units","58.0","57.3015385","57.51","57.88","58.85","60.06","60.6","62.21","64.01","64.35","65.84","67.11","68.52","68.8","68.62","68.49","68.49","69.11","68.72","67.83","66.86","66.07","66.2011692307692","66.68186","66.8540038461538","66.8933304347826","67.8315923076923","67.5608375","67.82534","68.18878","68.3215260869565","68.5115","68.5299272727273","68.25","68.5228115384615","69.0332","69.778188","68.8938","69.1270652173913","69.6550041666667","70.6885583333333","71.504064","72.9134615384615","72.9134615384615","72.4363","75.7485625","75.5280208333333","75.81248","75.4396807692308","74.920028","74.957864","76.665536","78.39874","79.8571304347826","80.4296148148148","78.7802454545455","78.2507666666667","78.219244","78.244784","78.691756","77.5061692307692","76.8955","76.1284291666667","76.326536","76.2166884615385","77.0330043478261","77.0970518518518","76.95788","76.810428","76.8965923076923","76.8933347826087","77.0008230769231","77.1271807692308","77.232508","77.421476","77.4365041666667","77.4942043478261","","","","","","","","","","","","","","","","","","","","","","","","","","","","","","","","","","","","","","","","","","",""
"IMF.STA:ER(4.0.1)","MWI.XDC_USD.PA_RT.M","OBS_VALUE","Malawi","Domestic currency per US Dollar","Period average","Monthly","Units","461.49","442.94","437.35","439.52","439.63","437.23","469.27","536.62","561.18","552.51","581.05","636.48","705.68","747.82","703.72","688.69","703.88","714.73","721.06","725.7","726.05","725.94","726.65","726.14","729.37","730.76","731.05","730.63","730.03","729.12","729.61","730.16","730.78","731.03","730.49","730.24","730.67","731.49","731.64","731.05","730.67","730.91","730.34","730.91","732.13","735.17","736.58","736.44","735.96","735.83","737.65","742.41","751.093168716514","777.402781414043","768.209816217033","739.083820335839","738.374363623589","738.604026920276","740.196863371067","741.673173930102","742.238500668493","741.589737071464","742.058738858977","741.899000310254","741.978149387764","741.961118653803","743.613835354695","750.232865534939","756.062581161161","759.37054971327","763.702858789929","769.621991081664","776.945768496737","781.520482230911","787.678123894115","793.870398735461","800.917378191844","806.469889613042","815.061658508557","818.84953853822","820.539163385157","822.523","823.0424","823.378","823.3049","823.4402","823.6088","823.8862","856.0976","1029.4188","1033.9286","1035.0487","1034.6967","1034.8257","1035.0292","1035.1828","1034.7062","1034.7271","1034.8674","1035.0516","1034.4331","1043.6058","1061.7807","1093.6438","1125.6525","1179.0583","1556.8145","1698.7914","1697.8239","1698.6726","1714.9547","1749.5578","1749.1484","1749.4355","1749.4894","1750.3344","1750.3322","","",""
"IMF.STA:ER(4.0.1)","SOM.XDC_USD.PA_RT.M","OBS_VALUE","Somalia","Domestic currency per US Dollar","Period average","Monthly","Units","22285.2","22196.4583333333","22211.1111111111","22231.5384615385","22264.6153846154","22211.7307692308","22263.0","22272.5925925926","22269.0384615385","22284.0384615385","22275.2083333333","22286.2962962963","22687.6923076923","22736.38","22751.0","22940.4166666667","23016.6666666667","22993.0769230769","23036.5769230769","23043.3333333333","22990.4","23057.4074074074","23527.6923076923","23960.7692307692","23994.0740740741","21525.8333333333","21197.1153846154","23436.9230769231","23621.6666666667","23245.0","23258.7037037037","23197.4074074074","23202.6","23365.3703703704","23595.3846153846","23535.7692307692","23566.1111111111","23546.6666666667","23306.9230769231","23405.0284900285","23581.0","23581.0","","","","","","","","","","","","","","","","","","","","","","","","","","","","","","","","","","","","","","","","","","","","","","","","","","","","","","","","","","","","","","","","","","","","","","","","","","","","","",""
"IMF.STA:ER(4.0.1)","IRQ.XDC_USD.PA_RT.M","OBS_VALUE","Iraq","Domestic currency per US Dollar","Period average","Monthly","Units","1166.0","1166.0","1166.0","1166.0","1166.0","1166.0","1166.0","1166.0","1166.0","1166.0","1166.0","1182.0","1182.0","1182.0","1182.0","1182.0","1182.0","1182.0","1182.0","1182.0","1182.0","1182.0","1182.0","1182.0","1184.0","1184.0","1184.0","1184.0","1184.0","1184.0","1184.0","1184.0","1184.0","1184.0","1184.0","1184.0","1184.0","1184.0","1184.0","1184.0","1183.0","1182.0","1182.0","1182.0","1182.0","1182.0","1182.0","1182.0","1182.0","1182.0","1182.0","1182.0","1182.0","1182.0","1182.0","1182.0","1182.0","1182.0","1182.0","1182.0","1182.0","1182.0","1182.0","1182.0","1182.0","1182.0","1182.0","1182.0","1182.0","1182.0","1180.0","1304.0","1450.0","1450.0","1450.0","1450.0","1450.0","1450.0","1450.0","1450.0","1450.0","1450.0","1450.0","1450.0","1450.0","1450.0","1450.0","1450.0","1450.0","1450.0","1450.0","1450.0","1450.0","1450.0","1450.0","1450.0","1450.0","1300.0","1300.0","1300.0","1300.0","1300.0","1300.0","1300.0","1300.0","1300.0","1300.0","1300.0","1300.0","1300.0","1300.0","1300.0","1300.0","1300.0","1300.0","1300.0","1300.0","1300.0","1300.0","1300.0"
"IMF.STA:ER(4.0.1)","VUT.XDC_USD.PA_RT.M","OBS_VALUE","Vanuatu","Domestic currency per US Dollar","Period average","Monthly","Units","104.02","106.1","106.84","107.23","105.9","107.47","109.97","110.8","112.65","108.81","111.8","116.28","100.99","111.46","114.41","107.24","109.81","109.65","103.74","107.91","108.03","108.4","109.22","110.84","110.27","108.72","109.44","110.09","110.6","104.24","107.36","106.22","106.31","107.7","104.1","108.8","106.1","107.1","106.3","107.69","109.7","110.06","110.96","111.68","112.3","113.61","112.5","113.98","112.98","112.98","113.3","113.3","113.4","114.9","114.4","116.62","116.2","116.83","116.31","115.57","115.55","117.67","121.75","121.48","119.76","115.68","114.75","112.63","111.6","113.0","111.6","109.09","107.57","107.5","108.02","108.03","107.36","108.36","110.21","111.15","110.84","110.5","110.99","112.9","112.81","113.2","111.637","111.9","115.3","115.4","117.6","116.7","119.7","123.1","120.0","106.9","116.8","116.29","118.37","117.3","123.96","118.1","117.43","120.0","121.1","121.8","120.1","118.1","118.4","119.6","119.3","120.2","119.0","118.7","118.4","118.5","117.3","118.2","120.2","122.2"
"IMF.STA:ER(4.0.1)","KGZ.XDC_USD.PA_RT.M","OBS_VALUE","Kyrgyz Republic","Domestic currency per US Dollar","Period average","Monthly","Units","59.5016193548387","60.7635535714286","62.1993741935484","62.7809233333333","58.8212548387097","60.0040766666667","62.1546677419355","62.7734709677419","67.7942033333333","68.9372419354839","71.9494133333333","75.8655","75.8879967741935","74.7229551724138","72.060070967742","68.9377566666667","68.3172032258064","67.87242","67.3137193548387","68.6011387096774","68.7611333333333","68.2685516129032","68.9575666666667","69.2682774193548","69.3638806451613","69.2597678571429","69.1151387096774","68.06045","67.7966419354839","68.5016866666667","69.1807548387097","68.8919161290323","68.5584733333333","68.5295838709677","69.54833","69.5933903225806","68.9612516129032","68.3400928571429","68.1962903225807","68.6345733333333","68.5609","68.3168733333333","68.2143322580645","68.6858290322581","69.20514","69.2920451612903","69.8324966666666","69.8440193548387","69.8343548387097","69.7572928571429","69.7788193548387","69.7963133333333","69.8494967741935","69.7342333333333","69.6401548387097","69.7974290322581","69.82015","69.8092032258065","69.83762","69.8171225806452","69.7002032258064","69.8496379310345","74.6056483870968","80.8902966666667","76.5470322580645","74.61176","77.3033774193548","77.6522419354839","78.9942566666667","80.4317483870968","84.2007366666667","83.3664129032258","84.0759774193549","84.6280321428572","84.7967935483871","84.79431","84.2743322580645","84.5614766666667","84.6785548387097","84.7175709677419","84.7819766666667","84.7971741935484","84.7911266666667","84.7925387096775","84.7949838709677","85.4593142857143","98.7602612903226","84.09521","81.3814935483871","79.5700566666667","80.8954193548387","81.7639451612903","81.24903","82.100564516129","84.2136566666666","85.110735483871","85.8403483870968","86.9237571428572","87.4197612903226","87.47618","87.4501064516129","87.4692166666667","87.6939967741935","88.0701935483871","88.5277466666667","89.1007064516129","89.1441033333333","89.1573903225807","89.2467612903226","89.4110344827586","89.4690935483871","89.0880399999999","88.2741612903226","87.1781","85.1165258064516","85.1231161290323","84.3675566666666","85.2795516129033","86.3379366666667","86.9118741935484"
"IMF.STA:ER(4.0.1)","BIH.XDC_USD.PA_RT.M","OBS_VALUE","Bosnia and Herzegovina","Domestic currency per US Dollar","Period average","Monthly","Units","1.68301351002496","1.72319823788546","1.80460417051116","1.81448186288153","1.75410762331839","1.74425220725943","1.77867406329574","1.75583984199659","1.74300864450584","1.74083667027448","1.82174925484352","1.79813367656523","1.80094843462247","1.76312088704589","1.76200900900901","1.72486991798219","1.72913977543984","1.74176685368243","1.76694371668624","1.74440777738138","1.74440777738138","1.77383457282786","1.81112140012964","1.8550981694015","1.84268890145091","1.83766795076576","1.83044454843238","1.82395784761727","1.7687013926569","1.74176685368243","1.6990881959","1.65745906451613","1.63977366666667","1.66353064516129","1.66707926666667","1.65207422580645","1.60599435483871","1.58166117857143","1.58682883870968","1.59334106666667","1.65176009677419","1.67517356666667","1.67495196774194","1.694907","1.6773034","1.7023223","1.72095123333333","1.71863029032258","1.71280390322581","1.72272046428571","1.73020658064516","1.74033383333333","1.74810064516129","1.73391223333333","1.74228896774194","1.75838487096774","1.7756872","1.77037861290323","1.76866096666667","1.76155925806452","1.76039229032258","1.79231517241379","1.770131","1.801671","1.795166","1.7377825","1.7127276","1.65379774193548","1.65762376666667","1.66111606451613","1.6531","1.60782280645161","1.60532135483871","1.61702560714286","1.6424724516129","1.6387323","1.61183319354839","1.623108","1.654497","1.661455","1.659285","1.6858035","1.7136298","1.73011064516129","1.72816022580645","1.7238635","1.77605829032258","1.80219813333333","1.85082535483871","1.84873773333333","1.91885480645161","1.9292705483871","1.97180253333333","1.99423248387097","1.91956536666667","1.8483415483871","1.8187495483871","1.82470039285714","1.83125732258065","1.78481086666667","1.79764880645161","1.8050857","1.77163541935484","1.79224338709677","1.82836256666667","1.85200367741935","1.8122284","1.79170751612903","1.79114122580645","1.81090451724138","1.80016638709677","1.82282786666667","1.81052335483871","1.8167388","1.80335716129032","1.77909103225806","1.7608784","1.7918884516129","1.83731283333333","1.86593270967742"
"IMF.STA:ER(4.0.1)","TZA.XDC_USD.PA_RT.M","OBS_VALUE","Tanzania, United Republic of","Domestic currency per US Dollar","Period average","Monthly","Units","1739.2","1759.63","1788.92","1805.61","1946.47","2060.21","2075.32","2107.19","2152.85","2168.7","2148.34","2144.25","2172.38","2177.83","2179.16","2181.77","2181.67","2182.34","2179.97","2177.89","2174.03","2175.49","2172.07","2170.44","2205.95","2225.32","2225.45","2226.07","2228.74","2230.45","2231.3","2232.43","2236.45","2238.03","2234.92","2231.17","2234.74","2242.42","2246.57","2256.87","2264.57","2264.97","2267.69","2273.69","2276.09","2278.5","2279.31","2279.96","2282.37","2285.39","2289.1","2289.54","2288.12","2289.23","2289.08","2289.09","2289.36","2289.36","2289.2","2288.64","2288.55","2289.51","2289.37145589559","2290.7223189161","2291.58905940594","2293.84827407741","2297.63848656294","2297.68729137199","2297.61182268227","2297.63634184471","2297.68871287129","2297.90004243282","2298.40148254299","2298.52107178218","2298.52787128713","2298.51294554455","2298.54097277228","2298.74256075608","2299.13252970297","2299.37034653465","2299.13108235824","2295.23931995831","2293.09113186319","2295.95939975248","2297.90364356436","2298.17479455446","2298.45014205768","2298.70366336634","2299.86040841584","2302.39620162016","2304.4356460396","2304.74361386139","2306.445","2308.198","2308.372","2308.721","2309.125","2309.618","2310.588","2312.489","2316.18","2322.893","2347.115","2428.097","2463.737","2482.578","2490.588","2503.503","2508.102","2526.181","2545.392","2571.241","2587.399","2610.604","2641.853","2678.158","2694.459","2715.008","2647.144","2449.264"
"IMF.STA:ER(4.0.1)","SLB.XDC_USD.PA_RT.M","OBS_VALUE","Solomon Islands","Domestic currency per US Dollar","Period average","Monthly","Units","7.67018216682646","7.78331257783313","7.80390904898727","7.80305099293824","7.74803393638864","7.83699059561129","7.96985944066078","8.02568218298555","8.13699744794171","8.05359300069554","8.09342120476356","8.0512351326624","8.14995925020375","8.04659360870565","7.94100964265457","7.85761992692413","7.98175598631699","7.94051829928535","7.93650793650794","7.84266153984869","7.86191616338491","7.86967813016448","7.93679425664707","8.01282051282051","7.97853049974614","7.88581342165445","7.89970805426756","7.92148923300489","7.95544948289578","7.93021411578113","7.86534528865817","7.80396441392227","7.7882","7.8208","7.89724090030802","7.90192901886353","7.78209068672403","7.76308569428925","7.78083935356124","7.8241999853892","7.92195389380073","7.96659366501962","7.99697823938834","8.02378892628821","8.08017697503599","8.11806139965572","8.10050050353586","8.07178901303217","8.09608383667295","8.076584406701","8.09717508787381","8.09752364671103","8.1474116183941","8.17439420256759","8.15602474715118","8.23972957387343","8.2556938225164","8.26713964529136","8.23755992076333","8.23547106482447","8.20314733641251","8.22910288201316","8.27540018045265","8.31671858559581","8.37056652444913","8.30947447559425","8.26543549832074","8.21215604911106","8.13880770174713","8.10911771831925","8.09037557812366","8.04065238593198","8.02601898156748","8.00580811993947","7.9855610826609","7.98563191851106","7.98180671995551","8.00856316106251","8.04877358993787","8.0680750366304","8.05419534867918","8.04692732507138","8.05332344529018","8.09655116328594","8.08440599439917","8.0958743454365","8.05298107308412","8.02673605751447","8.11574435398774","8.14768567052426","8.2335374469198","8.24497784158755","8.20105943762197","8.1858947963332","8.22983938235758","8.24760797174924","8.26213818422742","8.26041166571867","8.31587837944363","8.32947744211334","8.33649253165517","8.34825824358627","8.36052713805102","8.40036218200171","8.45412428395998","8.47784351471762","8.48176420695504","8.47988354113562","8.46856397531258","8.50412863220276","8.4908041521267","8.53872499109102","8.50773540592856","8.47231920678839","8.45709579972278","8.46641423632573","8.35203997294969","8.34612897211252","8.39869079674552","8.45538107929231"
"IMF.STA:ER(4.0.1)","SSD.XDC_USD.PA_RT.M","OBS_VALUE","South Sudan, Republic of","Domestic currency per US Dollar","Period average","Monthly","Units","2.95","2.95","2.95","2.95","2.95","2.95","2.95","2.95","2.95","2.95","2.95","10.8","18.67","21.6","32.25","31.89","32.32","38.57","45.03","55.09","63.83","69.66","72.64","79.2","87.55","98.18","108.34","112.04","115.5","116.49","117.35","117.64","117.86","121.33","124.63","126.86","130.2","131.79","132.93","135.01","137.23","138.86","141.18","145.84","149.15","149.82","151.3","153.32","154.79","155.01","155.71","156.66","157.63","158.43","158.81","159.07","159.76","159.9","159.95","160.27","160.78","161.37","161.85","162.07","162.75","163.43","163.8974","164.2904","166.6535","170.5219","176.1788","177.0958","177.4294","177.7979","181.3646","197.949","237.434114516129","291.135398333333","360.4988","408.688441935484","407.455903333333","403.600466129032","412.306215","420.5952","434.6617","432.7868","430.2226","427.0836","445.1017","486.9193","557.524740322581","653.036380645161","641.584943333333","613.7922","626.5102","664.9101","691.9106","758.3409","805.2438","862.5647","922.2152","972.3501","994.2324","1007.0016","1008.296","1019.4016","1053.88778666667","1068.53246774194","1084.1824016129","1208.26473448276","1575.91161774194","1557.44790333333","1560.54209354839","1564.59422166667","1581.6739","2543.0427","2955.0389","3049.1545","3438.6842","3838.7093"
"IMF.STA:ER(4.0.1)","RWA.XDC_USD.PA_RT.M","OBS_VALUE","Rwanda","Domestic currency per US Dollar","Period average","Monthly","Units","696.559241","702.343593","706.249124","709.457532","712.744003","716.698284","721.869455","724.969416","728.206843","733.534503","741.567","744.115672","751.030734","758.967423","765.78653","771.28434","776.374241","780.191677","788.52","800.291884","808.895136","811.898021","815.238616","818.539659","820.774615","822.860694","825.011054","826.691716","827.97308","829.107804","831.166772","833.530772","836.291899","839.300548","841.855706","844.087417","846.408207","848.815276","851.420056","853.914069","856.049169","858.516058","861.296447","864.402416","867.671192","871.415017","875.141609","878.07143","880.82925","884.188413","887.33411","889.00683","893.201716","896.364485","900.372071","904.023949","907.976232","911.887874","916.30024","920.720938","924.471539","927.858533","929.977115","931.054127","932.68132","935.291522","940.425072","946.980423","953.366798","960.657881","966.018018","970.55423","973.858368","976.2737","977.994873","980.983297","983.054826","987.139896","988.762998","991.54682","995.439170954545","1000.20116166667","1000.031959","1008.210609","1011.16199","1014.18708","1018.595227","1019.469592","1021.1281","1023.174203","1026.529354","1034.725369","1038.501932","1045.73917890476","1045.986836","1064.500735","1077.489448","1082.883717","1096.718602","1115.514933","1123.751629","1146.842467","1172.255371","1186.31244","1202.356524","1224.099376","1237.143015","1255.816809","1271.093744","1277.952606","1286.892509","1293.190089","1299.518164","1307.277699","1314.444731","1326.60288","1340.07303","1353.931533","1368.01964","1378.543663"
"IMF.STA:ER(4.0.1)","MOZ.XDC_USD.PA_RT.M","OBS_VALUE","Mozambique, Republic of","Domestic currency per US Dollar","Period average","Monthly","Units","33.4331578947368","33.9647368421053","35.25","36.04","36.687","38.4542857142857","38.86","40.4395238095238","43.2","43.792380952381","49.43315","50.2354545454545","46.3165","48.9635","50.4377272727273","52.7585","55.5080952380952","61.0763636363636","66.3080952380952","71.7691304347826","76.8925","78.012","75.9547619047619","72.677619047619","70.7838095238095","70.26","68.7447826086956","65.9155555555556","61.6477272727273","60.44","60.85","61.34","61.35","61.11","60.8","59.77","59.2290909090909","61.524","62.0419047619048","60.5947619047619","59.9981818181818","59.44","58.7772727272727","58.7260869565217","60.4375","60.5552380952381","61.0604545454545","61.53","61.73","62.44","63.09","64.37","63.33","62.11","61.98","60.86","61.73","62.32","63.47","63.15","62.65","64.58","66.06","67.31","68.53","69.73","70.46","71.24","71.91","72.8","73.71","74.6","75.05","75.13","72.59","58.5","59.22","62.53","63.58","63.68","63.81","63.83","63.83","63.83","63.83","63.83","63.83","63.83","63.83","63.85","63.86","63.87","63.87","63.87","63.87","63.87","63.88","63.88","63.88","63.88","63.88","63.88","63.89","63.89","63.89","63.89","63.89","63.9","63.9","63.9","63.9","63.9","63.91","63.91","63.91","63.91","63.91","63.9","63.9","63.91"
"IMF.STA:ER(4.0.1)","ZMB.XDC_USD.PA_RT.M","OBS_VALUE","Zambia","Domestic currency per US Dollar","Period average","Monthly","Units","6.46","6.75","7.33","7.41","7.26","7.33","7.68","8.09","10.24","12.02","12.18","10.83","11.13","11.33","11.34","9.74","10.01","10.7","9.9","10.01","9.98","9.88","9.82","9.85","9.93","9.76","9.6","9.44","9.26","9.25","8.94","9.02","9.39","9.73","10.04","9.85","9.86","9.79","9.59","9.52","10.02","10.11","9.89","10.1","10.95","11.91","11.85","11.91","11.93","11.92","12.04","12.04","13.24","13.05","12.75","13.03","13.14","13.18","13.98","14.38","14.41","14.69","16.52","18.59","18.23","18.19","18.1529925303455","19.51","19.8137823083779","20.1987117180205","20.8346133986928","20.9890117886179","21.2957604901961","21.5833481985294","21.9821419467787","22.2111740625","22.3342787554825","22.5792877840909","22.655140625","18.0682083333333","16.3715795454545","17.0363728070175","17.32082546875","16.7837210144928","17.2634928571429","18.0966994270833","18.0136856961382","17.3938530092593","17.0894864583333","17.0139784564394","16.4237231359649","16.0797391098485","15.8565925662879","16.176875","16.2587827743902","17.5842234126984","18.5193229497355","19.40765703125","20.6295887896825","18.4539105392157","18.5839375","18.7162507102273","18.6600422149123","19.4598451704545","20.7867103174603","21.5509200520833","23.0226046401515","24.7534244791667","26.3430052083333","25.227259755291","25.0106423611111","25.3480584722222","26.4943676767677","25.9809783333333","25.6118497354497","26.09278","26.40277","26.562370521542","27.338070861678","27.5848724489796"
"IMF.STA:ER(4.0.1)","LBN.XDC_USD.PA_RT.M","OBS_VALUE","Lebanon","Domestic currency per US Dollar","Period average","Monthly","Units","1507.5","1507.5","1507.5","1507.5","1507.5","1507.5","1507.5","1507.5","1507.5","1507.5","1507.5","1507.5","1507.5","1507.5","1507.5","1507.5","1507.5","1507.5","1507.5","1507.5","1507.5","1507.5","1507.5","1507.5","1507.5","1507.5","1507.5","1507.5","1507.5","1507.5","1507.5","1507.5","1507.5","1507.5","1507.5","1507.5","1507.5","1507.5","1507.5","1507.5","1507.5","1507.5","1507.5","1507.5","1507.5","1507.5","1507.5","1507.5","1507.5","1507.5","1507.5","1507.5","1507.5","1507.5","1507.5","1507.5","1507.5","1507.5","1507.5","1507.5","1507.5","1507.5","1507.5","1507.5","1507.5","1507.5","1507.5","1507.5","1507.5","1507.5","1507.5","1507.5","1507.5","1507.5","1507.5","1507.5","1507.5","1507.5","1507.5","1507.5","1507.5","1507.5","1507.5","1507.5","1507.5","1507.5","1507.5","1507.5","1507.5","1507.5","1507.5","1507.5","1507.5","1507.5","1507.5","1507.5","1507.5","15000.0","15000.0","15000.0","15000.0","15000.0","15000.0","15000.0","15000.0","15000.0","15000.0","15000.0","89500.0","89500.0","89500.0","89500.0","89500.0","89500.0","89500.0","89500.0","89500.0","89500.0","89500.0","89500.0"
"IMF.STA:ER(4.0.1)","BWA.XDC_USD.PA_RT.M","OBS_VALUE","Botswana","Domestic currency per US Dollar","Period average","Monthly","Units","9.5868","9.6148","9.9092","9.8919","9.8073","9.9352","10.0281","10.1838","10.4497","10.3925","10.7269","11.0217","11.5545","11.2916","11.1513","10.8038","11.0684","10.9861","10.7903","10.5041","10.6223","10.6327","10.6836","10.7252","10.5868","10.4445","10.3529","10.5066","10.3914","10.2078","10.2522","10.2167","10.1465","10.3727","10.5086","10.1823","9.7392","9.5546","9.5476","9.6622","9.9243","10.2269","10.3046","10.57","10.8018","10.7534","10.6379","10.6772","10.5125","10.5057","10.6977","10.6462","10.7519","10.7709","10.623","11.0191","10.9383","10.9585","10.8937","10.7529","10.7434","11.0033","11.5243","12.1767","12.0692","11.7064","11.5618","11.6462","11.5189","11.4523","11.1643","10.9081","10.9801","10.8974","11.0543","10.8758","10.7321","10.7276","11.0225","11.1417","11.0813","11.2555","11.5493","11.7295","11.6065","11.5461","11.5777","11.7009","12.1446","12.1502","12.6357","12.6408","13.09","13.3562","13.0853","12.8917","15.6165","13.0716","13.2338","13.1485","13.4834","13.457","13.229","13.4832","13.6558","13.7462","13.518","13.5136","13.5947","13.7096","13.6675","13.7475","13.5865","13.6312","13.5739","13.4252","13.2548","13.3177","13.5685","13.6805"
"IMF.STA:ER(4.0.1)","PNG.XDC_USD.PA_RT.M","OBS_VALUE","Papua New Guinea","Domestic currency per US Dollar","Period average","Monthly","Units","2.60552","2.63366","2.6546","2.6853","2.7108","2.7315","2.7609","2.7739","2.8337","2.89436","2.9499","2.9868","3.0139","3.0385","3.0675","3.12989045383412","3.16155548529877","3.16455696202532","3.16555872111428","3.16957","3.16957","3.16957","3.17158","3.1746","3.1746","3.1746","3.1797","3.1797","3.1797","3.1797","3.1797","3.1817","3.2","3.2031","3.21027287319422","3.22268772155978","3.23101777059774","3.23572237502022","3.24750637903039","3.2520325203252","3.25986818793849","3.2719836400818","3.29566854990584","3.31225534477567","3.32633053221288","3.35570469798658","3.36646361013145","3.36700336700337","3.36700336700337","3.36700336700337","3.37268128161889","3.37638220646577","3.38061291982068","3.38469760399038","3.3955857385399","3.39640950994663","3.40136054421769","3.40136054421769","3.40136054421769","3.40599455040872","3.40715502555366","3.40715502555366","3.4198663143168","3.4337443421258","3.4471","3.4597","3.4711","3.4777","3.488","3.4965","3.5029","3.50877192982456","3.50877192982456","3.50877192982456","3.50877192982456","3.50877192982456","3.50877192982456","3.50877192982456","3.50877192982456","3.50877192982456","3.50877192982456","3.50877192982456","3.50877192982456","3.50877192982456","3.50877192982456","3.51071692535107","3.52112676056338","3.52112676056338","3.52112676056338","3.52112676056338","3.52112676056338","3.52112676056338","3.52112676056338","3.52112676056338","3.52112676056338","3.52112676056338","3.52112676056338","3.52112676056338","3.52112676056338","3.52112676056338","3.53248348947934","3.55411954765751","3.57420357420357","3.59515435717077","3.59515435717077","3.69507590971162","3.71935756551142","3.72541714868336","3.73552484124019","3.75128950576761","3.76605280006026","3.78755272445554","3.82390104409124","3.84009054529286","3.85623939534166","3.88320789955436","3.90719482017601","3.9327851269217","3.96069481903397","3.98846969669501"
"IMF.STA:ER(4.0.1)","POL.XDC_USD.PA_RT.M","OBS_VALUE","Poland, Republic of","Domestic currency per US Dollar","Period average","Monthly","Units","3.6739","3.6766","3.8138","3.7347","3.652","3.7103","3.7734","3.7685","3.7513","3.7807","3.9571","3.9417","4.0397","3.9565","3.8644","3.7985","3.8991","3.92","3.9707","3.8354","3.8567","3.9075","4.06","4.2049","4.1166","4.0487","4.0184","3.9562","3.807","3.7504","3.6805","3.6127","3.5799","3.6303","3.6031","3.5482","3.4141","3.3701","3.4158","3.4188","3.6183","3.6876","3.7095","3.7175","3.6837","3.7495","3.7866","3.7691","3.7617","3.8023","3.8052","3.8145","3.8393","3.7811","3.7959","3.9067","3.9535","3.8935","3.8745","3.8443","3.8287","3.9201","4.0126","4.1856","4.1569","3.9453","3.8943","3.719","3.7926","3.8605","3.8035","3.6778","3.7304","3.7196","3.8673","3.8212","3.7292","3.7375","3.8592","3.8835","3.8755","3.9607","4.0755","4.0834","4.0239","4.0156","4.3207","4.2899","4.3987","4.3876","4.6831","4.6578","4.7784","4.8939","4.6226","4.4209","4.3571","4.4264","4.3914","4.2333","4.1791","4.1215","4.0273","4.0888","4.2974","4.2758","4.0787","3.9672","4.0011","4.0011","3.9658","4.0106","3.9675","4.0127","3.9462","3.902","3.8501","3.9573","4.0763","4.0787"
"IMF.STA:ER(4.0.1)","GEO.XDC_USD.PA_RT.M","OBS_VALUE","Georgia","Domestic currency per US Dollar","Period average","Monthly","Units","1.9413","2.0873","2.1916","2.2578","2.3227","2.2629","2.2564","2.3199","2.3985","2.3928","2.4017","2.3992","2.436","2.4829","2.3894","2.2652","2.186","2.1877","2.3367","2.3187","2.3113","2.3599","2.4758","2.6511","2.7007","2.6429","2.4689","2.4164","2.428","2.4116","2.3995","2.3971","2.4669","2.4972","2.6728","2.6125","2.5473","2.4643","2.4425","2.4256","2.4543","2.4578","2.4469","2.5344","2.6098","2.6608","2.69703","2.6686","2.6654","2.6531","2.6841","2.6943","2.7465","2.7767","2.8686","2.9263","2.9646","2.9653","2.96734","2.9055","2.8829","2.8516","3.0407","3.1717","3.198","3.0419","3.0628","3.0735","3.1723","3.2177","3.3087","3.2864","3.2973","3.3092","3.3356","3.4367","3.3813","3.1616","3.1288","3.1167","3.1155","3.1399","3.1374","3.0987","3.0803","3.0081","3.2421","3.0663","2.9702","2.9545","2.847","2.7744","2.85","2.7858","2.7282","2.6875","2.6763","2.6468","2.5876","2.5244","2.5343","2.6178","2.5975","2.6223","2.6454","2.6909","2.7061","2.6861","2.6752","2.6558","2.6818","2.6775","2.7164","2.8258","2.7338","2.6995","2.7077","2.7263","2.7353","2.8123"
"IMF.STA:ER(4.0.1)","AUS.XDC_USD.PA_RT.M","OBS_VALUE","Australia","Domestic currency per US Dollar","Period average","Monthly","Units","1.24054087582186","1.28372176614441","1.29347091160302","1.29436129153723","1.26545664907079","1.29496318184226","1.34714054775906","1.37117021090053","1.41660180475087","1.38845061533607","1.3976798514466","1.37952544324752","1.42267747901551","1.40292744192882","1.33619162149758","1.30527696452738","1.36568771688052","1.35189111131594","1.32874389410544","1.31149036624794","1.31669509531077","1.3129","1.32701993545858","1.36106608594514","1.3427898289774","1.3042828227969","1.31172971524059","1.32627753683736","1.34525738283101","1.32313317936875","1.28319503342418","1.26295212313234","1.25435290322966","1.2836146588794","1.31147540983607","1.3080363260374","1.25893997254312","1.26908384836986","1.28771155261221","1.29910088543981","1.32856589975681","1.33440975720415","1.35031456191499","1.36504371242252","1.3883200633074","1.40789187390408","1.3800198221029","1.39154380799625","1.39975737538827","1.39977603583427","1.41226790049564","1.40542939566536","1.43907398717347","1.43907398717347","1.43122051996864","1.47672055524693","1.46884989053571","1.47148332207426","1.4642819788725","1.4541435821373","1.45553345301053","1.49845284743502","1.60533555161519","1.58784347039069","1.53619944257906","1.45094760697284","1.4227830874393","1.38904322702522","1.38162315600409","1.40303991982629","1.37651662635439","1.3297030329893","1.29435728348468","1.28956548091121","1.29687790740292","1.29814495086521","1.28875469474925","1.30802003139248","1.34684257246931","1.36969325393461","1.36573858521898","1.35081285163347","1.36739387158928","1.39848963119831","1.39289039418798","1.39710659224746","1.35710028971141","1.35180804325786","1.41803743618832","1.42240766203594","1.45881960653551","1.43677222588672","1.4953324266397","1.57210457639642","1.51654063294891","1.48105362154637","1.43911810842316","1.44621525467851","1.49540974226938","1.49371759950795","1.50354313207646","1.49073613970327","1.48421432054789","1.5412638363458","1.55651252251384","1.57476772176104","1.54038971859881","1.49640469083491","1.50323194868968","1.531382","99.61658221402276","1.53570907527278","1.51108015951751","1.50427133888066","1.49853729729025","1.50123315580656","1.47738544986387","1.49023220527271","1.53002120172237","1.57657835200265"
"IMF.STA:ER(4.0.1)","SWZ.XDC_USD.PA_RT.M","OBS_VALUE","Eswatini, Kingdom of","Domestic currency per US Dollar","Period average","Monthly","Units","11.5728947368421","11.5825277777778","12.0681795454545","12.0057842105263","11.9683289473684","12.3010523809524","12.4601431818182","12.92008","13.6130625","13.5095380952381","14.1151815789474","14.9903976190476","16.3650305555556","15.76568","15.3868394736842","14.622425","15.3764475","15.08105","14.4095","13.7607928571429","14.01824","13.9733235294118","13.9174675","13.8385342105263","13.5434416666667","13.2642289473684","12.9392976190476","13.5128352941176","13.28518","12.91721","13.1338763157895","13.230925966","13.134511849","13.675625113","14.078181775","13.170302548","12.204081533","11.821965922","11.835566113","12.084051831","12.529381399","13.285487863","13.414464012","14.088971857","14.779737571","14.496304167","14.08659027","14.180515121","13.861493188","13.795615202","14.383067103","14.154361808","14.436972509","14.566472641","14.046561542","15.14229212","14.848515445","14.906528612","14.803564106","14.435680382","14.397168941","15.015308107","16.611185308","18.576000921","18.14256427","17.133174452","16.77137596","17.230803162","16.715839093","16.46133889","15.54866577","14.90583981","15.125458112","14.752134634","14.986684331","14.407872462","14.06020863","13.916722334","14.532940363","14.78898339","14.53232789","14.85870854","15.512558191","15.86953969","15.49117081","15.213382909","14.978603066","14.9538077","15.9010573","15.771253736","16.842700963","16.684519102","17.54980195","18.122606683","17.4796144","17.281723195","17.087532594","17.885632114","18.269278199","18.176431349","19.052699768","18.756025373","18.18409946","18.75380937","18.978429117","19.050812327","18.537949035","18.670231436","18.79190595","18.993496627","18.869099397","18.87372909","18.421600432","18.416952436","18.253471354","18.028412779","17.627046941","17.5600025","17.9309158","18.1772573"
"IMF.STA:ER(4.0.1)","ZAF.XDC_USD.PA_RT.M","OBS_VALUE","South Africa","Domestic currency per US Dollar","Period average","Monthly","Units","11.5728947368421","11.5825277777778","12.0681795454545","12.0057842105263","11.9683289473684","12.3010523809524","12.4601431818182","12.92008","13.6130625","13.5095380952381","14.1151815789474","14.9903976190476","16.3650305555556","15.76568","15.3868394736842","14.622425","15.3764475","15.08105","14.4095","13.7607928571429","14.01824","13.9733235294118","13.9174675","13.8385342105263","13.5434416666667","13.2642289473684","12.9392976190476","13.5128352941176","13.28518","12.91721","13.1338763157895","13.230925966","13.134511849","13.675625113","14.078181775","13.170302548","12.204081533","11.821965922","11.835566113","12.084051831","12.529381399","13.285487863","13.414464012","14.088971857","14.779737571","14.496304167","14.08659027","14.180515121","13.861493188","13.795615202","14.383067103","14.154361808","14.436972509","14.566472641","14.046561542","15.14229212","14.848515445","14.906528612","14.803564106","14.435680382","14.397168941","15.015308107","16.611185308","18.576000921","18.14256427","17.133174452","16.77137596","17.230803162","16.715839093","16.46133889","15.54866577","14.90583981","15.125458112","14.752134634","14.986684331","14.407872462","14.06020863","13.916722334","14.532940363","14.78898339","14.53232789","14.85870854","15.512558191","15.86953969","15.49117081","15.213382909","14.978603066","14.9538077","15.9010573","15.771253736","16.842700963","16.684519102","17.54980195","18.122606683","17.4796144","17.281723195","17.087532594","17.885632114","18.269278199","18.176431349","19.052699768","18.756025373","18.18409946","18.75380937","18.978429117","19.050812327","18.537949035","18.670231436","18.79190595","18.993496627","18.869099397","18.87372909","18.421600432","18.416952436","18.253471354","18.028412779","17.627046941","17.5600025","17.9309158","18.1772573"
"IMF.STA:ER(4.0.1)","LSO.XDC_USD.PA_RT.M","OBS_VALUE","Lesotho, Kingdom of","Domestic currency per US Dollar","Period average","Monthly","Units","11.5728947368421","11.5825277777778","12.0681795454545","12.0057842105263","11.9683289473684","12.3010523809524","12.4601431818182","12.92008","13.6130625","13.5095380952381","14.1151815789474","14.9903976190476","16.3650305555556","15.76568","15.3868394736842","14.622425","15.3764475","15.08105","14.4095","13.7607928571429","14.01824","13.9733235294118","13.9174675","13.8385342105263","13.5434416666667","13.2642289473684","12.9392976190476","13.5128352941176","13.28518","12.91721","13.1338763157895","13.230925966","13.134511849","13.675625113","14.078181775","13.170302548","12.204081533","11.821965922","11.835566113","12.084051831","12.529381399","13.285487863","13.414464012","14.088971857","14.779737571","14.496304167","14.08659027","14.180515121","13.861493188","13.795615202","14.383067103","14.154361808","14.436972509","14.566472641","14.046561542","15.14229212","14.848515445","14.906528612","14.803564106","14.435680382","14.397168941","15.015308107","16.611185308","18.576000921","18.14256427","17.133174452","16.77137596","17.230803162","16.715839093","16.46133889","15.54866577","14.90583981","15.125458112","14.752134634","14.986684331","14.407872462","14.06020863","13.916722334","14.532940363","14.78898339","14.53232789","14.85870854","15.512558191","15.86953969","15.49117081","15.213382909","14.978603066","14.9538077","15.9010573","15.771253736","16.842700963","16.684519102","17.54980195","18.122606683","17.4796144","17.281723195","17.087532594","17.885632114","18.269278199","18.176431349","19.052699768","18.756025373","18.18409946","18.75380937","18.978429117","19.050812327","18.537949035","18.670231436","18.79190595","18.993496627","18.869099397","18.87372909","18.421600432","18.416952436","18.253471354","18.028412779","17.627046941","17.5600025","17.9309158","18.1772573"
"IMF.STA:ER(4.0.1)","NGA.XDC_USD.PA_RT.M","OBS_VALUE","Nigeria","Domestic currency per US Dollar","Period average","Monthly","Units","169.68","169.68","197.0727","197.0","197.0","196.9159","196.9714","197.0","196.9975","196.9886","196.9914","196.9865","197.0","197.0","197.0","197.0","197.0","231.7614","294.5722","309.7304","305.23","305.21","305.18","305.22","305.202380952381","305.3125","306.402173913043","306.052777777778","305.538095238095","305.715","305.861904761905","305.667391304348","305.886842105263","305.623809523809","305.904545454545","306.313888888889","305.777272727273","305.895","305.742857142857","305.61","305.82619047619","305.871052631579","305.814285714286","306.057142857143","306.2725","306.505","306.711904761905","306.921052631579","306.845454545455","306.768181818182","306.923809523809","306.9625","306.95","306.947058823529","306.936956521739","306.9325","306.919047619048","306.963636363636","306.952272727273","306.95","306.959090909091","306.955","326.625","361.0","361.0","361.0","377.190476190476","381.0","381.0","381.0","381.0","381.0","381.0","381.0","381.0","381.0","410.0","410.15","410.1","411.0","411.0","411.5","411.738636363636","414.335714285714","415.96","416.95","415.721739130435","415.526315789474","415.95","415.614285714286","417.26052631579","426.060869565217","435.570454545455","440.846842105263","445.581363636364","450.7075","460.992857142857","460.835","460.97347826087","460.95625","462.009523809524","610.707222222222","770.316571428571","762.120086956522","762.01855","796.937571428571","835.396545454545","899.065157894737","944.083604545454","1505.30276190476","1511.34305","1237.05772222222","1436.06768181818","1482.26623529412","1560.22465217391","1587.39436363636","1618.21775","1641.11886363636","1670.77642857143","1553.729255"
"IMF.STA:ER(4.0.1)","HKG.XDC_USD.PA_RT.M","OBS_VALUE","Hong Kong Special Administrative Region, People's Republic of China","Domestic currency per US Dollar","Period average","Monthly","Units","7.753","7.754","7.757","7.75","7.752","7.752","7.751","7.752","7.75","7.75","7.75","7.75","7.778","7.781","7.761","7.756","7.763","7.762","7.757","7.757","7.757","7.758","7.757","7.76","7.757","7.76","7.767","7.775","7.788","7.799","7.809","7.822","7.815","7.806","7.806","7.815","7.821","7.823","7.841","7.849","7.85","7.848","7.849","7.85","7.84","7.839","7.831","7.821","7.843","7.849","7.85","7.845","7.849","7.826","7.811","7.841","7.837","7.843","7.83","7.807","7.774","7.776","7.765","7.752","7.753","7.752","7.753","7.752","7.751","7.752","7.754","7.753","7.754","7.754","7.766","7.77","7.766","7.762","7.771","7.785","7.781","7.78","7.791","7.799","7.793","7.801","7.824","7.843","7.85","7.849","7.85","7.847","7.85","7.851","7.831","7.788","7.82","7.848","7.85","7.851","7.837","7.833","7.818","7.826","7.829","7.826","7.807","7.81","7.818","7.823","7.824","7.832","7.812","7.811","7.81","7.797","7.792","7.771","7.781","7.775"
"IMF.STA:ER(4.0.1)","PHL.XDC_USD.PA_RT.M","OBS_VALUE","Philippines","Domestic currency per US Dollar","Period average","Monthly","Units","44.6044117647059","44.2213684210526","44.4457272727273","44.4135789473684","44.6106","44.9831428571429","45.2649090909091","46.142","46.7504285714286","46.3609090909091","47.0066875","47.2303157894737","47.5111","47.6361052631579","46.7239523809524","46.2845238095238","46.8022857142857","46.4644545454546","47.0581","46.6808636363636","47.429380952381","48.3482","49.155","49.8156","49.7362857142857","49.9614","50.2751739130435","49.8626470588235","49.8603181818182","49.8501","50.6381904761905","50.8747142857143","51.0094210526316","51.3433","51.03835","50.3947368421053","50.5086666666667","51.7856315789474","52.0676","52.0986","52.1948095238095","53.0476315789474","53.4329090909091","53.2735238095238","53.9419","54.0085652173913","52.8082631578947","52.7690588235294","52.4679090909091","52.1900555555556","52.4134286","52.1122222222222","52.262","51.8029444444444","51.1428695652174","52.0547368421053","52.1051904761905","51.5041739130435","50.72675","50.7671111111111","50.8385714285714","50.7447894736842","50.9035714285714","50.7349","50.5555789473684","50.0972380952381","49.4675454545455","48.8433157894737","48.5056818181818","48.4821818181818","48.2520555555556","48.0637222222222","48.0614","48.2041666666667","48.5743043478261","48.462","47.95515","48.1247272727273","49.9429523809524","50.2343333333333","50.1421363636364","50.7491428571429","50.35705","50.2478095238095","51.2352857142857","51.2806666666667","52.0739565217391","51.976","52.36175","53.5685454545455","55.8925238095238","55.7500952380952","57.4337619047619","58.8247","57.65225","55.6838947368421","54.9912857142857","54.7830526315789","54.7955652173913","55.3155","55.7278636363636","55.89455","54.92105","56.1598571428571","56.7869","56.7888571428571","55.8122105263158","55.5876666666667","55.9722727272727","56.0649","55.8492631578947","56.95055","57.7618636363636","58.6962777777778","58.4844782608696","57.19345","56.0712857142857","57.3008695652174","58.69465","58.448"
"IMF.STA:ER(4.0.1)","URY.XDC_USD.PA_RT.M","OBS_VALUE","Uruguay","Domestic currency per US Dollar","Period average","Monthly","Units","24.4704","24.5739","25.2864","26.3511","26.6654","26.8485","27.7348","28.5058","28.8432","29.3387","29.5303","29.7799","30.8176","31.7522","32.1631","31.539","31.4117","30.7775","30.0964","28.8914","28.7825","28.151","28.7317","28.8371","28.6109","28.4618","28.416","28.4033","28.1311","28.3784","28.6414","28.6741","28.911","29.3778","29.231","28.88","28.5725","28.5197","28.3915","28.3167","30.5624","31.3655","31.1456","31.3259","32.8664","32.886","32.5372","32.2137","32.5984","32.6098","33.3126","34.1364","35.1626","35.2503","34.8235","35.9541","36.6915","37.3013","37.6389","37.5851","37.3551","38.0442","43.343","43.3907","43.4302","42.5763","43.0497","42.6675","42.4908","42.6875","42.7285","42.396","42.288","42.7299","44.264","44.09","43.985","43.604","43.833","43.222","42.695","43.616","43.987","44.341","44.515","43.179","42.243","41.149","40.758","39.775","41.09","40.459","40.944","41.062","39.747","39.132","39.417","39.028","39.112","38.782","38.861","38.2","37.888","37.851","38.146","39.745","39.554","39.303","39.139","39.109","38.4207","38.479","38.516","39.268","40.162","40.334","41.101","41.545","42.471","44.00875"
"IMF.STA:ER(4.0.1)","SUR.XDC_USD.PA_RT.M","OBS_VALUE","Suriname","Domestic currency per US Dollar","Period average","Monthly","Units","3.3","3.3","3.3","3.3","3.3","3.3","3.3","3.3","3.3","3.3","4.0","4.0","4.0","4.0","4.2222","5.52047","6.13257000000001","6.96811363636365","7.12576315789475","7.26002200000001","7.67916999999999","7.19755","7.25258549999998","7.38511904761903","7.4676795","7.536225","7.54550000000002","7.54827","7.53701999999999","7.51653999999999","7.47545","7.438909","7.438","7.4455","7.448","7.45484","7.461182","7.468","7.468","7.468","7.468","7.468","7.45895238095238","7.458","7.458","7.458","7.458","7.458","7.458","7.458","7.458","7.458","7.458","7.458","7.458","7.458","7.458","7.458","7.458","7.458","7.458","7.458","7.458","7.458","7.458","7.458","7.458","7.458","9.58854545454545","14.154","14.154","14.154","14.154","14.154","14.154","14.154","14.154","19.5596945","21.1726","21.354","21.4127275","21.4909045","21.55695","21.5471235","21.481048","21.4709455","21.4820875","21.549658","21.9257855","22.465341","23.33605","25.079","26.95698","28.3851315789474","30.57986","31.79821","32.16668","33.0645","34.96413","37.08429","37.32964","37.9608","38.2253","38.45061","38.42795","38.22003","38.02482","37.39168","36.67527","36.01357","35.22789","34.4974","32.47775","31.42625","29.56645","28.87521","29.85217","32.86833","35.4235","35.26283"
"IMF.STA:ER(4.0.1)","PER.XDC_USD.PA_RT.M","OBS_VALUE","Peru","Domestic currency per US Dollar","Period average","Monthly","Units","3.005525","3.0785","3.0917","3.1199525","3.15045","3.16123809523809","3.18125","3.23835714285714","3.21861363636364","3.248375","3.33664285714286","3.38266666666667","3.437325","3.50590476190476","3.40738095238095","3.30154761904762","3.33372727272727","3.31657142857143","3.29873684210526","3.33304545454545","3.38229545454546","3.38595238095238","3.40289473684211","3.39535714285714","3.34","3.259825","3.26373913043478","3.24736111111111","3.27286363636364","3.2678","3.24892105263158","3.24143181818182","3.24616666666667","3.25104545454545","3.24052380952381","3.24618421052632","3.21516666666667","3.248375","3.2519","3.230625","3.27361363636364","3.27095","3.27659523809524","3.28807142857143","3.311325","3.33390909090909","3.374675","3.36402631578947","3.34386363636364","3.321475","3.30469047619048","3.303825","3.33236363636364","3.32565","3.29021428571428","3.37938","3.35819523809524","3.36007619047619","3.372715","3.3547380952381","3.32736363636364","3.39035","3.49136363636364","3.3975","3.42115","3.47016666666667","3.51656818181818","3.56392857142857","3.55490909090909","3.59561363636364","3.6077619047619","3.60261904761905","3.624575","3.645275","3.70815217391304","3.69945","3.77354761904762","3.91030952380952","3.94005","4.08619047619048","4.10747727272727","4.01505","4.01959523809524","4.03697727272727","3.88928571428572","3.7908","3.73878260869565","3.73973684210526","3.75754545454545","3.74714285714286","3.90218421052632","3.87379545454545","3.89770454545455","3.97871428571429","3.87730952380952","3.829175","3.83278571428571","3.840875","3.77960869565217","3.76561111111111","3.68870454545455","3.65104761904762","3.6013","3.69634090909091","3.72966666666667","3.84440909090909","3.76188095238095","3.73368421052632","3.74","3.83","3.71","3.71","3.73","3.78","3.76","3.74","3.77","3.75","3.78","3.73"
"IMF.STA:ER(4.0.1)","ARG.XDC_USD.PA_RT.M","OBS_VALUE","Argentina","Domestic currency per US Dollar","Period average","Monthly","Units","8.55595","8.638611111","8.7375","8.819","8.90263157894737","9.04045454545454","9.09659090909091","9.19825","9.32159090909091","9.44547619047619","9.58342105263158","11.45875","13.592","14.7789473684211","14.9476190476191","14.3904761904762","14.1238095238095","14.1825","14.8775","14.8386363636364","15.1136363636364","15.18","15.3404761904762","15.7325","15.9090909090909","15.5944444444444","15.5159090909091","15.3527777777778","15.732380952381","16.1166666666667","17.1971428571429","17.4188636363636","17.2452380952381","17.4690476190476","17.4825","17.7184210526316","18.9818","19.8333","20.695","20.2368","23.6783","26.5658","27.5296","30.1107","38.4326","36.9568","36.3845","37.7347","37.2884","38.3045","41.4158","43.1629","44.7773","43.6307","42.48","52.4914","56.3633","58.4403","59.6453","59.7748","59.9103","61.2561","63.0241","65.6639","67.6284","69.4424","71.3795","73.198","75.1036","77.4843","79.8411","82.5383","85.8755","88.5522","90.9659","92.764","94.0042","95.1543","96.1348","97.111","98.1791","99.1495","100.2124","101.786","103.8881","106.2047","109.3552","113.2374","117.6745","122.6425","128.3519","135.202","143.5305","152.4895","162.0233","172.799","182.1445","191.79","202.9509","216.3661","231.0075","248.575","266.2262","321.7545","349.5048","349.52","353.3175","641.9395","816.8136","833.3842","848.6842","866.8571","885.2045","902.3235","922.1364","941.2955","960.3095","979.9091","1000.2105","1019.2105"
"IMF.STA:ER(4.0.1)","JAM.XDC_USD.PA_RT.M","OBS_VALUE","Jamaica","Domestic currency per US Dollar","Period average","Monthly","Units","115.003661904761","115.469784210526","115.086725","114.9023675","115.734285","116.179477272727","116.980565217391","117.2045675","118.332720454545","119.236552380952","119.576742857142","119.929870454545","120.529934999999","121.369094736842","121.630019047619","122.062595238095","124.221992857142","125.64171590909","126.056876190476","126.689261363636","127.508772727272","128.455755263157","128.708061904761","128.266334999999","128.167534999999","127.68351","128.034411363636","128.467908333333","129.648799999999","128.966745454545","127.855357142857","127.964783333333","129.785952380952","127.7729023809524","126.1958931818182","125.0307315789474","124.2474159090909","125.9318552631579","127.2060380952381","124.677205","125.6307090909091","129.9182119047619","131.4314181818182","136.0464333333333","135.8777475","131.2314818181818","126.4784363636364","127.7812763157895","130.7035795454546","133.172655","125.3525725","130.712935","134.7453272727272","130.157225","134.928297826087","135.1656875","136.0469952380952","136.5494363636364","138.7988238095238","133.411885","136.5472659090909","140.0371789473684","135.3175295454545","138.8198625","145.0079225","140.5898045454545","144.305147826087","149.28723","143.3678404761905","145.0798857142857","147.1102523809524","143.3640727272727","144.628285","149.8584684210526","146.9953913043478","150.881325","150.440365","149.6877636363637","153.3127181818182","153.61474","149.0425068181818","151.2561625","155.4678090909091","154.2957363636364","155.1229333333333","156.31409","153.3533159090909","154.3933868421053","154.6603785714286","152.3337159090909","151.8010071428572","151.5810068181818","151.7330795454545","152.9227175","153.8294136363636","153.0767525","153.1159595238095","154.125352631579","151.9082934782609","152.5502611111111","154.1608545454546","154.43705","154.4687476190476","154.6157","154.5919476190476","155.1117928571429","155.6626863636363","155.156702631579","155.1652840909091","156.338505","154.55564","155.3369785714286","156.1710818181818","155.69167","156.476425","157.277947368421","157.7465071428571","158.2228272727273","158.1342976190476","156.1573175"
"IMF.STA:ER(4.0.1)","TJK.XDC_USD.PA_RT.M","OBS_VALUE","Tajikistan, Republic of","Domestic currency per US Dollar","Period average","Monthly","Units","5.3432","5.4077","5.5983","6.0699","6.2796","6.2605","6.2602","6.286","6.3887","6.5516","6.6559","6.8558","7.4567","7.8586","7.8696","7.8697","7.8692","7.8687","7.8682","7.8684","7.8711","7.8743","7.8766","7.877","7.8848","7.93","8.0968","8.4368","8.5822","8.8174","8.8098","8.8077","8.8035","8.7966","8.8102","8.8211","8.8215","8.8222","8.8234","8.8499","8.9691","9.086","9.3318","9.4213","9.421","9.422","9.4228","9.4236","9.4354","9.4369","9.4386","9.439","9.4397","9.4396","9.4397","9.5355","9.6886","9.6914","9.6939","9.6861","9.6936","9.6931","9.8926","10.2366","10.2626","10.2961","10.3097","10.3153","10.325","10.3347","11.204","11.3","11.3","11.3027","11.3083","11.3194","11.32","11.3199","11.3223","11.3248","11.3188","11.2829","11.2902","11.2969","11.3","11.3","12.5426","12.5172","12.1856","10.9828","10.4052","10.2563","10.2376","10.2276","10.2115","10.2065","10.245","10.5332","10.9135","10.9141","10.9139","10.9133","10.9196","10.9493","10.9609","10.9611","10.9531","10.9573","10.9556","10.9568","10.9563","10.9365","10.8684","10.7165","10.6587","10.6342","10.6592","10.6558","10.6747","10.9212"
"IMF.STA:ER(4.0.1)","MDA.XDC_USD.PA_RT.M","OBS_VALUE","Moldova, Republic of","Domestic currency per US Dollar","Period average","Monthly","Units","16.6119451612903","18.8348535714286","18.6307516129032","18.01341","17.9505258064516","18.4348333333333","18.9688129032258","18.993","19.6472633333333","19.9133064516129","19.9934866666667","19.8295129032258","20.3132870967742","20.0931034482759","19.8159580645161","19.7065966666667","19.8603290322581","19.8179033333333","19.8135967741935","19.7701419354839","19.7849866666667","19.8855838709677","20.06666","20.1577838709677","20.1344967741935","19.9857571428571","19.7494451612903","19.3526566666667","18.6676935483871","18.2400533333333","18.1425483870968","17.9143677419355","17.6982866666667","17.4321580645161","17.48771","17.1832451612903","16.9615322580645","16.6794535714286","16.5941806451613","16.43705","16.6685387096774","16.86211","16.6972419354839","16.6081774193548","16.77543","17.0017580645161","17.11279","17.2263580645161","17.1468322580645","17.115625","17.1859225806452","17.6777366666667","17.9549451612903","18.1713866666667","17.7628451612903","17.7394806451613","17.7585933333333","17.5511967741936","17.4720266666667","17.345035483871","17.4185032258065","17.6338172413793","17.7208612903226","18.1541","17.8046225806452","17.3264666666667","17.0817774193548","16.6511161290323","16.6735266666667","16.9835548387097","17.15697","17.2567064516129","17.2915967741936","17.4505071428571","17.7311096774194","17.95998","17.7429774193548","17.78081","18.0233096774194","17.7357225806452","17.6484266666667","17.4597806451613","17.6035666666667","17.7378064516129","17.9367290322581","17.9595428571429","18.3738903225806","18.4274233333333","18.9243967741935","19.12331","19.257435483871","19.2995774193548","19.4072","19.4244935483871","19.2598766666667","19.3724","19.0481677419355","18.7924321428571","18.6902322580645","18.1046333333333","17.8234774193548","17.9301333333333","18.0063258064516","17.7640419354839","18.00092","18.180735483871","17.9332633333333","17.6928903225806","17.6808967741935","17.8434","17.7064193548387","17.79193","17.7339612903226","17.79159","17.7930064516129","17.5747193548387","17.44705","17.7179225806452","18.06509","18.3569064516129"
"IMF.STA:ER(4.0.1)","WSM.XDC_USD.PA_RT.M","OBS_VALUE","Samoa","Domestic currency per US Dollar","Period average","Monthly","Units","2.45037980887038","2.49003984063745","2.4931438544004","2.48015873015873","2.49003984063745","2.54517688979384","2.60824204486176","2.62881177707676","2.67236771779797","2.62054507337526","2.64061262212833","2.61096605744125","2.65111346765642","2.62950302392848","2.59067357512953","2.56147540983607","2.59403372243839","2.55623721881391","2.53758342305504","2.52016129032258","2.51256281407035","2.52908447142135","2.53678335870117","2.55994429561213","2.5437856741829","2.51822604541815","2.54512619399616","2.55623721881391","2.5445","2.5233","2.4938","2.48873001238709","2.4931","2.51804599630687","2.69256918219943","2.73510507361991","2.74006725619629","2.4913518947354","2.50663063484599","2.51332059917563","2.55950857435372","2.56410256410256","2.58880787750703","2.60688216892596","2.62743037309511","2.64227446986366","2.60620276","2.60078023407","2.61096605744","2.60281103591","2.60756192959","2.62054507337","2.65322366","2.64830508474","2.63435194942","2.68240343347","2.693239968","2.696144513","2.68384326355341","2.6525198938992","2.65392781316348","2.69541779","2.7777777","2.7816411702","2.7487631","2.6737977","2.6462027","2.6315789","2.61711593","2.63227165","2.568713075","2.552322614","2.52652854977261","2.52079657171666","2.55819902788437","2.53292806484296","2.521432173","2.54000508","2.57003341043434","2.57665550115949","2.5693730729702","2.5654181631606","2.5759917","2.61574679","2.61453991787269","2.62953759581378","2.59201658890617","2.60113628585119","2.67389892662057","2.68062292570845","2.71661794002742","2.700678852457","2.76402743925422","2.82933454051607","2.75934728894129","2.70621346611821","2.67571056838782","2.69654437837911","2.72877193398745","2.72578593494458","2.72959626789747","2.73334287834021","2.72059490341888","2.76907198328487","2.7864208424279","2.79552715654952","2.77221235146612","2.72769036407488","2.73654856070577","2.74574409665019","2.75273553093387","2.77451148779876","2.75178866263071","2.7394100175899","2.74965031620979","2.746354541","2.71830584824087","2.73989663117255","2.77777777777778","2.81472099078179"
"IMF.STA:ER(4.0.1)","ISL.XDC_USD.PA_RT.M","OBS_VALUE","Iceland","Domestic currency per US Dollar","Period average","Monthly","Units","131.735789473684","132.082777777778","136.824090909091","136.15","132.516666666667","132.28380952381","134.080454545455","131.786","128.086666666667","126.470952380952","130.951578947368","130.055714285714","130.271052631579","128.297894736842","126.972","123.8265","123.572631578947","123.329047619048","121.983","117.849545454545","114.774285714286","114.1395","112.1955","112.527619047619","114.356666666667","111.515555555556","109.479545454545","110.4375","103.132","101.41","104.812105263158","106.058181818182","106.293333333333","105.516818181818","104.27","104.793157894737","102.802727272727","100.8915","99.629","99.5868421052632","103.977","106.852380952381","106.481363636364","107.629090909091","110.537","116.918695652174","122.978181818182","121.318333333333","119.684545454545","119.9275","119.952857142857","120.313888888889","123.038571428571","124.677777777778","124.681304347826","123.763333333333","125.02380952381","124.591304347826","123.604285714286","122.022105263158","123.496363636364","126.717","134.708181818182","144.445","143.881052631579","135.6385","138.26347826087","136.6725","137.966818181818","138.995454545455","136.813333333333","127.462857142857","128.577","128.3465","127.32347826087","125.846111111111","123.128947368421","121.851904761905","124.430454545455","126.225714285714","128.261363636364","129.006666666667","130.691818181818","130.176363636364","129.11619047619","125.211","130.134347826087","129.36","130.992857142857","131.168","136.62380952381","138.491363636364","141.742727272727","144.014761904762","144.130909090909","142.372857142857","143.068636363636","142.9065","140.028260869565","136.343125","138.3525","137.799545454545","132.764761904762","131.878181818182","135.23619047619","138.706363636364","140.121363636364","138.11","137.042272727273","137.755714285714","136.993684210526","140.172","138.686","138.78","137.811304347826","137.91619047619","137.045238095238","136.727391304348","138.028095238095","138.538421052632"
"IMF.STA:ER(4.0.1)","PAK.XDC_USD.PA_RT.M","OBS_VALUE","Pakistan","Domestic currency per US Dollar","Period average","Monthly","Units","100.8412","101.524821052632","101.871419047619","101.776247727273","101.8819","101.836133333333","101.7879","102.4536","104.3583","104.6036","105.5048","104.791338095238","104.935485","104.72031","104.740140909091","104.760361904762","104.7728","104.685604761905","104.8549375","104.737495652174","104.645057894737","104.724613157895","104.81305","104.839547619048","104.8541","104.834357894737","104.8548","104.854985","104.851480952381","104.879868421053","105.5822425","105.398","105.411905263158","105.427218181818","105.45165","109.061336842105","110.550781818182","110.560092105263","112.451228571429","115.5995","115.614933333333","119.420523684211","124.8660725","124.079452631579","124.247288888889","131.88076","133.90594047619","138.7122525","138.797143181818","138.660776315789","139.328378571429","141.290629545455","146.14765","155.86893859375","159.236772727273","158.2948","156.2925","156.05745","155.46155952381","154.998447619048","154.724422727273","154.334155263158","158.960978571429","164.716428571429","160.3070625","165.537786363636","166.98389047619","167.9571275","166.031745454545","162.869942857143","159.35797275","160.280243181818","160.35531395","159.249688736842","156.141988636364","153.314178571429","153.539859375","156.450890909091","160.031919444444","164.4306325","168.377175","171.951135","173.476245454545","177.556017391304","176.533645","175.681995","179.900809090909","184.84567826087","196.081116666667","204.8096","220.417682352941","220.88385952381","230.944481818182","220.689366666667","222.598385714286","225.019629545455","235.043030952381","267.0703075","280.874219047619","285.299885294118","285.794229545455","286.804360526316","281.50967368421","294.293502272727","297.69204","280.604218181818","285.866892857143","283.42098","280.515095454545","279.441665789474","278.7442845","278.223205789474","278.336654761905","278.517358823529","278.48314575","278.61024047619","278.2630025","277.73237826087","277.882233333333","278.219328571429"
"IMF.STA:ER(4.0.1)","NPL.XDC_USD.PA_RT.M","OBS_VALUE","Nepal","Domestic currency per US Dollar","Period average","Monthly","Units","101.057","98.83","99.55366666666667","99.96700000000001","101.2451612903226","102.08375","101.7525806451613","102.42375","105.8909677419355","104.8266666666667","104.729","106.5020689655172","106.362","108.4858620689655","108.82","106.5406666666666","106.4274193548387","107.351875","107.861935483871","107.1859375","107.0274193548387","106.7356666666667","106.9156666666667","108.8913333333333","108.7448275862069","108.5010344827586","106.942","104.2087096774193","102.9970967741936","103.1212903225806","103.2790322580645","102.59","102.4535483870968","103.9870967741936","103.9341935483871","103.3837931034483","102.1316666666667","102.2355172413793","103.6476666666667","104.0966666666667","106.3803225806452","108.1877419354839","109.4478125","110.1306451612903","113.5225806451613","116.9303225806452","116.9306666666667","113.52","112.42","113.9937931034483","113.22","110.48","111.42","111.52","110.47","111.56","114.51","113.64","113.78","114.3","114.07","113.98","115.81","120.59","121.61","121.0825806451613","120.8","119.84","118.19","117.49","118.396","118.2836666666667","117.4524137931035","116.7886666666667","116.6027586206897","117.03","118.8261290322581","116.687741935484","118.8364516129032","119.0215625","117.9206451612903","118.9203225806452","119.5536666666667","119.9686206896552","119.7953333333333","119.4824137931034","120.9983333333333","121.594","122.555161290323","124.2032258064516","126.07","127.3493548387097","127.5309677419355","130.2609677419355","131.5716666666667","130.9820689655172","132.169","130.8344827586207","131.9496666666666","131.7006666666666","131.1006451612903","132.0296875","131.4612903225806","131.873125","132.6512903225806","133.0776666666667","133.2023333333333","133.3356666666667","133.0420689655172","132.8775862068966","132.6643333333333","133.184","133.511935483871","133.3921875","133.6070967741936","134.0534375","134.2774193548387","134.13","134.6696666666667","135.31"
"IMF.STA:ER(4.0.1)","BLR.XDC_USD.PA_RT.M","OBS_VALUE","Belarus, Republic of","Domestic currency per US Dollar","Period average","Monthly","Units","1.437723","1.509663","1.489402","1.445686","1.432395","1.527229","1.528147","1.630708","1.76615","1.738179","1.777822","1.828082","1.998951","2.165957","2.065031","1.990289","1.945103","1.990023","1.9963","1.9601","1.9486","1.9141","1.937","1.9633","1.9495","1.8967","1.894","1.8831","1.8664","1.8922","1.9555","1.9418","1.937","1.9633","1.9943","2.0143","1.9887","1.9757","1.9578","2.0003","2.0075","2.0028","1.9844","2.0398","2.1169","2.123","2.1226","2.1318","2.1574","2.1539","2.1262","2.1156","2.0918","2.0688","2.0364","2.0533","2.0775","2.0574","2.0557","2.1074","2.1189","2.1916","2.4023","2.5069","2.4271","2.3835","2.4124","2.4977","2.6125","2.5835","2.5809","2.5576","2.5669","2.6036","2.6083","2.6122","2.5298","2.52","2.5399","2.5095","2.5037","2.4633","2.4754","2.5315","2.5856","2.6045","3.1955","2.8013","2.5355","2.5604","2.601","2.5802","2.5397","2.5066","2.44","2.5629","2.6617","2.7554","2.842","2.9299","2.8949","2.9687","3.028","3.1525","3.2565","3.2836","3.1363","3.1787","3.1715","3.2266","3.2315","3.2578","3.2136","3.1902","3.1758","3.1571","3.191","3.2845","3.3933","3.4614"
"IMF.STA:ER(4.0.1)","GMB.XDC_USD.PA_RT.M","OBS_VALUE","Gambia, The","Domestic currency per US Dollar","Period average","Monthly","Units","45.41","46.2278695077141","48.0601610003512","50.3655838183823","43.1048615653597","39.653927090419","39.5898090200807","39.6592603320503","39.4664199411017","39.4006974437214","39.5874618367285","39.5484455525616","40.1885580500301","41.6701428728234","41.7828826208682","42.2413819361563","42.6420519483348","43.147653462018","43.7408555749059","44.750212606197","45.8063573787361","46.6033191710445","44.0766369038233","43.820279553245","44.1043906687803","44.9919402931913","45.8344419638653","46.5940933380598","47.2284819140479","47.0845935151486","46.998189598853","47.0062560191253","47.1903817306114","47.3619042119235","47.283141866076","47.6290984256393","47.5252205410396","47.3149350368057","47.3823897433875","47.3209574394739","47.3684985308468","47.3816388039448","47.9377763056787","48.2102616165907","49.0762779999591","49.4352377495416","49.5156922432217","49.3524816443976","49.4837208559146","49.4983502882313","49.5872965725848","49.54170930929","49.4980206519711","49.7237483578793","49.942577696318","50.1657782115858","50.2782185101731","50.827234779543","51.0794793709195","51.1234018166558","51.1285069080698","50.9336956783139","50.9407788438733","51.1353726633296","51.4511983020349","51.5973806015714","51.8117120470899","51.8380265694744","51.806278991634","51.8490698958227","51.8099513937427","51.717952499111","51.4352357999304","51.3644566300276","51.1864433426996","51.143161266885","51.0947019504538","51.07102750359","51.1199712534672","51.1014716910814","51.4787501620433","51.9603107061153","52.247610855417","52.6101853788885","52.5840537681091","52.7675650071391","53.0515476695078","53.045685721989","53.4637618717783","53.6550737014898","53.8687082510415","54.1097852694259","54.8571686657961","57.1085851991486","59.7254088736999","60.8442643048902","60.9923161459902","60.91","61.6553680637747","61.0806253603642","59.4253937968732","59.2704693095128","59.6876297833002","60.4837727915678","61.2704208421643","61.89","62.88","63.61","66.06","67.13","66.7516811337299","66.9651516373141","67.0675877154785","67.0104171619093","67.5854629430152","67.6714620360136","68.3284381717311","68.6032131340227","69.1317304712281","69.6297147028609"
"IMF.STA:ER(4.0.1)","TUR.XDC_USD.PA_RT.M","OBS_VALUE","Türkiye, Republic of","Domestic currency per US Dollar","Period average","Monthly","Units","2.33160322580645","2.45720357142857","2.58888870967742","2.65362","2.6428","2.69995166666667","2.69160967741935","2.84792258064516","3.00594166666667","2.924735","2.87571333333333","2.92011290322581","2.99895322580645","2.9405724137931","2.89092096774194","2.83757166666667","2.93255806451613","2.92260166666667","2.9513064516129","2.963321875","2.96134333333333","3.06885322580645","3.28023666666667","3.49337741935484","3.74217580645161","3.67300178571429","3.67108225806452","3.65428166666667","3.57261129032258","3.52325666666667","3.5609435483871","3.51473387096774","3.465055","3.66838548387097","3.88149166666667","3.85057258064516","3.77140161290323","3.77993214285714","3.88407096774194","4.053605","4.4028435483871","4.6269","4.75315322580645","5.79678064516129","6.33975333333333","5.84738548387097","5.38284","5.30177580645161","5.3689564516129","5.26443035714286","5.45982419354839","5.753755","6.05106935483871","5.82652666666667","5.67091129032258","5.6188435483871","5.711745","5.78376451612903","5.735065","5.84094032258065","5.92074516129032","6.05076896551724","6.31816129032258","6.82844333333333","6.93376774193548","6.81642166666667","6.85805806451613","7.23611774193548","7.50859833333333","7.90241935483871","7.98426333333333","7.7455","7.39539838709677","7.088575","7.62373064516129","8.15825833333333","8.34472258064516","8.60386666666667","8.59265166666667","8.48636333333333","8.522455","9.17934193548387","10.5742883333333","13.6352387096774","13.5313935483871","13.6472428571429","14.6038548387097","14.69837","15.5465241935484","17.0010033333333","17.4036951612903","18.0247919354839","18.2920316666667","18.5798274193548","18.6038416666667","18.6537483870968","18.7752112903226","18.8406535714286","18.9821661290323","19.3235183333333","19.6969419354839","23.4219233333333","26.428835483871","26.9385387096774","26.9635266666667","27.821414516129","28.6086183333333","29.0614451612903","30.017964516129","30.7238034482759","31.9469548387097","32.2683783333333","32.2214596774193","32.49668","32.8774580645161","33.6008483870968","33.99003","34.201464516129","34.3910616666667","34.9342338709677"
"IMF.STA:ER(4.0.1)","AGO.XDC_USD.PA_RT.M","OBS_VALUE","Angola","Domestic currency per US Dollar","Period average","Monthly","Units","103.642626440313","105.18203431761","107.112741561803","108.985518201517","109.72480808925","117.524500321523","124.705334481274","125.779686940123","132.14064809571","135.306272727273","135.310157894737","135.314090909091","155.61355","157.550045759603","159.382974068835","164.202996534654","165.882692597831","165.884838658866","165.886977369165","165.888726431339","165.891125562556","165.894558698727","165.898235643564","165.900488073807","165.904649189919","165.907013027619","165.909986273627","165.911879537954","165.913772727273","165.916181818182","165.918023809524","165.919909090909","165.921447368421","165.922045454546","165.923","165.9235","188.976354417384","210.233291833879","214.145042198443","218.260897978929","232.62972507532","242.24786963154","253.173751933912","266.592336400166","286.027731420306","303.082417769729","310.008859671511","308.890694444444","310.297863636364","313.655157894737","316.169922222222","319.415473684211","327.437659090909","338.645625","346.254739130435","359.809454545454","367.77202631579","429.550760869565","473.498525","475.402452380952","489.433949363852","494.48503125","508.757452380952","557.934721428571","564.2939725","587.126352272727","571.17073051133","582.590687143251","620.500134453227","645.223645454545","661.922818421053","655.665868181818","657.836385","652.635884375","626.7168075","644.559285714286","652.171457142857","651.193845454545","649.789175","645.024243181818","626.693516666667","604.05975952381","598.71075","567.912356521739","537.204484285714","517.472497222222","461.654947368421","420.574113157895","411.571604545455","430.624952272727","430.474642857143","429.656502272727","430.515842857143","451.695645238095","500.9006075","504.4643","503.801763636364","504.114361111111","504.466905","506.316541176471","531.76352","713.197097272727","824.008535714286","824.916391304348","825.281964285714","826.197863636364","827.43686","828.74105","828.763454545455","828.483105263158","831.983210526316","833.06855","842.488727272727","852.76313","870.800608695652","888.273318181818","926.495947368421","911.797652173913","910.30615","912.930421052632"
"IMF.STA:ER(4.0.1)","TON.XDC_USD.PA_RT.M","OBS_VALUE","Tonga","Domestic currency per US Dollar","Period average","Monthly","Units","1.96834542672834","1.99630250058587","2.00661226517859","1.99938200919716","2.01295611755664","2.08258955135071","2.14620308679992","2.17515967649443","2.22773530454154","2.20604456210015","2.22849502302778","2.21933356583494","2.25304966365187","2.25666485449641","2.2321202098193","2.20887969637945","2.23459147604924","2.22237936015678","2.19906801403215","2.19258524866777","2.1789063705775","2.18529297825634","2.20081430129148","2.22358107732503","2.22196358095883","2.19466695928893","2.2230813841098","2.23776882670247","2.25322308867902","2.21533008418254","2.17424390668145","2.15573380280425","2.16044230146026","2.19125688502874","2.22041299681741","2.22354854942714","2.17938303647495","2.17065277448891","2.18657443298149","2.19490781387182","2.23401284557386","2.23423745475669","2.26818599125128","2.27766653063936","2.29068835184973","2.28785150848992","2.25961952311268","2.2550774478161","2.26195494597012","2.25725991219259","2.26064116089306","2.26718811993425","2.29001553227926","2.28686975674928","2.27745628836737","2.3125032848058","2.31967573375006","2.32288037166086","2.31732751155615","2.30005494575704","2.29712233220565","2.3161283598337","2.34699211624012","2.33197506014041","2.30817423418076","2.27147353733329","2.27840076078773","2.28040265395433","2.2824891581765","2.29862937541429","2.30021030494217","2.28274020133769","2.28073576535791","2.29523623718971","2.27835562159485","2.27275309946704","2.25051440329218","2.23451798254948","2.25685115529285","2.26353749755641","2.25312218359727","2.25188997908959","2.25774891681808","2.2842523642012","2.28223659186002","2.29125464280546","2.26377041252071","2.26377041252071","2.26377041252071","2.32880510119213","2.35141966962554","2.33956199330682","2.38616889737304","2.43503669948169","2.38381728608078","2.34554580850964","2.3277713705283","2.33811477805446","2.35752357523575","2.35414676027862","2.35815202903603","2.36220472440945","2.35012103123311","2.3812728421009","2.39495144235951","2.40103899505604","2.38500851788756","2.35407975099068","2.35879401295192","2.37047070775483","2.37047070775483","2.38654940753911","2.37238135514549","2.36377208260761","2.3710473562822","2.3674751953167","2.34694955231937","2.36173577310907","2.38985744500341","2.41699529321969"
"IMF.STA:ER(4.0.1)","MAR.XDC_USD.PA_RT.M","OBS_VALUE","Morocco","Domestic currency per US Dollar","Period average","Monthly","Units","9.36723","9.53617","9.89920454545","9.93220909090909","9.758945","9.729772727273","9.835504761905","9.774572222","9.72337","9.719414286","9.99111053","9.90467619047619","9.92261578947369","9.79322380952381","9.77988695652174","9.65475","9.6752","9.71532272727273","9.8045","9.72512857142857","9.72955","9.833385","9.95080952380952","10.10534","10.0540681818182","10.04093","10.0143869565217","10.00029","9.81663","9.71951","9.56720952380952","9.41990952380952","9.36649473684211","9.44577272727273","9.4507619047619","9.40801111111111","9.24025238095238","9.190075","9.18373636363636","9.21158571428571","9.42449523809524","9.49532","9.46570909090909","9.47455","9.41039473684211","9.4898","9.51884736842105","9.52846315789474","9.53573333333333","9.53637","9.61044285714286","9.63249545454545","9.67917727272727","9.5997","9.59097826086956","9.59934705882353","9.68869047619048","9.65779565217391","9.65075555555556","9.62342727272727","9.60951363636364","9.6806","9.6841","10.1293227272727","9.8528947368421","9.68046818181818","9.56327142857143","9.23417777777778","9.2173","9.2048","9.13744210526316","8.96827727272727","8.9001947368421","8.94128","9.00216956521739","8.95486363636364","8.84930526315789","8.86457619047619","8.94581052631579","8.96568","8.96955454545454","9.06009473684211","9.15480952380953","9.25346956521739","9.289035","9.38934","9.73440434782609","9.8222","9.9996","9.99208181818182","10.244995","10.4033043478261","10.7717545454545","10.964165","10.7994714285714","10.5175714285714","10.23945","10.29877","10.3406608695652","10.1479105263158","10.1119136363636","10.0489857142857","9.749055","9.93587142857143","10.2137578947368","10.2864","10.1630904761905","10.0412476190476","9.9619","10.0613428571429","10.0636380952381","10.1105578947368","9.98452272727273","9.94588333333333","9.87186818181818","9.76888421052632","9.72387","9.8413","9.95428421052632","10.0202590909091"
"IMF.STA:ER(4.0.1)","FJI.XDC_USD.PA_RT.M","OBS_VALUE","Fiji, Republic of","Domestic currency per US Dollar","Period average","Monthly","Units","2.01062","2.046875","2.056945454545454","2.051765","2.043842857142857","2.079466666666666","2.127460869565218","2.141638095238096","2.173440909090909","2.141668181818182","2.15963","2.138204761904762","2.170025","2.146609523809524","2.107361904761905","2.0771","2.111531818181819","2.091447619047619","2.072880952380952","2.054754545454546","2.054709523809524","2.062842105263158","2.078040909090909","2.109047368421053","2.094542857142857","2.067244999999999","2.082378260869565","2.089694444444445","2.098991304347826","2.070680952380953","2.039961904761905","2.026082608695652","2.02569","2.054605","2.078659090909091","2.073972222222222","2.025768181818182","2.023535","2.034380952380952","2.04312","2.08","2.08337","2.104022727272727","2.117908695652174","2.135557894736842","2.150104545454545","2.125494736842105","2.125294736842104","2.128063636363636","2.126145","2.133595238095238","2.138955000000001","2.163473913043478","2.15881","2.148621739130434","2.185350000000001","2.192325","2.194742857142858","2.18626","2.168375","2.167059090909091","2.20355","2.27275","2.2703","2.2412","2.1755","2.1496","2.1296","2.1203","2.1317","2.101","2.0631","2.0367","2.0343","2.0478","2.0492","2.0371","2.0553","2.0849","2.0963","2.0899","2.0876","2.0986","2.1299","2.1309","2.1392","2.1111","2.1231","2.185077272727273","2.1927","2.22785714285714","2.211365217391304","2.2722","2.3297","2.2704","2.223284210526316","2.1944","2.2076","2.2388","2.2337","2.2401","2.2448","2.2328","2.2784","2.296","2.3086","2.2835","2.2428","2.2494","2.2688","2.2676","2.2877","2.2688","2.2609","2.2658","2.2578","2.2313","2.2515","2.2886","2.3214"
"IMF.STA:ER(4.0.1)","ISR.XDC_USD.PA_RT.M","OBS_VALUE","Israel","Domestic currency per US Dollar","Period average","Monthly","Units","3.9464","3.8929","3.9978","3.9384","3.8615","3.8245","3.789","3.8449","3.9129","3.863","3.8893","3.8814","3.9509","3.908","3.8676","3.7784","3.8135","3.8566","3.8574","3.7954","3.7657","3.8217","3.8429","3.8287","3.8182","3.7291","3.6493","3.6497","3.5974","3.5319","3.5509","3.60113636363636","3.53735294117647","3.509","3.51722727272727","3.50345","3.42322727272727","3.4944","3.46884210526316","3.53855555555556","3.53855555555556","3.60452380952381","3.64531818181818","3.6664347826087","3.59253333333333","3.65595238095238","3.70545454545455","3.7529","3.68704545454545","3.6263","3.61863157894737","3.59461111111111","3.5932380952381","3.5973","3.54465217391304","3.51122727272727","3.52405263157895","3.51922222222222","3.48261904761905","3.47542857142857","3.46018181818182","3.43365","3.61789473684211","3.5678125","3.5175","3.45831818181818","3.43318181818182","3.40090476190476","3.4175","3.39504545454545","3.35938095238095","3.2475","3.2221","3.26973684210526","3.31122727272727","3.27545","3.26226315789474","3.25172727272727","3.27063636363636","3.22368181818182","3.20753333333333","3.21552380952381","3.1205","3.132","3.13433333333333","3.21385","3.24328571428571","3.24222222222222","3.382","3.41404761904762","3.46552380952381","3.29882608695652","3.4422","3.54794117647059","3.47957142857143","3.45157142857143","3.44528571428571","3.54315","3.61995238095238","3.63835714285714","3.66009523809524","3.64463636363636","3.66835","3.74586956521739","3.82015789473684","3.74586956521739","3.80577272727273","3.671","3.71331818181818","3.64585","3.62784210526316","3.74331578947368","3.70747619047619","3.72473684210526","3.6814347826087","3.73176190476191","3.7328","3.7516","3.7188","3.6177"
"IMF.STA:ER(4.0.1)","COL.XDC_USD.PA_RT.M","OBS_VALUE","Colombia","Domestic currency per US Dollar","Period average","Monthly","Units","2397.69","2420.38","2586.58","2495.36","2439.09","2554.94","2731.9","3023.29","3073.12","2937.85","2996.67","3244.51","3284.03","3357.5","3145.26","2998.71","2988.38","2991.68","2963.99","2963.82","2921.15","2932.61","3106.4","3009.53","2944.65","2881.68","2943.49","2873.55","2924.0","2958.36","3038.76","2972.62","2918.49","2955.06","3013.17","2991.42","2867.68","2860.0","2852.46","2765.96","2862.95","2893.22","2885.55","2959.57","3037.8","3080.48","3198.13","3212.48","3161.91","3115.15","3125.34","3155.22","3310.49","3256.02","3208.11","3412.65","3399.62","3437.73","3411.42","3383.0","3317.37","3408.24","3870.01","3986.56","3863.34","3693.0","3660.6","3788.1","3749.86","3833.06","3680.67","3468.5","3494.53","3552.43","3617.0","3651.85","3741.96","3693.0","3832.24","3887.68","3820.28","3771.68","3900.51","3967.77","4000.72","3938.36","3805.52","3796.39","4027.6","3922.5","4394.01","4326.77","4437.31","4714.96","4922.3","4787.89","4712.18","4802.75","4760.96","4526.03","4539.54","4213.53","4067.63","4066.87","4008.41","4219.16","4040.26","3954.14","3920.2","3931.85","3908.67","3866.12","3865.09","4054.56","4036.8","4062.98","4191.86","4257.76","4411.12","4386.2"
"IMF.STA:ER(4.0.1)","TWN.XDC_USD.PA_RT.M","OBS_VALUE","Taiwan Province of China","Domestic currency per US Dollar","Period average","Monthly","Units","31.685","31.566","31.526","31.13","30.717","31.113","31.343","32.387","32.889","32.727","32.802","33.006","33.644","33.552","32.855","32.355","32.573","32.4","32.124","31.577","31.483","31.571","31.758","32.012","31.742","30.898","30.658","30.39","30.156","30.265","30.435","30.263","30.15","30.259","30.11","29.983","29.44","29.308","29.216","29.394","29.878","30.08","30.565","30.729","30.755","30.904","30.857","30.826","30.83","30.816","30.857","30.861","31.246","31.335","31.089","31.413","31.142","30.731","30.479","30.325","30.045","30.191","30.205","30.089","29.957","29.752","29.563","29.521","29.359","28.934","28.844","28.539","28.431","28.35","28.385","28.257","27.921","27.797","28.001","27.878","27.737","27.946","27.818","27.761","27.678","27.881","28.441","29.148","29.597","29.632","29.866","30.089","31.242","31.969","31.462","30.671","30.453","30.179","30.559","30.569","30.734","30.824","31.203","31.829","32.032","32.302","31.925","31.282","31.221","31.437","31.688","32.352","32.325","32.386","32.651","32.268","31.976","32.093","32.365","32.574"
"IMF.STA:ER(4.0.1)","PRY.XDC_USD.PA_RT.M","OBS_VALUE","Paraguay","Domestic currency per US Dollar","Period average","Monthly","Units","4753.523809523809","4760.045749999999","4765.009318181818","4962.675999999999","5069.137222222222","5136.557619047619","5151.658181818182","5262.070952380953","5506.597619047619","5650.597272727273","5638.697380952381","5802.478571428572","5907.23775","5792.009749999999","5694.637142857143","5567.504047619047","5619.40340909091","5639.015454545455","5559.974047619047","5517.499772727273","5558.014090909091","5632.54175","5772.760227272727","5785.893333333334","5754.478636363638","5676.746842105264","5528.543260869565","5569.53","5590.989285714287","5572.091428571428","5550.991190476191","5596.319318181817","5658.917142857143","5642.322142857143","5655.512727272729","5630.759444444444","5619.798863636363","5583.590263157895","5531.7945","5545.904285714287","5642.48825","5685.003999999999","5723.0275","5780.265454545455","5855.1445","5954.315652173913","5936.246136363636","5927.675263157894","6038.733636363637","6058.9365","6129.529499999999","6230.003000000001","6316.52125","6233.72447368421","6054.909565217392","6143.629047619048","6338.79619047619","6439.38195652174","6454.888571428572","6449.61125","6515.759772727272","6521.4485","6576.655681818182","6510.182631578948","6589.564166666667","6708.491904761904","6900.73","6950.949285714286","6984.941904761904","7018.63590909091","7031.828095238096","6943.981249999999","6902.8255","6723.152","6539.748409090909","6410.748750000001","6717.37975","6744.511818181819","6848.176818181819","6926.457727272727","6898.755952380951","6907.006190476191","6855.647045454545","6815.542857142856","6986.959047619048","6966.151315789474","6962.944130434782","6851.93894736842","6852.801428571429","6858.111590909091","6868.381904761906","6874.472272727274","6974.235454545455","7176.84425","7181.52619047619","7238.661999999998","7373.17068181818","7292.057631578948","7184.707826086957","7173.02611111111","7207.704523809525","7251.661666666667","7272.678095238096","7273.179772727272","7276.052250000001","7384.842499999999","7442.171363636363","7335.212222222223","7282.998863636363","7285.048095238096","7317.5875","7405.407045454545","7506.951749999999","7529.649736842106","7554.67804347826","7594.076190476189","7764.5705","7866.67847826087","7805.082857142857","7810.242"
"IMF.STA:ER(4.0.1)","VNM.XDC_USD.PA_RT.M","OBS_VALUE","Vietnam","Domestic currency per US Dollar","Period average","Monthly","Units","21436.0","21458.0","21458.0","21458.0","21673.0","21673.0","21764.81","21890.0","21890.0","21890.0","21890.0","21890.0","21904.83","21888.81","21874.78","21888.89","21888.08","21881.69","21871.81","21860.85","21941.08","22003.0","22078.0","22138.19","22172.14","22221.78","22254.19","22324.57","22373.19","22415.5","22438.71","22442.19","22445.58","22464.85","22451.04","22437.3","22410.65","22439.05","22454.44","22488.0","22575.04","22597.31","22647.5","22679.26","22699.88","22719.81","22730.62","22783.04","22850.7","22902.78","22952.73","22996.75","23054.54","23059.68","23068.81","23114.56","23142.04","23154.63","23143.46","23162.22","23164.3","23218.2","23223.42","23241.5","23256.5","23235.92","23222.56","23209.0","23206.84","23197.22","23178.96","23146.0","23137.0","23138.6111111111","23195.96","23203.13","23159.29","23140.92","23197.93","23159.54","23125.38","23154.27","23126.58","23178.78","23102.04","23115.0","23152.89","23112.92","23129.44","23082.23","23187.0","23190.41","23295.0","23564.38","23679.35","23643.89","23604.78","23629.75","23621.81","23615.46","23664.5","23763.15","23763.15","23882.15","24037.52","24079.06","23869.96","23916.54","23983.08","23976.09","23994.88","24140.24","24216.46","24252.8","24251.56","24245.85","24163.54","24192.52","24276.42","24285.19"
"IMF.STA:ER(4.0.1)","SYC.XDC_USD.PA_RT.M","OBS_VALUE","Seychelles","Domestic currency per US Dollar","Period average","Monthly","Units","14.0084","13.8247","13.5893","13.4871","13.3288","13.1283","13.0421","13.0529","13.0611","13.0237","13.1078","13.1129","13.1168","13.1593","13.264","13.3036","13.3094","13.307","13.3206","13.3424","13.3816","13.3998","13.4358","13.4891","13.5235","13.5588","13.5817","13.6088","13.607","13.6097","13.6572","13.687","13.7049","13.7106","13.7453","13.7796","13.8367","13.8657","13.8634","13.8677","13.8736","13.8832","13.8874","13.9198","13.9406","13.9702","13.9951","14.03","14.0279","14.0387","14.0202","14.0297","14.0084","14.0009","14.0094","14.0299","14.0657","14.0616","14.0615","14.0451","14.0452","14.0547","14.0727","16.7281","18.042","18.0745","18.1732","18.3618047619048","18.4954136363636","18.9738238095238","20.84654","21.5302428571429","21.600485","21.504785","21.4042956521739","16.95898","16.0519619047619","16.4687736842105","15.8180136363636","14.8506380952381","14.3170454545455","14.6842333333333","14.6893","14.6977590909091","14.612655","14.3310942432331","14.3321961515191","14.3305946876542","14.2096921053729","14.0266743711452","13.9917864580739","14.1916345717789","14.3495682241265","14.4297747461846","14.3164751375887","14.1513886096719","14.0333925883075","13.9179200122459","13.7599080739108","13.739041975427","13.7755758502055","13.8860919724873","13.9489016871674","13.9727924205543","14.0942228628508","14.3798618963994","14.4940101799937","14.2156088720254","14.1309760072667","14.2450643235499","14.3085869371002","14.3813812112594","14.4643163234697","14.5850674506331","14.6787459067901","14.6643309391866","14.6509045294748","14.7071195315536","14.7457094762438","14.7941156524936"
"IMF.STA:ER(4.0.1)","EGY.XDC_USD.PA_RT.M","OBS_VALUE","Egypt, Arab Republic of","Domestic currency per US Dollar","Period average","Monthly","Units","7.2593","7.5995","7.6023","7.6038","7.6058","7.6056","7.8006","7.8076","7.8076","7.9158","7.8794","7.8078","7.8077","7.8073","8.452","8.857247","8.8573","8.85732857142857","8.8574","8.8581","8.85726","8.85814389112903","15.81253","18.4225","18.5991","16.90407","17.6472994652406","18.02582","18.0310590909091","18.0398764705882","17.8615904761905","17.7138","17.6133737024222","17.59748","17.6138","17.7431329754124","17.6529756944444","17.6235583333333","17.5763111111111","17.63139","17.7829","17.8251682098765","17.84004","17.8340740740741","17.8556076388889","17.85922","17.86144","17.8648","17.80474","17.529705","17.3338857142857","17.2229105263158","16.9720714285714","16.6839823529412","16.5553428571429","16.5192388888889","16.3482818181818","16.1733727272727","16.0734421052632","16.0300086956522","15.828995","15.62848","15.66497","15.69869","15.72356","16.1018","15.9431","15.88034","15.72332","15.65602","15.6162","15.6446","15.6529","15.6155","15.6632","15.6393","15.6162545454545","15.6163","15.6403625","15.6499681818182","15.6583045454545","15.6601421052632","15.6605863636364","15.6615090909091","15.66098","15.660865","16.6836913043478","18.3578111111111","18.3806222222222","18.6756285714286","18.85990625","19.0982826086957","19.3442142857143","20.1971571428571","24.3823136363636","24.6238047619048","28.713535","30.43372","30.8001863636364","30.838","30.8386136363636","30.8423055555556","30.84225","30.8421826086957","30.8423","30.8416045454546","30.8414","30.8408666666667","30.84112","30.8414","45.3564","47.833","47.1329","47.6971","48.14886","48.89778","48.42223","48.55651","49.3501","50.51372"
"IMF.STA:ER(4.0.1)","ALB.XDC_USD.PA_RT.M","OBS_VALUE","Albania","Domestic currency per US Dollar","Period average","Monthly","Units","120.73","123.46","129.66","129.97","126.19","125.61","126.99","125.39","124.19","124.21","128.5","126.64","127.37","124.7","124.56","122.21","122.35","122.76","123.37","121.79","122.5","124.04","125.77","128.29","128.4","127.43","126.74","126.33","121.83","118.59","115.24","112.23","112.1","113.74","114.01","112.56","109.52","107.39","106.43","105.3","107.42","107.77","107.73","108.83","108.42","108.99","109.64","108.43","108.92","109.73","110.53","110.57","109.96","108.02","108.62","108.98","110.44","111.44","111.06","109.94","110.06","111.94","112.08","115.43","113.8","110.39","108.51","104.73","105.21","105.36","104.7","101.59","101.61","102.22","103.61","102.89","101.24","101.93","103.43","103.28","103.32","104.94","106.91","106.86","107.32","107.02","111.58","111.69","113.94","113.25","115.29","115.47","118.01","119.26","115.15","108.52","107.9","107.98","106.91","102.45","102.26","99.05","93.38","96.89","100.04","100.12","96.6","94.16","95.33","96.29","95.32","94.64","92.98","93.22","92.5","90.78","89.43","90.48","92.25","94.26"
"IMF.STA:ER(4.0.1)","CHN.XDC_USD.PA_RT.M","OBS_VALUE","China, People's Republic of","Domestic currency per US Dollar","Period average","Monthly","Units","6.12738421052632","6.13435","6.15054761904762","6.12977894736842","6.11415263157895","6.1161380952381","6.1167","6.30557619047619","6.369315","6.34906875","6.36415263157895","6.4527","6.57403684210526","6.54391333333333","6.50709130434783","6.478735","6.52882","6.595765","6.678905","6.64916086956522","6.67263684210526","6.74909333333333","6.833605","6.92197142857143","6.89796875","6.87306470588235","6.8972347826087","6.89157777777778","6.889865","6.80799545454545","6.77148","6.670969565217391","6.568445","6.617525","6.625385","6.59355","6.429014285714286","6.313473333333333","6.319477272727273","6.299573684210526","6.374280952380952","6.465695","6.718966666666667","6.851795652173913","6.856544444444444","6.936347058823529","6.94079","6.885527777777778","6.787638095238095","6.735614285714286","6.711614285714286","6.716666666666667","6.870263157894737","6.901373684210526","6.877472727272727","7.062122727272727","7.115873684210526","7.083117647058824","7.018315789473684","7.020547368421053","6.921033333333333","6.999663157894737","7.018072727272727","7.0726","7.111111764705882","7.08581","7.008028571428571","6.929295238095238","6.809035","6.702206666666667","6.608168421052632","6.544182352941176","6.468547368421053","6.4596","6.509413043478261","6.519138095238095","6.43089375","6.424490476190476","6.47471","6.476127272727273","6.456194117647059","6.411353333333333","6.39007","6.367164705882353","6.35595","6.341373333333333","6.344891304347826","6.433521052631579","6.71745","6.69609","6.735365","6.802173913043478","7.03022","7.225113333333333","7.18082","6.982929411764706","6.7953","6.835505263157895","6.896839130434783","6.888573684210526","6.994457894736842","7.162473684210526","7.185289473684211","7.252882608695652","7.29923684210526","7.3115125","7.236335","7.149575","7.17142380952381","7.193164285714286","7.202404761904762","7.2395","7.2329","7.255727777777778","7.262657142857143","7.152631818181818","7.075288888888889","7.102838888888889","7.204668421052632","7.2766875"
"IMF.STA:ER(4.0.1)","CMR.XDC_USD.PA_RT.M","OBS_VALUE","Cameroon","Domestic currency per US Dollar","Period average","Monthly","Units","564.4421179440272","577.9535051741684","605.2558203909658","608.5339493288061","588.3259862505661","584.9850217478688","596.5532635041704","588.8806857044942","584.5703337032952","583.8466331137784","610.9882637853949","603.0578609098178","604.0314374772668","591.3276984099932","590.9699990990543","578.4866224598455","579.9237273151005","584.168056477603","592.6327767715298","585.0626672354173","585.0443109305653","594.9158054304104","607.4263922854229","622.1786261127858","617.9872985692743","616.3474322654602","613.9220258150576","611.7480104451439","593.2236038887633","584.1396813574453","569.845243118462","555.5784647677164","550.5502266132905","557.9828248185452","558.8319986369058","554.1951104549722","537.6917086765851","531.2339040152902","531.7338454412311","534.3279326833004","555.3203344762297","561.6894602925928","561.3317722474324","567.9794523126565","562.6330551433693","571.1899308302949","577.0782697713664","576.1989366620328","574.5738390912647","577.8771313919735","580.365743705561","583.6825128467511","586.4827827246042","580.8321674606407","584.7157423950487","589.5592314637549","596.1129382643262","593.4884681502392","593.575085103653","590.2370550999015","590.9328932712903","601.5194864740944","592.9067565069175","603.9063147331498","601.6932905882946","582.835045092705","572.2189730635813","554.5753452232487","556.2535991951722","557.0674067954858","554.1157943007821","539.0071488865935","538.9574269668922","542.2073252382645","551.2666664230602","547.5845430791964","540.0643367938922","544.494106461005","554.8698092894579","557.2265812031904","557.2975937160973","565.4082198078333","574.6928226387973","580.298668779575","579.7502146428609","578.3484248670858","595.2986552818139","606.315699857961","620.085078224701","620.829346778645","644.4278783852542","647.6390617890032","662.330425044616","667.5954133731155","643.0148644553983","619.4813482337319","609.1159810567369","612.1800076527518","612.7103080809038","598.0795161560052","603.595123073384","605.1339961505519","593.189117263289","601.306117080658","613.9729452665085","621.0217062003228","606.9052615642277","601.6269224456667","601.51196475391","607.66499477259","603.3341917919096","611.4574557334499","606.6807360353961","609.6821265916907","604.8983216659705","595.6648835174171","590.6329911759409","601.5554625199338","617.0726102323498","625.9878325181916"
"IMF.STA:ER(4.0.1)","JPN.XDC_USD.PA_RT.M","OBS_VALUE","Japan","Domestic currency per US Dollar","Period average","Monthly","Units","118.307777777778","118.563333333333","120.386818181818","119.549523809524","120.689411764706","123.750454545455","123.243333333333","123.23380952381","120.285","120.061904761905","122.532941176471","121.924","118.306111111111","115.093157894737","113.070454545455","109.965238095238","109.062222222222","105.491818181818","103.971052631579","101.269090909091","101.944210526316","103.8175","107.624444444444","115.8995","114.75","113.071578947368","113.014545454545","110.062","112.257368421053","110.905909090909","112.393684210526","109.9145454545455","110.7231578947368","112.9566666666667","112.9947368421053","112.9495","110.7744444444444","107.9005555555556","106.0004761904762","107.5214285714286","109.7015","110.0252380952381","111.4185","111.0582608695652","111.9464705882353","112.775","113.3835","112.5727777777778","108.9211111111111","110.3477777777778","111.206","111.6638095238095","109.8533333333333","108.057","108.2404761904762","106.2728571428571","107.4822222222222","108.1233333333333","108.7933333333333","109.1547368421053","109.2847368421053","109.9735294117647","107.2928571428571","107.93","107.2917647058824","107.555","106.6973684210526","106.0415","105.6905555555556","105.222380952381","104.4264705882353","103.8888235294118","103.6961111111111","105.3741176470588","108.6495652173913","109.1342857142857","109.11","110.1059090909091","110.1661111111111","109.8357142857143","110.2188235294118","113.127","114.0177777777778","113.6164705882353","114.8538888888889","115.21","118.5095454545455","126.2247619047619","128.8783333333333","133.7957142857143","136.7163157894737","135.2422727272727","143.29","147.0145","142.82","135.4223529411765","130.3444444444444","132.5861111111111","133.8504545454545","133.334","137.1942105263158","141.1585714285714","140.8416666666667","144.7722727272727","147.7515789473684","149.5266666666667","149.8394736842105","144.69375","146.6511111111111","149.3866666666667","149.625","153.4333333333333","156.103","157.8210526315789","157.7425","146.2328571428571","143.2205555555556","149.6263636363636","154.0355555555556","152.5175"
"IMF.STA:ER(4.0.1)","IND.XDC_USD.PA_RT.M","OBS_VALUE","India","Domestic currency per US Dollar","Period average","Monthly","Units","62.2259285714286","62.0376111111111","62.4498380952381","62.7531611111111","63.8003263157895","63.8607363636364","63.6349782608696","65.07233","66.21781","65.058005","66.1170944444445","66.5955142857143","67.25233","68.237665","67.02185","66.46953125","66.9067318181818","67.2968636363637","67.207625","66.9396428571429","66.73773","66.7476888888889","67.6256619047619","67.9004333333333","68.0803666666667","67.07545","65.8766571428572","64.5070888888889","64.4248380952381","64.4429904761905","64.455880952381","63.968385","64.4409476190476","65.0812842105263","64.8626136363636","64.2423210526316","63.6368954545455","64.3738388888889","65.0213315789474","65.636347368421","67.53935909","67.7930666666667","68.6933590909091","69.54651","72.2152833333333","73.6323047619048","71.8542388888889","70.73107","70.7328695652174","71.2217684210526","69.4786473684211","69.4274055555556","69.7731227272727","69.4388631578947","68.8083043478261","71.145695","71.3336631578947","71.0394473684211","71.451695","71.1926047619048","71.3137826086957","71.4885166666667","74.3507","76.2364882352941","75.6598777777778","75.7268363636364","74.9933913043478","74.6719238095238","73.4817409090909","73.45811","74.2197894736842","73.5936454545454","73.109395","72.7564631578947","72.7928","74.4722117647059","73.2677421052631","73.5582590909091","74.5269666666666","74.18459","73.5634095238095","74.9152842105263","74.4965105263158","75.3725217391304","74.4416","75.0031263157895","76.2444714285714","76.1678333333333","77.319275","78.0745772727273","79.6015523809524","79.555047368421","80.2315545454546","82.3401166666667","81.8105190476191","82.4642136363636","81.8995904761905","82.608545","82.28857","82.0207823529412","82.3433238095238","82.2336571428571","82.1519428571429","82.7853857142857","83.04746","83.235335","83.298005","83.27872","83.120980952381","82.96364","82.9976277777778","83.4060111111111","83.39294","83.4709157894737","83.5946545454545","83.8962904761905","83.808215","84.0295136363636","84.3643611111111","84.9862285714286"
"IMF.STA:ER(4.0.1)","TGO.XDC_USD.PA_RT.M","OBS_VALUE","Togo","Domestic currency per US Dollar","Period average","Monthly","Units","564.4421179440272","577.9535051741684","605.2558203909658","608.5339493288061","588.3259862505661","584.9850217478688","596.5532635041704","588.8806857044942","584.5703337032952","583.8466331137784","610.9882637853949","603.0578609098178","604.0314374772668","591.3276984099932","590.9699990990543","578.4866224598455","579.9237273151005","584.168056477603","592.6327767715298","585.0626672354173","585.0443109305653","594.9158054304104","607.4263922854229","622.1786261127858","617.9872985692743","616.3474322654602","613.9220258150576","611.7480104451439","593.2236038887633","584.1396813574453","569.845243118462","555.5784647677164","550.5502266132905","557.9828248185452","558.8319986369058","554.1951104549722","537.6917086765851","531.2339040152902","531.7338454412311","534.3279326833004","555.3203344762297","561.6894602925928","561.3317722474324","567.9794523126565","562.6330551433693","571.1899308302949","577.0782697713664","576.1989366620328","574.5738390912647","577.8771313919735","580.365743705561","583.6825128467511","586.4827827246042","580.8321674606407","584.7157423950487","589.5592314637549","596.1129382643262","593.4884681502392","593.575085103653","590.2370550999015","590.9328932712903","601.5194864740944","592.9067565069175","603.9063147331498","601.6932905882946","582.835045092705","572.2189730635813","554.5753452232487","556.2535991951722","557.0674067954858","554.1157943007821","539.0071488865935","538.9574269668922","542.2073252382645","551.2666664230602","547.5845430791964","540.0643367938922","544.494106461005","554.8698092894579","557.2265812031904","557.2975937160973","565.4082198078333","574.6928226387973","580.298668779575","579.7502146428609","578.3484248670858","595.2986552818139","606.315699857961","620.085078224701","620.829346778645","644.4278783852542","647.6390617890032","662.330425044616","667.5954133731155","643.0148644553983","619.4813482337319","609.1159810567369","612.1800076527518","612.7103080809038","598.0795161560052","603.595123073384","605.1339961505519","593.189117263289","601.306117080658","613.9729452665085","621.0217062003228","606.9052615642277","601.6269224456667","601.51196475391","607.66499477259","603.3341917919096","611.4574557334499","606.6807360353961","609.6821265916907","604.8983216659705","595.6648835174171","590.6329911759409","601.5554625199338","617.0726102323498","625.9878325181916"
"IMF.STA:ER(4.0.1)","NCL.XDC_USD.PA_RT.M","OBS_VALUE","New Caledonia","Domestic currency per US Dollar","Period average","Monthly","Units","102.6833122992228","105.1413039168609","110.1081412076533","110.7044984368187","107.0282657147598","106.4204774393903","108.524972024844","107.1291766415832","106.3450373887031","106.2133817746338","111.1509873323398","109.7082884102649","109.8854014632147","107.5743372025175","107.5092645424755","105.2382886155518","105.4997267364284","106.2718551142352","107.8117570631416","106.4346027067882","106.4312633277379","108.2270856456751","110.503011655164","113.1867380906113","112.4242517675382","112.1259272831485","111.6846973322256","111.2892004476464","107.9192403346145","106.2666931122654","103.6662488520427","101.0708364787962","100.1560993741193","101.5082376686264","101.6627193729767","100.8191766568229","97.81687774089102","96.6420738917054","96.73302323786369","97.20493959906487","101.0238774151615","102.182548808531","102.1174781979595","103.326824181369","102.3542075874669","103.9108744458272","104.9820810889674","104.8221128062856","104.5264750498692","105.1274099981059","105.5801383599061","106.1835250150157","106.6929501221233","105.6649901712505","106.3714901384744","107.2526176887561","108.4448680554931","107.9674244420959","107.983181798599","107.3759273672892","107.5025142501439","109.4284273269143","107.8615994576726","109.8626391331167","109.4600457720479","106.0293536778922","104.0980778129227","100.8883489673518","101.1936569364738","101.3417048182989","100.8047474617431","98.05618262902951","98.04713721720341","98.63835872341481","100.2864341071087","99.61658221402276","98.24850625725115","99.05436997238037","100.9419178714257","101.3706618271697","101.3835804237948","102.8590655540568","104.5481205373007","105.5679360891089","105.4681613104174","105.2131477089377","108.2967336921366","110.3009544844254","112.8058798506404","112.9412771888786","117.2343221508508","117.8185006481931","120.4911535089901","121.4489602062584","116.9772666512169","112.6960492883272","110.8103816510354","111.3677893813404","111.4642616372994","108.8026279132223","109.8060271451576","110.0859789413617","107.9129665275736","109.3896111660276","111.6939605990323","112.9762712156209","110.4082075523303","109.4479720792819","109.4270589755489","110.5464182205606","109.7585585254134","111.2363427333611","110.367361867249","110.9133748489637","110.0431050382069","108.3633579341868","107.4479560597875","109.4349720893138","112.2578516617152","113.8797089347489"
"IMF.STA:ER(4.0.1)","BTN.XDC_USD.PA_RT.M","OBS_VALUE","Bhutan","Domestic currency per US Dollar","Period average","Monthly","Units","62.2259285714286","62.0376111111111","62.4498380952381","62.7531611111111","63.8003263157895","63.8607363636364","63.6349782608696","65.07233","66.21781","65.058005","66.1170944444445","66.5955142857143","67.25233","68.237665","67.02185","66.46953125","66.9067318181818","67.2968636363637","67.207625","66.9396428571429","66.73773","66.7476888888889","67.6256619047619","67.9004333333333","68.0803666666667","67.07545","65.8766571428572","64.5070888888889","64.4248380952381","64.4429904761905","64.455880952381","63.968385","64.4409476190476","65.0812842105263","64.8626136363636","64.2423210526316","63.6368954545455","64.3738388888889","65.0213315789474","65.636347368421","67.53935909","67.7930666666667","68.6933590909091","69.54651","72.2152833333333","73.6323047619048","71.8542388888889","70.73107","70.7328695652174","71.2217684210526","69.4786473684211","69.4274055555556","69.7731227272727","69.4388631578947","68.8083043478261","71.145695","71.3336631578947","71.0394473684211","71.451695","71.1926047619048","71.3137826086957","71.4885166666667","74.3507","76.2364882352941","75.6598777777778","75.7268363636364","74.9933913043478","74.6719238095238","73.4817409090909","73.45811","74.2197894736842","73.5936454545454","73.109395","72.7564631578947","72.7928","74.4722117647059","73.2677421052631","73.5582590909091","74.5269666666666","74.18459","73.5634095238095","74.9152842105263","74.4965105263158","75.3725217391304","74.4416","75.0031263157895","76.2444714285714","76.1678333333333","77.319275","78.0745772727273","79.6015523809524","79.555047368421","80.2315545454546","82.3401166666667","81.8105190476191","82.4642136363636","81.8995904761905","82.608545","82.28857","82.0207823529412","82.3433238095238","82.2336571428571","82.1519428571429","82.7853857142857","83.04746","83.235335","83.298005","83.27872","83.120980952381","82.96364","82.9976277777778","83.4060111111111","83.39294","83.4709157894737","83.5946545454545","83.8962904761905","83.808215","84.0295136363636","84.3643611111111","84.9862285714286"
"IMF.STA:ER(4.0.1)","HND.XDC_USD.PA_RT.M","OBS_VALUE","Honduras","Domestic currency per US Dollar","Period average","Monthly","Units","21.6061","21.7755","21.8358","21.9403","21.9378","21.9247","21.9191","21.9807","21.948","22.0385","22.1451","22.2905","22.4548","22.5875","22.6261","22.5902","22.608","22.7417","22.8394","22.88897826086957","22.9656","23.08148333333334","23.18045909090909","23.456","23.58739047619048","23.5673","23.5316652173913","23.46232666666667","23.47023636363637","23.44368636363636","23.43496190476191","23.37232608695653","23.382735","23.46616470588236","23.5682619047619","23.55795263157895","23.59888181818182","23.563805","23.6163105263158","23.65141904761904","23.80158636363636","23.95255714285714","23.98616818181818","23.9976","24.0393","24.07404444444444","24.22240909090908","24.32865789473685","24.33721363636364","24.38353","24.4229","24.4331","24.45749090909091","24.50532","24.49948260869566","24.5406","24.60558947368421","24.63497368421052","24.63685238095238","24.64541428571429","24.64951818181818","24.67142","24.71522272727273","24.8058","24.83038095238095","24.77546818181818","24.67907391304348","24.54102857142857","24.48278095238095","24.398","24.2852","24.14867272727272","24.09635","24.07613","24.0291","24.01377894736842","23.99831904761904","23.96450454545454","23.76459545454545","23.75989090909091","24.05874285714286","24.08763888888889","24.10690454545454","24.24390869565218","24.4288","24.49123","24.37518260869565","24.33732777777778","24.37621428571429","24.39289090909091","24.4313619047619","24.45714782608696","24.58863333333333","24.67237142857143","24.66868181818182","24.61064285714286","24.58558095238096","24.55523","24.57602173913043","24.5661875","24.55870909090909","24.59356363636364","24.59116666666667","24.58846521739131","24.623795","24.66040526315789","24.67443181818182","24.646205","24.64252727272728","24.66315238095238","24.67246111111111","24.66762380952381","24.6924","24.70693500000001","24.7345","24.7588","24.7876","24.89904736842106","25.07334761904761","25.29299473684211"
"IMF.STA:ER(4.0.1)","CHL.XDC_USD.PA_RT.M","OBS_VALUE","Chile","Domestic currency per US Dollar","Period average","Monthly","Units","621.333684210526","623.6175","628.503181818182","614.805909090909","607.695","629.994761904762","650.139545454545","688.115714285714","691.729047619047","685.314285714286","704.002380952381","704.238","721.948","704.084761904762","682.067727272727","669.932380952381","682.2915","681.071904761905","657.4635","658.792857142857","668.632380952381","663.922105263158","666.117619047619","667.168095238095","661.194285714286","643.2095","661.202608695652","655.743333333333","671.389545454545","665.153333333333","658.171428571428","644.241818181818","625.541578947369","629.5465","633.687894736842","636.9236842105263","605.5971428571429","597.0331578947367","603.1385","600.5547619047619","625.437619047619","636.1461904761906","652.4257894736842","656.2509090909091","680.941875","677.0959090909091","678.5316666666668","682.1682352941176","677.3933333333333","655.9005263157895","668.231","667.0845454545455","692.0880952380952","692.409","686.4885714285714","713.7033333333333","717.865","721.687894736842","770.6788235294118","771.2389473684211","775.1088888888889","796.5715789473684","839.3754545454545","853.3790476190476","822.6972222222222","793.7180952380952","782.93","784.6619047619048","773.3673684210526","788.2671428571429","762.2578947368421","740.391875","722.9505263157895","722.5336842105263","726.3660869565217","707.8452380952381","710.5466666666667","726.5445","751.9157894736842","779.8895","786.1323529411765","813.9505","812.3068421052632","846.4828571428571","822.383","807.9761111111111","799.1873913043478","815.123","850.682380952381","856.8284210526316","950.0168421052632","904.3522727272727","922.8752631578947","955.8947368421053","916.9221052631578","877.52875","826.436","798.8394444444444","809.5039130434783","803.8368421052631","798.374761904762","800.7416666666667","814.7573684210525","855.6595454545455","886.2833333333333","926.347","888.8211111111111","871.1973333333333","907.9542857142857","963.1625","967.9325","960.1381818181818","918.4342105263158","925.5905555555556","937.511","929.8952380952381","926.9335294117647","934.1809523809524","971.0705555555556","980.0625"
"IMF.STA:ER(4.0.1)","GBR.XDC_USD.PA_RT.M","OBS_VALUE","United Kingdom","Domestic currency per US Dollar","Period average","Monthly","Units","0.65556575324505","0.652512838012764","0.667745388665762","0.6692104629176","0.64630406947141","0.643011856372692","0.642806956702603","0.640859201697342","0.651214730916101","0.660763843002511","0.657396983960323","0.667153662212953","0.694408181402733","0.6997055237152","0.702962076505912","0.698810891956864","0.68853023953722","0.704277439329059","0.760458907606986","0.762492929497632","0.761105907981426","0.810370715","0.804372221054895","0.800118530777082","0.813702754383824","0.800973002458238","0.81086784564546","0.7915","0.773408985","0.781178428641213","0.769826717","0.7714755308087075","0.7502987126749837","0.7573162155826827","0.7571441280633578","0.7460278678710043","0.723511637","0.716643566","0.715826933499678","0.7105084195247714","0.7416471984277079","0.7523470541134571","0.759434619007925","0.7764550591341117","0.7655872557927758","0.768502572737022","0.7750736319950395","0.7888405358856709","0.7757579339719174","0.7686550559297693","0.7592932064952109","0.7666830225711482","0.778733889942652","0.7888348317908326","0.8019158498667729","0.8233070748273864","0.8089878550698258","0.7913626365325366","0.7762436751461073","0.7615662879989848","0.7649827332468779","0.7715234746168778","0.807687718557543","0.8058423570888945","0.8127681600212174","0.7985973726146438","0.78843922823063","0.7621399365137433","0.7718401827717553","0.7710255925423465","0.7574911891814309","0.7476569749798794","0.7329709627766486","0.7217638388719212","0.7216535278660237","0.7225035781129585","0.7102679091093835","0.7127468290865503","0.7243581733859942","0.7245189280569957","0.728575098836964","0.7299776261857573","0.7420186617693435","0.7534242022013281","0.7381665109394335","0.738849688808177","0.7589656947505974","0.7727770965137584","0.8038455973376634","0.8128377019794738","0.8344528909620407","0.8332102454561635","0.8834663686440116","0.8853572970041722","0.8545091379070935","0.8191823596306932","0.8183105161084425","0.8262971233987771","0.8239194564997397","0.803254071494075","0.8011985930952705","0.792575455070407","0.7750024983633168","0.7868735190235613","0.8072230316875401","0.8221350063128224","0.8065735746332611","0.7911040351250191","0.7875078750787511","0.7916982521281839","0.7865005053265747","0.7985215943054002","0.7920015387458464","0.7867641426030713","0.7771129145064776","0.7740608522409985","0.7563896011557633","0.7657101091136904","0.7842505969591717","0.7884569896712134"
"IMF.STA:ER(4.0.1)","GIB.XDC_USD.PA_RT.M","OBS_VALUE","Gibraltar","Domestic currency per US Dollar","Period average","Monthly","Units","0.65556575324505","0.652512838012764","0.667745388665762","0.6692104629176","0.64630406947141","0.643011856372692","0.642806956702603","0.640859201697342","0.651214730916101","0.660763843002511","0.657396983960323","0.667153662212953","0.694408181402733","0.6997055237152","0.702962076505912","0.698810891956864","0.68853023953722","0.704277439329059","0.760458907606986","0.762492929497632","0.761105907981426","0.810370715","0.804372221054895","0.800118530777082","0.813702754383824","0.800973002458238","0.81086784564546","0.7915","0.773408985","0.781178428641213","0.769826717","0.7714755308087075","0.7502987126749837","0.7573162155826827","0.7571441280633578","0.7460278678710043","0.723511637","0.716643566","0.715826933499678","0.7105084195247714","0.7416471984277079","0.7523470541134571","0.759434619007925","0.7764550591341117","0.7655872557927758","0.768502572737022","0.7750736319950395","0.7888405358856709","0.7757579339719174","0.7686550559297693","0.7592932064952109","0.7666830225711482","0.778733889942652","0.7888348317908326","0.8019158498667729","0.8233070748273864","0.8089878550698258","0.7913626365325366","0.7762436751461073","0.7615662879989848","0.7649827332468779","0.7715234746168778","0.807687718557543","0.8058423570888945","0.8127681600212174","0.7985973726146438","0.78843922823063","0.7621399365137433","0.7718401827717553","0.7710255925423465","0.7574911891814309","0.7476569749798794","0.7329709627766486","0.7217638388719212","0.7216535278660237","0.7225035781129585","0.7102679091093835","0.7127468290865503","0.7243581733859942","0.7245189280569957","0.728575098836964","0.7299776261857573","0.7420186617693435","0.7534242022013281","0.7381665109394335","0.738849688808177","0.7589656947505974","0.7727770965137584","0.8038455973376634","0.8128377019794738","0.8344528909620407","0.8332102454561635","0.8834663686440116","0.8853572970041722","0.8545091379070935","0.8191823596306932","0.8183105161084425","0.8262971233987771","0.8239194564997397","0.803254071494075","0.8011985930952705","0.792575455070407","0.7750024983633168","0.7868735190235613","0.8072230316875401","0.8221350063128224","0.8065735746332611","0.7911040351250191","0.7875078750787511","0.7916982521281839","0.7865005053265747","0.7985215943054002","0.7920015387458464","0.7867641426030713","0.7771129145064776","0.7740608522409985","0.7563896011557633","0.7657101091136904","0.7842505969591717","0.7884569896712134"
"IMF.STA:ER(4.0.1)","BOL.XDC_USD.PA_RT.M","OBS_VALUE","Bolivia","Domestic currency per US Dollar","Period average","Monthly","Units","6.91","6.91","6.91","6.91","6.91","6.91","6.91","6.91","6.91","6.91","6.91","6.91","6.91","6.91","6.91","6.91","6.91","6.91","6.91","6.91","6.91","6.91","6.91","6.91","6.91","6.91","6.91","6.91","6.91","6.91","6.91","6.91","6.91","6.91","6.91","6.91","6.91","6.91","6.91","6.91","6.91","6.91","6.91","6.91","6.91","6.91","6.91","6.91","6.91","6.91","6.91","6.91","6.91","6.91","6.91","6.91","6.91","6.91","6.91","6.91","6.91","6.91","6.91","6.91","6.91","6.91","6.91","6.91","6.91","6.91","6.91","6.91","6.91","6.91","6.91","6.91","6.91","6.91","6.91","6.91","6.91","6.91","6.91","6.91","6.91","6.91","6.91","6.91","6.91","6.91","6.91","6.91","6.91","6.91","6.91","6.91","6.91","6.91","6.91","6.91","6.91","6.91","6.91","6.91","6.91","6.91","6.91","6.91","6.91","6.91","6.91","6.91","6.91","6.91","6.91","6.91","6.91","6.91","6.91","6.91"
"IMF.STA:ER(4.0.1)","DNK.XDC_USD.PA_RT.M","OBS_VALUE","Denmark","Domestic currency per US Dollar","Period average","Monthly","Units","6.40537","6.56890555555556","6.8851","6.92876842","6.702647","6.653748","6.7863","6.7013","6.649282","6.641077","6.949729","6.862655","6.862655","6.728429","6.72137","6.56171","6.585089","6.623795","6.72305","6.63692608695652","6.642432","6.748548","6.892377","7.054238","7.005736","6.98537894736842","6.98621","6.933541","6.732942","6.62404285","6.46125238","6.29995217","6.24485238","6.33142272","6.34062272","6.28876842","6.10417727","6.03029","6.03795","6.06170526","6.30992631","6.379375","6.37732272","6.45646521","6.39745","6.49606956","6.5641","6.56059411","6.53962727","6.574515","6.60263809","6.64293684","6.673521","6.61093888","6.65496086","6.70523181","6.78267619","6.75830869","6.76153809","6.72646666","6.73230454","6.851725","6.75452727","6.86968421","6.84278235","6.62197","6.4978","6.2953619","6.31101363","6.32048636","6.29017619","6.117995","6.112085","6.14729","6.2498","6.20469444","6.12200555","6.17347272","6.29121363","6.31767727","6.31790909","6.41284285","6.51680454","6.5795619","6.57694285","6.560795","6.7526","6.87962777","7.03652631","7.04667142","7.31265714","7.34598695","7.51083181","7.57167142","7.29525454","7.02425714","6.90794545","6.94864","6.95546956","6.79257058","6.85044444","6.868105","6.738676","6.831517","6.979686","7.063186","6.901386","6.838805","6.838345","6.906262","6.856389","6.953914","6.898111","6.937032","6.880035","6.77625","6.717238","6.841126","7.017319","7.111756"
"IMF.STA:ER(4.0.1)","COM.XDC_USD.PA_RT.M","OBS_VALUE","Comoros, Union of the","Domestic currency per US Dollar","Period average","Monthly","Units","423.3315884580204","433.4651288806263","453.9418652932243","456.4004619966046","441.2444896879246","438.7387663109016","447.4149476281279","441.6605142783706","438.4277502774714","437.8849748353338","458.2411978390462","452.2933956823634","453.0235781079501","443.4957738074949","443.2274993242907","433.8649668448841","434.9427954863253","438.1260423582024","444.4745825786474","438.797000426563","438.783233197924","446.1868540728078","455.5697942140672","466.6339695845894","463.4904739269558","462.2605741990952","460.4415193612932","458.8110078338579","444.9177029165725","438.104761018084","427.3839323388465","416.6838485757873","412.9126699599679","418.4871186139089","419.1239989776793","415.6463328412291","403.2687815074388","398.4254280114676","398.8003840809233","400.7459495124753","416.4902508571723","421.2670952194446","420.9988291855742","425.9845892344924","421.974791357527","428.3924481227212","432.8087023285248","432.1492024965246","430.9303793184486","433.4078485439801","435.2743077791708","437.7618846350633","439.8620870434531","435.6241255954805","438.5368067962865","442.1694235978162","447.0847036982446","445.1163511126794","445.1813138277398","442.6777913249261","443.1996699534678","451.1396148555708","444.6800673801881","452.9297360498623","451.269967941221","437.1262838195287","429.164229797686","415.9315089174366","417.1901993963791","417.8005550966143","415.5868457255866","404.2553616649451","404.2180702251692","406.6554939286984","413.4499998172951","410.6884073093972","405.0482525954191","408.3705798457537","416.1523569670934","417.9199359023928","417.9731952870729","424.056164855875","431.0196169790979","435.2240015846812","434.8126609821457","433.7613186503143","446.4739914613604","454.7367748934707","465.0638086685258","465.6220100839838","483.3209087889406","485.7292963417524","496.747818783462","500.6965600298367","482.2611483415488","464.6110111752989","456.8369857925527","459.1350057395638","459.5327310606778","448.5596371170039","452.696342305038","453.8504971129139","444.8918379474667","450.9795878104935","460.4797089498814","465.7662796502421","455.1789461731708","451.2201918342499","451.1339735654325","455.7487460794425","452.5006438439322","458.5930918000874","455.0105520265471","457.261594943768","453.6737412494779","446.7486626380628","442.9747433819557","451.1665968899503","462.8044576742623","469.4908743886437"
"IMF.STA:ER(4.0.1)","BEL.XDC_USD.PA_RT.M","OBS_VALUE","Euro Area (EA)","Domestic currency per US Dollar","Period average","Monthly","Units","0.8604864616796943","0.8810844387271854","0.922706549958253","0.9277040253077657","0.8968971841912902","0.8918039166406774","0.909439587509807","0.8977428180574248","0.8911717287921238","0.8900684543556642","0.9314456035767511","0.9193557823299665","0.9208399902390961","0.9014732648786326","0.9009279557944412","0.8818971707899229","0.8840880230184301","0.8905584611149864","0.9034628440149733","0.8919222864233743","0.8918943024170263","0.9069432987686852","0.9260155654797844","0.9485052009701639","0.9421155633208798","0.9396156032567077","0.9359180949590561","0.9326038298930324","0.9043635541487678","0.8905152035231659","0.8687234729082272","0.8469739095210759","0.8393084098702971","0.8506393327894134","0.8519338899301414","0.844864999466386","0.8197057256444936","0.8098608659032378","0.8106230216938474","0.8145776822006631","0.8465803924285124","0.8562900621421721","0.8557447702325492","0.8658790931610708","0.8577285632188838","0.8707734361098287","0.8797501509571","0.8784096162736778","0.8759321709978928","0.8809680076468023","0.8847618726617157","0.8898182546214936","0.8940872385302759","0.8854729310924965","0.8913934029136799","0.8987772543989239","0.9087683160090161","0.904767337112401","0.9048993838066413","0.8998105898708322","0.9008713883246773","0.9170105456212746","0.9038805234290014","0.9206492418453494","0.917275508285291","0.8885262983590463","0.8723422008814317","0.8454446636338186","0.8480031453207637","0.8492437870096451","0.8447440827688129","0.8217111013169972","0.821635300739061","0.8265897387149836","0.8404006153193886","0.8347872544681988","0.8233227738920266","0.8300759142154212","0.8458935712088718","0.8494864468298842","0.8495947047079263","0.861959274476579","0.8761135602467803","0.8846596175962372","0.8838235046548187","0.881686489917915","0.9075269496046448","0.9243223257895883","0.9453136077893841","0.9464482378854788","0.982423967402214","0.9873193849429204","1.00971622384488","1.017742646809342","0.9802698415527212","0.9443932273513842","0.9285913269570062","0.9332624053905237","0.9340708431816472","0.911766344678089","0.9201748332183115","0.9225208301009851","0.9043109796271538","0.9166852660778954","0.9359957211623758","0.9467414879333901","0.9252211068168001","0.9171743307040958","0.9169990788327741","0.9263793126265746","0.9197770460440389","0.932160882090518","0.9248788198546491","0.9294544102611767","0.9221615466653615","0.9080852609506677","0.9004141905276427","0.9170653907495976","0.9407211299404531","0.9543122986997495"
"IMF.STA:ER(4.0.1)","SWE.XDC_USD.PA_RT.M","OBS_VALUE","Sweden","Domestic currency per US Dollar","Period average","Monthly","Units","8.1055","8.36174","8.5326","8.65291","8.34556","8.26982","8.53643","8.54445","8.3707","8.32247","8.67557","8.50034","8.5479","8.48382","8.36701","8.11587","8.21873","8.31353","8.5599","8.46595","8.53154","8.80535","9.12398","9.21032","8.9615","8.9045","8.9183","8.94835","8.78194","8.68638","8.33172","8.08766","8.0019","8.17835","8.38998","8.39575","8.05104","8.04934","8.23663","8.44931","8.7555","8.80235","8.82092","9.06354","8.95754","9.04253","9.05431","9.02721","8.99475","9.24926","9.29015","9.32739","9.60002","9.41051","9.41376","9.64918","9.72116","9.77431","9.63698","9.43272","9.508527","9.69134","9.83535","10.02097","9.721345","9.31818181818182","9.03543478260869","8.71567142857143","8.84377727272727","8.82952727272727","8.64324285714286","8.36034090909091","8.294995","8.339475","8.54688695652174","8.484065","8.351415","8.39630476190476","8.62645","8.67840454545454","8.6416","8.66778571428572","8.80370909090909","9.08770952380952","9.15546666666666","9.288585","9.57169130434783","9.53877894736842","9.92247272727273","10.0486285714286","10.3900571428571","10.3714782608696","10.8930090909091","11.1459714285714","10.6699","10.3749761904762","10.4061409090909","10.427065","10.4884260869565","10.3368777777778","10.4643363636364","10.7724181818182","10.523819047619","10.8283826086957","11.0837571428571","11.0270045454545","10.68695","10.2767578947368","10.3471863636364","10.4220619047619","10.398845","10.8055904761905","10.7462681818182","10.489295","10.6347565217391","10.4041772727273","10.2270904761905","10.46000435","10.8976666666667","10.978695"
"IMF.STA:ER(4.0.1)","IDN.XDC_USD.PA_RT.M","OBS_VALUE","Indonesia","Domestic currency per US Dollar","Period average","Monthly","Units","12579.0952380952","12749.84","13066.82","12947.76","13140.53","13313.24","13374.79","13781.75","14396.1","13795.86","13672.57","13854.6","13889.05","13515.7","13193.14","13179.86","13419.65","13355.05","13118.8235294118","13165.0","13118.24","13017.2380952381","13310.5","13417.67","13358.7142857143","13340.8421052632","13345.5","13306.3888888889","13323.35","13298.25","13342.0952380952","13341.8181818182","13303.4736842105","13526.0","13527.3636363636","13556.2105263158","13380.3636363636","13590.0526315789","13758.2857142857","13802.9523809524","14059.7","14036.1428571429","14414.5","14559.8571428571","14868.7368421053","15178.8695652174","14696.8571428571","14496.9473684211","14163.1363636364","14035.2105263158","14211.0","14142.5789473684","14392.8095238095","14226.5333333333","14043.9130434783","14242.0454545455","14111.0952380952","14117.5652173913","14068.7164285714","14017.45225","13732.2284090909","13776.15275","15194.5738095238","15867.4319047619","14906.1909375","14195.955","14582.4111363636","14724.5025","14847.9565909091","14749.1379545455","14236.8121428571","14173.0884782609","14061.9025","14042.1025","14417.3934782609","14558.1840909091","14323.1926190476","14338.2288636364","14511.1921428571","14397.702","14256.9570454545","14198.45275","14263.5029545455","14328.9158695652","14335.2404761905","14351.0580555556","14348.6390909091","14368.7389473684","14608.0026666667","14688.5733333333","14984.3814285714","14850.6368181818","14971.7729545455","15417.4761904762","15658.7272727273","15615.0","15295.2380952381","15126.0","15300.7142857143","14866.7142857143","14810.8573809524","14932.0002941176","15039.75","15245.1365909091","15354.2","15741.2275","15617.4090909091","15513.3684210526","15610.8186363636","15665.3336111111","15702.6111111111","16100.0","16083.9447222222","16329.3888888889","16261.652826087","15793.1818181818","15341.25","15541.347826087","15812.35","16023.5"
"IMF.STA:ER(4.0.1)","KOR.XDC_USD.PA_RT.M","OBS_VALUE","Korea, Republic of","Domestic currency per US Dollar","Period average","Monthly","Units","1088.86","1098.4","1112.57","1088.66","1091.27","1112.2","1143.22","1179.1","1184.76","1148.18","1151.97","1172.24","1201.67","1217.35","1188.21","1147.51","1171.51","1170.5","1144.09","1111.68","1107.49","1125.28","1161.64","1182.28","1185.1","1144.92","1134.77","1132.73","1125.28","1130.04","1134.4","1130.79","1131.59","1131.57","1105.04","1085.78","1066.7","1079.58","1071.89","1067.76","1076.39","1092.8","1122.8","1121.15","1120.6","1130.81","1128.58","1122.9","1122.0","1122.45","1130.72","1140.95","1183.29","1175.62","1175.31","1208.98","1197.55","1184.13","1167.45","1175.84","1164.28","1193.79","1220.09","1225.23","1228.67","1210.01","1198.9","1186.85","1178.8","1144.68","1116.76","1095.13","1097.49","1111.72","1131.02","1119.4","1123.28","1121.3","1143.98","1160.34","1169.54","1182.82","1182.91","1183.62","1194.01","1198.34","1221.03","1232.34","1269.88","1277.35","1307.4","1318.44","1391.59","1426.66","1364.1","1296.22","1247.25","1270.74","1305.73","1320.01","1328.21","1296.71","1286.3","1318.47","1329.47","1350.69","1310.39","1303.98","1323.57","1331.74","1330.69","1367.83","1365.39","1380.13","1383.38","1354.15","1334.82","1361.0","1393.38","1434.42"
"IMF.STA:ER(4.0.1)","BRN.XDC_USD.PA_RT.M","OBS_VALUE","Brunei Darussalam","Domestic currency per US Dollar","Period average","Monthly","Units","1.33848421052632","1.35442","1.37725714285714","1.34955789473684","1.3345","1.34588947368421","1.36129047619048","1.39992105263158","1.41414444444444","1.40192857142857","1.41302777777778","1.40850909090909","1.43326842105263","1.40646111111111","1.37478636363636","1.3509","1.37008","1.35557","1.35120526315789","1.34743636363636","1.35927","1.382905","1.407865","1.436415","1.42898888888889","1.41485263157895","1.40525909090909","1.39804736842105","1.3951","1.38373333333333","1.37082631578947","1.360668181818182","1.349331578947368","1.360231578947368","1.35697","1.346685","1.322004761904762","1.3203","1.31465","1.3149","1.33874","1.347445","1.36322","1.368942857142857","1.371489473684211","1.378940909090909","1.375736842105263","1.370652941176471","1.356271428571429","1.353670588235294","1.354047619047619","1.3561","1.37062","1.362973684210526","1.361142857142857","1.385035","1.379735","1.371461904761905","1.361205263157895","1.358358823529412","1.351061111111111","1.389027777777778","1.414547619047619","1.424465","1.418213333333333","1.393480952380952","1.387577777777778","1.369721052631579","1.365625","1.359685","1.348789473684211","1.334247058823529","1.325442105263158","1.328135294117647","1.342354545454545","1.334122222222222","1.33068","1.333040909090909","1.355022222222222","1.355011111111111","1.348561111111111","1.351210526315789","1.356136842105263","1.365966666666667","1.350725","1.34565","1.359347826086957","1.3662","1.38293125","1.383638095238095","1.39486875","1.384309090909091","1.414042857142857","1.423722222222222","1.388955","1.353086666666667","1.326372222222222","1.330673684210526","1.341513636363636","1.331877777777778","1.3387","1.3457875","1.333433333333333","1.350540909090909","1.363933333333333","1.369104761904762","1.349555555555556","1.3354625","1.33572380952381","1.344552631578947","1.34013","1.35697619047619","1.351295","1.351705555555556","1.34668","1.315880952380952","1.29594","1.309138095238095","1.336733333333333","1.34764375"
"IMF.STA:ER(4.0.1)","DZA.XDC_USD.PA_RT.M","OBS_VALUE","Algeria","Domestic currency per US Dollar","Period average","Monthly","Units","92.9012","93.9586","96.4794","98.0243","98.3472","98.5561","99.5452","103.4645","105.9867","105.9767","107.7834","107.2739","107.4411","106.5487","109.5423","108.7676","109.787","110.1451","110.6086","109.4703","109.3162","110.1722","110.6175","110.9002","110.0475","109.9259","109.8772","109.9478","108.937","108.4008","108.7211","109.6243","111.7448","114.1349","115.073","115.2419","114.2968","113.8607","114.0351","114.2165","115.974","116.9667","117.6772","118.3993","117.9911","118.67","118.5182","118.5199","118.3305","118.6176","118.9239","119.3079","119.5117","119.0572","119.2523","119.6585","120.1191","119.9325","119.8986","119.6329","119.6404","120.5274","121.3511","127.5983","128.6924","128.7417","128.4361","128.3389","128.7995","128.9041","128.6956","131.5961","132.6737","132.9357","133.7369","132.9544","133.5319","134.0023","134.8851","135.338","136.4595","137.1327","138.2231","138.8954","139.5433","140.5461","142.4888","143.5684","145.5707","145.8061","146.3142","142.4505","140.5599","140.2631","139.2511","137.5775","136.2533","136.4209","135.9905","135.4444","135.9522","135.9001","135.0427","136.0441","137.0188","137.1677","134.548","134.3325","134.4215","134.4498","134.4495","134.4717","134.4136","134.4992","134.3518","134.2022","132.4733","133.1662","133.5051","134.235"
"IMF.STA:ER(4.0.1)","BGD.XDC_USD.PA_RT.M","OBS_VALUE","Bangladesh","Domestic currency per US Dollar","Period average","Monthly","Units","77.8713","77.8","77.8","77.8","77.8","77.8","77.8","77.8","77.8001","77.8143","78.511","78.7662","78.5001","78.5516","78.4134","78.4","78.4","78.4","78.4","78.4","78.4","78.4008","78.5472","78.804","78.8534","79.236","79.5352","79.8322","80.4926","80.5874","80.6263","80.6939","80.7377","80.8217","81.2842","82.5499","82.8168","82.92","82.96","82.974615","83.384615","83.701042","83.747222","83.75","83.75","83.816667","83.873462","83.9","83.94","84.04","84.21","84.330962","84.492308","84.5","84.5","84.5","84.5","84.75","84.781","84.898","84.9","84.95","84.95","84.95","84.95","84.9","84.8137","84.84","84.802","84.801","84.8","84.8","84.8025","84.800719","84.8","84.8","84.8","84.814825","84.8","84.95","85.25","85.612115","85.775","85.8","85.9538461538461","86.0","86.0592592592592","86.2298","87.1826923076923","92.0346846153846","93.8873076923077","94.9055555555555","95.6153846153846","96.6153846153846","97.6153846153846","98.8461538461538","99.888889","100.958333333333","101.962962962963","102.92","104.388888888889","105.884615384615","108.757173","109.457778","109.97","110.490556","110.880769","110.153846","110.0","110.0","110.0","110.0","115.027592592593","117.93795","117.927777777778","118.725","118.872151898734","119.998148148148","119.319465648855","119.435759493671"
"IMF.STA:ER(4.0.1)","MEX.XDC_USD.PA_RT.M","OBS_VALUE","Mexico","Domestic currency per US Dollar","Period average","Monthly","Units","14.6757","14.9167","15.2003","15.2228","15.2555","15.4562","15.8881","16.488","16.8372","16.602","16.6348","17.0019","17.978","18.4837","17.7383","17.4924","18.0405","18.6471","18.5699","18.476","19.1386","18.948","19.9425","20.5137","21.3732","20.3812","19.4067","18.7584","18.7862","18.1901","17.8513","17.8078","17.7991","18.7247","18.977","19.0625","19.0025","18.6282","18.6839","18.3464","19.4894","20.3105","19.1171","18.8089","19.0539","19.0638","20.25","20.1775","19.2154","19.1902","19.2339","19.0231","19.0883","19.2912","19.0669","19.5896","19.6242","19.3701","19.2931","19.1776","18.806","18.7664","21.969","24.2579","23.6004","22.2153","22.4836","22.237","21.645","21.3558","20.5088","19.9821","19.8889","20.2415","20.7895","20.0534","19.9829","20.0366","19.9715","20.0529","20.0078","20.4723","20.7843","20.9873","20.4734","20.4823","20.6061","20.0475","20.1101","19.9743","20.5254","20.142","20.073","20.0146","19.497","19.5825","19.0436","18.6418","18.403","18.0891","17.768","17.293","16.9447","16.966","17.2426","18.0338","17.4537","17.2253","17.0626","17.0996","16.8445","16.7691","16.8011","18.0839","18.0786","19.0568","19.6395","19.6659","20.3185","20.2382"
"IMF.STA:ER(4.0.1)","TTO.XDC_USD.PA_RT.M","OBS_VALUE","Trinidad and Tobago","Domestic currency per US Dollar","Period average","Monthly","Units","6.3736","6.367","6.3706","6.3717","6.3647","6.365","6.3647","6.3597","6.3625","6.3627","6.4329","6.4342","6.4593","6.519","6.5944","6.6315","6.6656","6.6654","6.7025","6.7392","6.7421","6.7507","6.7777","6.7802","6.7776","6.7782","6.7754","6.7801","6.7802","6.7772","6.7792","6.782","6.7803","6.7824","6.78","6.7817","6.7832","6.7771","6.782","6.7787","6.7785","6.7832","6.7806","6.755259090909091","6.753129411764706","6.756361904761905","6.754636842105263","6.766323529411765","6.760433333333333","6.750231578947368","6.758431578947368","6.75814","6.75442","6.754488235294118","6.755744444444444","6.752031578947368","6.754266666666667","6.751305","6.7493","6.753127777777778","6.755214285714286","6.75154375","6.754806666666667","6.746261111111111","6.7481","6.754710526315789","6.750935","6.746721052631579","6.746723529411765","6.748145","6.7491125","6.760358823529412","6.762963157894737","6.750031578947368","6.762455","6.758805882352941","6.760916666666667","6.751666666666667","6.755822222222222","6.760733333333333","6.761525","6.757405555555556","6.753610526315789","6.766425","6.76411","6.7548","6.758186363636364","6.755038888888889","6.747547058823529","6.758176470588235","6.756363157894737","6.74771","6.75771","6.74249375","6.754136842105263","6.753275","6.756884210526316","6.74721875","6.752052380952381","6.753047058823529","6.753185714285714","6.748572222222222","6.751421052631579","6.745742857142857","6.74026875","6.7501","6.747705555555556","6.75695","6.74402380952381","6.7505","6.754715789473684","6.749121052631579","6.745915","6.7474","6.743828571428571","6.750952380952381","6.755784210526316","6.750011111111111","6.757047058823529","6.75218"
"IMF.STA:ER(4.0.1)","UGA.XDC_USD.PA_RT.M","OBS_VALUE","Uganda","Domestic currency per US Dollar","Period average","Monthly","Units","2860.71175","2868.8475","2951.73681255155","2995.578","3007.603","3199.90275","3360.09409090909","3548.25119047619","3667.50476190476","3636.02452380952","3428.99809523809","3362.49256916996","3451.20894736842","3435.11396135266","3365.49689130435","3343.57207729469","3348.91925465838","3367.992602657","3379.29338888889","3373.535","3381.40619047619","3435.84835978836","3560.62343434343","3598.16597883598","3609.4773015873","3585.34954678363","3599.01411363636","3618.69722222222","3623.60659090909","3591.09857142857","3601.5305","3606.03173913043","3599.866","3637.90952380952","3638.85080808081","3623.26157894737","3640.05304232804","3637.56260233918","3660.11786111111","3697.2425","3726.84303030303","3840.47675","3760.44343915344","3729.5325","3800.67941666667","3777.97772727273","3739.77228535354","3714.12678362573","3702.43409090909","3672.894","3706.1915","3736.97575","3765.62933080808","3728.98830246914","3696.48695652174","3693.73386363636","3675.49642857143","3695.83636363636","3697.44285714286","3676.47941666667","3680.79272727273","3676.8465","3772.9075","3785.74641666667","3791.46","3737.9445","3703.53704545455","3677.52761904762","3695.08727272727","3719.91692857143","3710.67738095238","3666.54318181818","3691.563657289","3667.31578947368","3662.86954545455","3623.302","3552.78657894737","3540.35210526316","3552.30571428571","3537.03681818182","3530.63136363636","3579.94238095238","3551.52279545455","3554.99173913044","3528.8335","3514.50684210526","3589.84227272727","3541.45611111111","3633.0680952381","3747.38075","3791.5919047619","3832.44913043478","3825.32636363636","3822.26761904762","3760.22818181818","3690.85785714286","3693.61047619048","3685.71578947368","3744.515","3745.81941176471","3729.55454545454","3707.788","3661.22952380952","3689.12260869565","3738.02225","3755.62531746032","3782.02518939394","3780.65740740741","3805.03362433863","3873.58773611111","3895.7797368421","3822.6875","3791.40079365079","3747.19052631579","3705.85480676328","3723.64728650138","3711.31308802309","3667.92606749311","3678.64754689755","3664.08171212121"
"IMF.STA:ER(4.0.1)","CRI.XDC_USD.PA_RT.M","OBS_VALUE","Costa Rica","Domestic currency per US Dollar","Period average","Monthly","Units","537.619516129032","536.904642857143","533.325322580645","532.147166666667","532.846290322581","535.7675","534.528387096774","534.242903225806","535.010166666666","534.565483870968","533.487666666667","534.344193548387","536.428387096774","536.699137931035","535.414838709678","536.071","537.512741935484","543.392833333333","548.217741935484","550.647419354839","552.188833333333","553.437096774194","554.363666666667","552.498709677419","554.797903225807","560.364642857143","559.931612903226","562.096333333333","574.173709677419","570.543333333333","572.034677419355","574.745322580645","575.8275","571.311129032258","567.6985","566.632419354839","569.060161290323","570.649821428571","567.216935483871","565.205833333333","565.256129032258","567.316","567.093870967742","567.845","579.152666666667","592.392741935484","611.3715","601.10935483871","606.142741935484","610.057142857143","603.757096774194","599.807","591.990967741935","586.421166666667","576.926451612903","568.503870967742","577.9055","581.144677419355","576.4345","568.444032258064","570.131290322581","571.175689655172","571.182580645161","568.9445","569.879032258064","577.507166666667","582.064677419355","592.83064516129","598.005","603.437096774194","607.46","606.192580645161","611.828387096774","611.008392857143","610.957096774194","613.225333333333","615.4","617.521","618.908225806452","620.449677419355","624.773333333333","629.78629032258","637.631","637.927903225807","638.56064516129","642.425535714286","650.094193548387","658.628","673.004032258064","689.032666666667","681.277419354839","659.241612903226","642.5035","625.508275862069","612.156833333333","593.197096774194","575.983225806452","567.331607142857","548.050806451613","538.745","541.29435483871","543.233666666667","544.165161290323","539.669032258064","536.214833333333","534.242419354839","532.860166666667","526.819032258064","518.305","516.416607142857","506.805967741935","501.776","512.215483870968","525.625166666667","526.207096774193","522.78564516129","519.005166666667","515.683064516129","510.469","506.023064516129"
"IMF.STA:ER(4.0.1)","GUY.XDC_USD.PA_RT.M","OBS_VALUE","Guyana","Domestic currency per US Dollar","Period average","Monthly","Units","206.5","206.5","206.5","206.5","206.5","206.5","206.5","206.5","206.5","206.5","206.5","206.5","206.5","206.5","206.5","206.5","206.5","206.5","206.5","206.5","206.5","206.5","206.5","206.5","206.5","206.5","206.5","206.5","206.5","206.5","206.5","206.5","206.5","206.5","206.5","206.5","206.5","206.5","206.5","206.8","206.8","208.5","208.5","208.5","208.5","208.5","208.5","208.5","208.5","208.5","208.5","208.5","208.5","208.5","208.5","208.5","208.5","208.5","208.5","208.5","208.5","208.5","208.5","208.5","208.5","208.5","208.5","208.5","208.5","208.5","208.5","208.5","208.5","208.5","208.5","208.5","208.5","208.5","208.5","208.5","208.5","208.5","208.5","208.5","208.5","208.5","208.5","208.5","208.5","208.5","208.5","208.5","208.5","208.5","208.5","208.5","208.5","208.5","208.5","208.5","208.5","208.5","208.5","208.5","208.5","208.5","208.5","208.5","208.5","208.5","208.5","208.5","208.5","208.5","208.5","208.5","208.5","208.5","208.5","208.5"
"IMF.STA:ER(4.0.1)","CHE.XDC_USD.PA_RT.M","OBS_VALUE","Switzerland","Domestic currency per US Dollar","Period average","Monthly","Units","0.941210526315789","0.936438888888889","0.980190476190476","0.961913636363636","0.930184210526316","0.9322","0.954122727272727","0.967990476190476","0.972066666666667","0.969109523809524","1.00725789473684","0.995890909090909","1.00701578947368","0.994195","0.983039130434783","0.964257142857143","0.977185714285714","0.970077272727273","0.982035","0.970604347826087","0.973833333333333","0.98739","0.9958","1.0193","1.0086","1.0017","1.0021","1.0008","0.9867","0.9682","0.9607","0.9648","0.9622","0.9817","0.9919","0.9869","0.9616","0.9341","0.9471","0.96756","0.99689","0.98954","0.99462","0.98857","0.9679","0.99346","1.00105","0.99231","0.9892","1.00153","1.00062","1.00654","1.01077","0.9889","0.98737","0.97886","0.9905","0.99361","0.99306","0.98355","0.97017","0.97608","0.95701","0.97097","0.97072","0.95106","0.93462","0.91007","0.91437","0.91277","0.91087","0.88887","0.88663","0.89725","0.92945","0.92125","0.90282","0.9079","0.91801","0.91421","0.92233","0.92356","0.92184","0.9209","0.91868","0.92266","0.92967","0.94391","0.98024","0.96962","0.96954","0.95717","0.97293","0.99564","0.96588","0.93205","0.92411","0.92427","0.92552","0.89768","0.89699","0.90083","0.87398","0.87859","0.89823","0.90385","0.8918","0.86603","0.85893","0.87667","0.8879","0.90975","0.90912","0.89391","0.89244","0.85732","0.84719","0.86059","0.88034","0.89113"
"IMF.STA:ER(4.0.1)","NAM.XDC_USD.PA_RT.M","OBS_VALUE","Namibia","Domestic currency per US Dollar","Period average","Monthly","Units","11.5285","11.53155","12.16325","11.8153","12.1611","12.24455","12.74165","13.3276","13.90705","13.84045","14.39605","14.926","16.3801","15.7694","15.4224","14.6322","15.3563","15.0564","14.4232","13.7349","14.037","13.9435","13.9137","13.8361","13.5629","13.1955","12.9382","13.4662","13.2679","12.8967","13.1379","13.2309","13.1345","13.6756","14.0782","13.1703","12.2041","11.822","11.8356","12.0841","12.5294","13.2855","13.4145","14.089","14.7797","14.4963","14.0866","14.1805","13.8615","13.7956","14.3831","14.157385","14.437","14.5665","14.0466","15.1423","14.8485","14.9065","14.8036","14.4357","14.3972","15.0153","16.6611","18.576","18.1426","17.1332","16.7714","17.2308","16.7158","16.4613","15.5487","14.9058","15.1255","14.7521","14.9867","14.4079","14.0602","13.9167","14.5329","14.789","14.5323","14.8587","15.5126","15.8695","15.4912","15.2134","14.9786","14.9538","15.9011","15.7713","16.8427","16.6845","17.5498","18.1226","17.4796","17.2817","17.0875","17.8856","18.2693","18.1764","19.0527","18.709","18.1841","18.7538","18.9784","19.0508","18.5379","18.6702","18.7919","18.9935","18.8691","18.8737","18.4216","18.417","18.2535","18.0284","17.627","17.56","17.9309","18.1773"
"IMF.STA:ER(4.0.1)","KHM.XDC_USD.PA_RT.M","OBS_VALUE","Cambodia","Domestic currency per US Dollar","Period average","Monthly","Units","4066.0","4050.0","4021.0","4034.0","4079.0","4091.0","4101.0","4106.0","4097.0","4071.0","4045.0","4052.0","4046.0","4025.5","4004.0","4032.0","4070.5","4084.5","4090.45161290323","4099.79032258064","4097.78333333333","4077.61290322581","4034.1","4042.09677419355","4045.27419354839","4022.85714285714","4000.16129032258","4017.85","4051.48387096774","4083.21666666667","4093.24193548387","4092.95161290323","4063.26666666667","4054.83870967742","4040.85","4040.96774193548","4028.6935483871","4021.26785714286","4008.24193548387","4024.76666666667","4065.37096774194","4071.86666666667","4062.56451612903","4074.91935483871","4094.1","4079.40322580645","4048.55","4034.25806451613","4020.48387096774","4017.57142857143","4013.58064516129","4036.48333333333","4061.6935483871","4075.4","4082.43548387097","4087.12903225806","4101.75","4083.56451612903","4073.56666666667","4080.12903225806","4091.35483870968","4092.36206896552","4069.90322580645","4086.68333333333","4117.46774193548","4099.9","4103.24193548387","4105.16129032258","4108.73333333334","4104.32258064516","4072.31666666667","4061.95161290323","4074.03225806452","4087.23214285714","4073.51612903226","4072.46666666667","4098.43548387097","4106.73333333333","4109.20967741936","4117.74193548387","4121.86666666667","4108.54838709677","4103.61666666667","4111.27419354839","4105.09677419355","4092.67857142857","4065.70967741936","4069.88333333333","4092.20967741935","4091.98333333333","4097.91935483871","4103.1935483871","4116.01666666667","4134.45","4138.71666666667","4116.59677419355","4115.53","4081.125","4056.43548387097","4074.63333333333","4117.51612903226","4124.2","4129.33870967742","4141.29032258065","4130.41666666667","4131.29032258064","4120.26666666667","4105.79032258065","4085.75806451613","4078.84482758621","4051.24193548387","4053.88333333333","4080.01612903226","4114.43333333333","4111.17741935484","4092.56451612903","4065.0","4064.8064516129","4045.76666666667","4025.27419354839"
"IMF.STA:ER(4.0.1)","CZE.XDC_USD.PA_RT.M","OBS_VALUE","Czech Republic","Domestic currency per US Dollar","Period average","Monthly","Units","24.013","24.324","25.268","25.446","24.583","24.356","24.639","24.277","24.128","24.113","25.182","24.856","24.888","24.378","24.374","23.836","23.895","24.1","24.435","24.104","24.101","24.495","25.032","25.641","25.457","25.39","25.292","25.02","24.017","23.389","22.622","22.108","21.871","21.919","21.763","21.668","20.868","20.506","20.615","20.664","21.718","22.074","22.121","22.241","21.958","22.485","22.816","22.693","22.469","22.664","22.716","22.848","23.043","22.668","22.782","23.191","23.507","23.257","23.102","22.94","22.717","22.973","24.043","25.101","25.009","23.706","23.117","22.122","22.651","23.098","22.361","21.625","21.479","21.388","22.002","21.643","21.044","21.132","21.695","21.634","21.561","21.967","22.248","22.345","21.628","21.55","22.699","22.593","23.399","23.4","24.157","24.261","24.778","24.986","23.912","22.921","22.252","22.129","22.123","21.37","21.738","21.86","21.584","22.104","22.813","23.276","22.671","22.457","22.664","23.374","23.261","23.563","22.935","23.032","23.335","22.867","22.598","23.191","23.803","23.979"
"IMF.STA:ER(4.0.1)","SXM.XDC_USD.PA_RT.M","OBS_VALUE","Sint Maarten, Kingdom of the Netherlands","Domestic currency per US Dollar","Period average","Monthly","Units","1.79","1.79","1.79","1.79","1.79","1.79","1.79","1.79","1.79","1.79","1.79","1.79","1.79","1.79","1.79","1.79","1.79","1.79","1.79","1.79","1.79","1.79","1.79","1.79","1.79","1.79","1.79","1.79","1.79","1.79","1.79","1.79","1.79","1.79","1.79","1.79","1.79","1.79","1.79","1.79","1.79","1.79","1.79","1.79","1.79","1.79","1.79","1.79","1.79","1.79","1.79","1.79","1.79","1.79","1.79","1.79","1.79","1.79","1.79","1.79","1.79","1.79","1.79","1.79","1.79","1.79","1.79","1.79","1.79","1.79","1.79","1.79","1.79","1.79","1.79","1.79","1.79","1.79","1.79","1.79","1.79","1.79","1.79","1.79","1.79","1.79","1.79","1.79","1.79","1.79","1.79","1.79","1.79","1.79","1.79","1.79","1.79","1.79","1.79","1.79","1.79","1.79","1.79","1.79","1.79","1.79","1.79","1.79","1.79","1.79","1.79","1.79","1.79","1.79","1.79","1.79","1.79","1.79","1.79","1.79"
"IMF.STA:ER(4.0.1)","OMN.XDC_USD.PA_RT.M","OBS_VALUE","Oman","Domestic currency per US Dollar","Period average","Monthly","Units","0.3845","0.3845","0.3845","0.3845","0.3845","0.3845","0.3845","0.3845","0.3845","0.3845","0.3845","0.3845","0.3845","0.3845","0.3845","0.3845","0.3845","0.3845","0.3845","0.3845","0.3845","0.3845","0.3845","0.3845","0.3845","0.3845","0.3845","0.3845","0.3845","0.3845","0.3845","0.3845","0.3845","0.3845","0.3845","0.3845","0.3845","0.3845","0.3845","0.3845","0.3845","0.3845","0.3845","0.3845","0.3845","0.3845","0.3845","0.3845","0.3845","0.3845","0.3845","0.3845","0.3845","0.3845","0.3845","0.3845","0.3845","0.3845","0.3845","0.3845","0.3845","0.3845","0.3845","0.3845","0.3845","0.3845","0.3845","0.3845","0.3845","0.3845","0.3845","0.3845","0.3845","0.3845","0.3845","0.3845","0.3845","0.3845","0.3845","0.3845","0.3845","0.3845","0.3845","0.3845","0.3845","0.3845","0.3845","0.3845","0.3845","0.3845","0.3845","0.3845","0.3845","0.3845","0.3845","0.3845","0.3845","0.3845","0.3845","0.3845","0.3845","0.3845","0.3845","0.3845","0.3845","0.3845","0.3845","0.3845","0.3845","0.3845","0.3845","0.3845","0.3845","0.3845","0.3845","0.3845","0.3845","0.3845","0.3845","0.3845"
"IMF.STA:ER(4.0.1)","PAN.XDC_USD.PA_RT.M","OBS_VALUE","Panama","Domestic currency per US Dollar","Period average","Monthly","Units","1.0","1.0","1.0","1.0","1.0","1.0","1.0","1.0","1.0","1.0","1.0","1.0","1.0","1.0","1.0","1.0","1.0","1.0","1.0","1.0","1.0","1.0","1.0","1.0","1.0","1.0","1.0","1.0","1.0","1.0","1.0","1.0","1.0","1.0","1.0","1.0","1.0","1.0","1.0","1.0","1.0","1.0","1.0","1.0","1.0","1.0","1.0","1.0","1.0","1.0","1.0","1.0","1.0","1.0","1.0","1.0","1.0","1.0","1.0","1.0","1.0","1.0","1.0","1.0","1.0","1.0","1.0","1.0","1.0","1.0","1.0","1.0","1.0","1.0","1.0","1.0","1.0","1.0","1.0","1.0","1.0","1.0","1.0","1.0","1.0","1.0","1.0","1.0","1.0","1.0","1.0","1.0","1.0","1.0","1.0","1.0","1.0","1.0","1.0","1.0","1.0","1.0","1.0","1.0","1.0","1.0","1.0","1.0","1.0","1.0","1.0","1.0","1.0","1.0","1.0","1.0","1.0","1.0","1.0","1.0"
"IMF.STA:ER(4.0.1)","BHR.XDC_USD.PA_RT.M","OBS_VALUE","Bahrain, Kingdom of","Domestic currency per US Dollar","Period average","Monthly","Units","0.376","0.376","0.376","0.376","0.376","0.376","0.376","0.376","0.376","0.376","0.376","0.376","0.376","0.376","0.376","0.376","0.376","0.376","0.376","0.376","0.376","0.376","0.376","0.376","0.376","0.376","0.376","0.376","0.376","0.376","0.376","0.376","0.376","0.376","0.376","0.376","0.376","0.376","0.376","0.376","0.376","0.376","0.376","0.376","0.376","0.376","0.376","0.376","0.376","0.376","0.376","0.376","0.376","0.376","0.376","0.376","0.376","0.376","0.376","0.376","0.376","0.376","0.376","0.376","0.376","0.376","0.376","0.376","0.376","0.376","0.376","0.376","0.376","0.376","0.376","0.376","0.376","0.376","0.376","0.376","0.376","0.376","0.376","0.376","0.376","0.376","0.376","0.376","0.376","0.376","0.376","0.376","0.376","0.376","0.376","0.376","0.376","0.376","0.376","0.376","0.376","0.376","0.376","0.376","0.376","0.376","0.376","0.376","0.376","0.376","0.376","0.376","0.376","0.376","0.376","0.376","0.376","0.376","0.376","0.376"
"IMF.STA:ER(4.0.1)","CYM.XDC_USD.PA_RT.M","OBS_VALUE","Cayman Islands","Domestic currency per US Dollar","Period average","Monthly","Units","0.83333","0.83333","0.83333","0.83333","0.83333","0.83333","0.83333","0.83333","0.83333","0.83333","0.83333","0.83333","0.83333","0.83333","0.83333","0.83333","0.83333","0.83333","0.83333","0.83333","0.83333","0.83333","0.83333","0.83333","0.83333","0.83333","0.83333","0.83333","0.83333","0.83333","0.83333","0.83333","0.83333","0.83333","0.83333","0.83333","0.83333","0.83333","0.83333","0.83333","0.83333","0.83333","0.83333","0.83333","0.83333","0.83333","0.83333","0.83333","0.83333","0.83333","0.83333","0.83333","0.83333","0.83333","0.83333","0.83333","0.83333","0.83333","0.83333","0.83333","0.83333","0.83333","0.83333","0.83333","0.83333","0.83333","0.83333","0.83333","0.83333","0.83333","0.83333","0.83333","0.83333","0.83333","0.83333","0.83333","0.83333","0.83333","0.83333","0.83333","0.83333","0.83333","0.83333","0.83333","0.83333","0.83333","0.83333","0.83333","0.83333","0.83333","0.83333","0.83333","0.83333","0.83333","0.83333","0.83333","0.83333","0.83333","0.83333","0.83333","0.83333","0.83333","0.83333","0.83333","0.83333","0.83333","0.83333","0.83333","0.83333","0.83333","0.83333","0.83333","0.83333","0.83333","0.83333","0.83333","0.83333","0.83333","0.83333","0.83333"
"IMF.STA:ER(4.0.1)","ERI.XDC_USD.PA_RT.M","OBS_VALUE","Eritrea, The State of","Domestic currency per US Dollar","Period average","Monthly","Units","15.375","15.375","15.375","15.375","15.375","15.375","15.375","15.375","15.375","15.375","15.375","15.375","15.375","15.375","15.375","15.375","15.375","15.375","15.375","15.375","15.375","15.375","15.375","15.075","15.075","15.075","15.075","15.075","15.075","15.075","15.075","15.075","15.075","15.075","15.075","15.075","15.075","15.075","15.075","15.075","15.075","15.075","15.075","15.075","15.075","15.075","15.075","15.075","15.075","15.075","15.075","15.075","15.075","15.075","15.075","15.075","15.075","15.075","15.075","15.075","15.075","15.075","15.075","15.075","15.075","15.075","15.075","15.075","15.075","15.075","15.075","15.075","15.075","15.075","15.075","15.075","15.075","15.075","15.075","15.075","15.075","15.075","15.075","15.075","15.075","15.075","15.075","15.075","15.075","15.075","15.075","15.075","15.075","15.075","15.075","15.075","15.075","15.075","15.075","15.075","15.075","15.075","15.075","15.075","15.075","15.075","15.075","15.075","15.075","15.075","15.075","15.075","15.075","15.075","15.075","15.075","15.075","15.075","15.075","15.075"
"IMF.STA:ER(4.0.1)","CWX.XDC_USD.PA_RT.M","OBS_VALUE","Curaçao and Sint Maarten","Domestic currency per US Dollar","Period average","Monthly","Units","1.79","1.79","1.79","1.79","1.79","1.79","1.79","1.79","1.79","1.79","1.79","1.79","1.79","1.79","1.79","1.79","1.79","1.79","1.79","1.79","1.79","1.79","1.79","1.79","1.79","1.79","1.79","1.79","1.79","1.79","1.79","1.79","1.79","1.79","1.79","1.79","1.79","1.79","1.79","1.79","1.79","1.79","1.79","1.79","1.79","1.79","1.79","1.79","1.79","1.79","1.79","1.79","1.79","1.79","1.79","1.79","1.79","1.79","1.79","1.79","1.79","1.79","1.79","1.79","1.79","1.79","1.79","1.79","1.79","1.79","1.79","1.79","1.79","1.79","1.79","1.79","1.79","1.79","1.79","1.79","1.79","1.79","1.79","1.79","1.79","1.79","1.79","1.79","1.79","1.79","1.79","1.79","1.79","1.79","1.79","1.79","1.79","1.79","1.79","1.79","1.79","1.79","1.79","1.79","1.79","1.79","1.79","1.79","1.79","1.79","1.79","1.79","1.79","1.79","1.79","1.79","1.79","1.79","1.79","1.79"
"IMF.STA:ER(4.0.1)","BHS.XDC_USD.PA_RT.M","OBS_VALUE","Bahamas, The","Domestic currency per US Dollar","Period average","Monthly","Units","1.0","1.0","1.0","1.0","1.0","1.0","1.0","1.0","1.0","1.0","1.0","1.0","1.0","1.0","1.0","1.0","1.0","1.0","1.0","1.0","1.0","1.0","1.0","1.0","1.0","1.0","1.0","1.0","1.0","1.0","1.0","1.0","1.0","1.0","1.0","1.0","1.0","1.0","1.0","1.0","1.0","1.0","1.0","1.0","1.0","1.0","1.0","1.0","1.0","1.0","1.0","1.0","1.0","1.0","1.0","1.0","1.0","1.0","1.0","1.0","1.0","1.0","1.0","1.0","1.0","1.0","1.0","1.0","1.0","1.0","1.0","1.0","1.0","1.0","1.0","1.0","1.0","1.0","1.0","1.0","1.0","1.0","1.0","1.0","1.0","1.0","1.0","1.0","1.0","1.0","1.0","1.0","1.0","1.0","1.0","1.0","1.0","1.0","1.0","1.0","1.0","1.0","1.0","1.0","1.0","1.0","1.0","1.0","1.0","1.0","1.0","1.0","1.0","1.0","1.0","1.0","1.0","1.0","1.0","1.0"
"IMF.STA:ER(4.0.1)","BMU.XDC_USD.PA_RT.M","OBS_VALUE","Bermuda","Domestic currency per US Dollar","Period average","Monthly","Units","1.0","1.0","1.0","1.0","1.0","1.0","1.0","1.0","1.0","1.0","1.0","1.0","1.0","1.0","1.0","1.0","1.0","1.0","1.0","1.0","1.0","1.0","1.0","1.0","1.0","1.0","1.0","1.0","1.0","1.0","1.0","1.0","1.0","1.0","1.0","1.0","1.0","1.0","1.0","1.0","1.0","1.0","1.0","1.0","1.0","1.0","1.0","1.0","1.0","1.0","1.0","1.0","1.0","1.0","1.0","1.0","1.0","1.0","1.0","1.0","1.0","1.0","1.0","1.0","1.0","1.0","1.0","1.0","1.0","1.0","1.0","1.0","1.0","1.0","1.0","1.0","1.0","1.0","1.0","1.0","1.0","1.0","1.0","1.0","1.0","1.0","1.0","1.0","1.0","1.0","1.0","1.0","1.0","1.0","1.0","1.0","1.0","1.0","1.0","1.0","1.0","1.0","1.0","1.0","1.0","1.0","1.0","1.0","1.0","1.0","1.0","1.0","1.0","1.0","1.0","1.0","1.0","1.0","1.0","1.0"
"IMF.STA:ER(4.0.1)","JOR.XDC_USD.PA_RT.M","OBS_VALUE","Jordan","Domestic currency per US Dollar","Period average","Monthly","Units","0.71","0.71","0.71","0.71","0.71","0.71","0.71","0.71","0.71","0.71","0.71","0.71","0.71","0.71","0.71","0.71","0.71","0.71","0.71","0.71","0.71","0.71","0.71","0.71","0.71","0.71","0.71","0.71","0.71","0.71","0.71","0.71","0.71","0.71","0.71","0.71","0.71","0.71","0.71","0.71","0.71","0.71","0.71","0.71","0.71","0.71","0.71","0.71","0.71","0.71","0.71","0.71","0.71","0.71","0.71","0.71","0.71","0.71","0.71","0.71","0.71","0.71","0.71","0.71","0.71","0.71","0.71","0.71","0.71","0.71","0.71","0.71","0.71","0.71","0.71","0.71","0.71","0.71","0.71","0.71","0.71","0.71","0.71","0.71","0.71","0.71","0.71","0.71","0.71","0.71","0.71","0.71","0.71","0.71","0.71","0.71","0.71","0.71","0.71","0.71","0.71","0.71","0.71","0.71","0.71","0.71","0.71","0.71","0.71","0.71","0.71","0.71","0.71","0.71","0.71","0.71","0.71","0.71","0.71","0.71"
"IMF.STA:ER(4.0.1)","USA.XDC_USD.PA_RT.M","OBS_VALUE","United States","Domestic currency per US Dollar","Period average","Monthly","Units","1.0","1.0","1.0","1.0","1.0","1.0","1.0","1.0","1.0","1.0","1.0","1.0","1.0","1.0","1.0","1.0","1.0","1.0","1.0","1.0","1.0","1.0","1.0","1.0","1.0","1.0","1.0","1.0","1.0","1.0","1.0","1.0","1.0","1.0","1.0","1.0","1.0","1.0","1.0","1.0","1.0","1.0","1.0","1.0","1.0","1.0","1.0","1.0","1.0","1.0","1.0","1.0","1.0","1.0","1.0","1.0","1.0","1.0","1.0","1.0","1.0","1.0","1.0","1.0","1.0","1.0","1.0","1.0","1.0","1.0","1.0","1.0","1.0","1.0","1.0","1.0","1.0","1.0","1.0","1.0","1.0","1.0","1.0","1.0","1.0","1.0","1.0","1.0","1.0","1.0","1.0","1.0","1.0","1.0","1.0","1.0","1.0","1.0","1.0","1.0","1.0","1.0","1.0","1.0","1.0","1.0","1.0","1.0","1.0","1.0","1.0","1.0","1.0","1.0","1.0","1.0","1.0","1.0","1.0","1.0"
"IMF.STA:ER(4.0.1)","VCT.XDC_USD.PA_RT.M","OBS_VALUE","St. Vincent and the Grenadines","Domestic currency per US Dollar","Period average","Monthly","Units","2.7","2.7","2.7","2.7","2.7","2.7","2.7","2.7","2.7","2.7","2.7","2.7","2.7","2.7","2.7","2.7","2.7","2.7","2.7","2.7","2.7","2.7","2.7","2.7","2.7","2.7","2.7","2.7","2.7","2.7","2.7","2.7","2.7","2.7","2.7","2.7","2.7","2.7","2.7","2.7","2.7","2.7","2.7","2.7","2.7","2.7","2.7","2.7","2.7","2.7","2.7","2.7","2.7","2.7","2.7","2.7","2.7","2.7","2.7","2.7","2.7","2.7","2.7","2.7","2.7","2.7","2.7","2.7","2.7","2.7","2.7","2.7","2.7","2.7","2.7","2.7","2.7","2.7","2.7","2.7","2.7","2.7","2.7","2.7","2.7","2.7","2.7","2.7","2.7","2.7","2.7","2.7","2.7","2.7","2.7","2.7","2.7","2.7","2.7","2.7","2.7","2.7","2.7","2.7","2.7","2.7","2.7","2.7","2.7","2.7","2.7","2.7","2.7","2.7","2.7","2.7","2.7","2.7","2.7","2.7"
"IMF.STA:ER(4.0.1)","DJI.XDC_USD.PA_RT.M","OBS_VALUE","Djibouti","Domestic currency per US Dollar","Period average","Monthly","Units","177.721","177.721","177.721","177.721","177.721","177.721","177.721","177.721","177.721","177.721","177.721","177.721","177.721","177.721","177.721","177.721","177.721","177.721","177.721","177.721","177.721","177.721","177.721","177.721","177.721","177.721","177.721","177.721","177.721","177.721","177.721","177.721","177.721","177.721","177.721","177.721","177.721","177.721","177.721","177.721","177.721","177.721","177.721","177.721","177.721","177.721","177.721","177.721","177.721","177.721","177.721","177.721","177.721","177.721","177.721","177.721","177.721","177.721","177.721","177.721","177.721","177.721","177.721","177.721","177.721","177.721","177.721","177.721","177.721","177.721","177.721","177.721","177.721","177.721","177.721","177.721","177.721","177.721","177.721","177.721","177.721","177.721","177.721","177.721","177.721","177.721","177.721","177.721","177.721","177.721","177.721","177.721","177.721","177.721","177.721","177.721","177.721","177.721","177.721","177.721","177.721","177.721","177.721","177.721","177.721","177.721","177.721","177.721","177.721","177.721","177.721","177.721","177.721","177.721","177.721","177.721","177.721","177.721","177.721","177.721"
"IMF.STA:ER(4.0.1)","SAU.XDC_USD.PA_RT.M","OBS_VALUE","Saudi Arabia","Domestic currency per US Dollar","Period average","Monthly","Units","3.75","3.75","3.75","3.75","3.75","3.75","3.75","3.75","3.75","3.75","3.75","3.75","3.75","3.75","3.75","3.75","3.75","3.75","3.75","3.75","3.75","3.75","3.75","3.75","3.75","3.75","3.75","3.75","3.75","3.75","3.75","3.75","3.75","3.75","3.75","3.75","3.75","3.75","3.75","3.75","3.75","3.75","3.75","3.75","3.75","3.75","3.75","3.75","3.75","3.75","3.75","3.75","3.75","3.75","3.75","3.75","3.75","3.75","3.75","3.75","3.75","3.75","3.75","3.75","3.75","3.75","3.75","3.75","3.75","3.75","3.75","3.75","3.75","3.75","3.75","3.75","3.75","3.75","3.75","3.75","3.75","3.75","3.75","3.75","3.75","3.75","3.75","3.75","3.75","3.75","3.75","3.75","3.75","3.75","3.75","3.75","3.75","3.75","3.75","3.75","3.75","3.75","3.75","3.75","3.75","3.75","3.75","3.75","3.75","3.75","3.75","3.75","3.75","3.75","3.75","3.75","3.75","3.75","3.75","3.75"
"IMF.STA:ER(4.0.1)","ARE.XDC_USD.PA_RT.M","OBS_VALUE","United Arab Emirates","Domestic currency per US Dollar","Period average","Monthly","Units","3.6725","3.6725","3.6725","3.6725","3.6725","3.6725","3.6725","3.6725","3.6725","3.6725","3.6725","3.6725","3.6725","3.6725","3.6725","3.6725","3.6725","3.6725","3.6725","3.6725","3.6725","3.6725","3.6725","3.6725","3.6725","3.6725","3.6725","3.6725","3.6725","3.6725","3.6725","3.6725","3.6725","3.6725","3.6725","3.6725","3.6725","3.6725","3.6725","3.6725","3.6725","3.6725","3.6725","3.6725","3.6725","3.6725","3.6725","3.6725","3.6725","3.6725","3.6725","3.6725","3.6725","3.6725","3.6725","3.6725","3.6725","3.6725","3.6725","3.6725","3.6725","3.6725","3.6725","3.6725","3.6725","3.6725","3.6725","3.6725","3.6725","3.6725","3.6725","3.6725","3.6725","3.6725","3.6725","3.6725","3.6725","3.6725","3.6725","3.6725","3.6725","3.6725","3.6725","3.6725","3.6725","3.6725","3.6725","3.6725","3.6725","3.6725","3.6725","3.6725","3.6725","3.6725","3.6725","3.6725","3.6725","3.6725","3.6725","3.6725","3.6725","3.6725","3.6725","3.6725","3.6725","3.6725","3.6725","3.6725","3.6725","3.6725","3.6725","3.6725","3.6725","3.6725","3.6725","3.6725","3.6725","3.6725","3.6725","3.6725"
"IMF.STA:ER(4.0.1)","QAT.XDC_USD.PA_RT.M","OBS_VALUE","Qatar","Domestic currency per US Dollar","Period average","Monthly","Units","3.64","3.64","3.64","3.64","3.64","3.64","3.64","3.64","3.64","3.64","3.64","3.64","3.64","3.64","3.64","3.64","3.64","3.64","3.64","3.64","3.64","3.64","3.64","3.64","3.64","3.64","3.64","3.64","3.64","3.64","3.64","3.64","3.64","3.64","3.64","3.64","3.64","3.64","3.64","3.64","3.64","3.64","3.64","3.64","3.64","3.64","3.64","3.64","3.64","3.64","3.64","3.64","3.64","3.64","3.64","3.64","3.64","3.64","3.64","3.64","3.64","3.64","3.64","3.64","3.64","3.64","3.64","3.64","3.64","3.64","3.64","3.64","3.64","3.64","3.64","3.64","3.64","3.64","3.64","3.64","3.64","3.64","3.64","3.64","3.64","3.64","3.64","3.64","3.64","3.64","3.64","3.64","3.64","3.64","3.64","3.64","3.64","3.64","3.64","3.64","3.64","3.64","3.64","3.64","3.64","3.64","3.64","3.64","3.64","3.64","3.64","3.64","3.64","3.64","3.64","3.64","3.64","3.64","3.64","3.64"
"IMF.STA:ER(4.0.1)","BRB.XDC_USD.PA_RT.M","OBS_VALUE","Barbados","Domestic currency per US Dollar","Period average","Monthly","Units","2.0","2.0","2.0","2.0","2.0","2.0","2.0","2.0","2.0","2.0","2.0","2.0","2.0","2.0","2.0","2.0","2.0","2.0","2.0","2.0","2.0","2.0","2.0","2.0","2.0","2.0","2.0","2.0","2.0","2.0","2.0","2.0","2.0","2.0","2.0","2.0","2.0","2.0","2.0","2.0","2.0","2.0","2.0","2.0","2.0","2.0","2.0","2.0","2.0","2.0","2.0","2.0","2.0","2.0","2.0","2.0","2.0","2.0","2.0","2.0","2.0","2.0","2.0","2.0","2.0","2.0","2.0","2.0","2.0","2.0","2.0","2.0","2.0","2.0","2.0","2.0","2.0","2.0","2.0","2.0","2.0","2.0","2.0","2.0","2.0","2.0","2.0","2.0","2.0","2.0","2.0","2.0","2.0","2.0","2.0","2.0","2.0","2.0","2.0","2.0","2.0","2.0","2.0","2.0","2.0","2.0","2.0","2.0","2.0","2.0","2.0","2.0","2.0","2.0","2.0","2.0","2.0","2.0","2.0","2.0"
"IMF.STA:ER(4.0.1)","BLZ.XDC_USD.PA_RT.M","OBS_VALUE","Belize","Domestic currency per US Dollar","Period average","Monthly","Units","2.0","2.0","2.0","2.0","2.0","2.0","2.0","2.0","2.0","2.0","2.0","2.0","2.0","2.0","2.0","2.0","2.0","2.0","2.0","2.0","2.0","2.0","2.0","2.0","2.0","2.0","2.0","2.0","2.0","2.0","2.0","2.0","2.0","2.0","2.0","2.0","2.0","2.0","2.0","2.0","2.0","2.0","2.0","2.0","2.0","2.0","2.0","2.0","2.0","2.0","2.0","2.0","2.0","2.0","2.0","2.0","2.0","2.0","2.0","2.0","2.0","2.0","2.0","2.0","2.0","2.0","2.0","2.0","2.0","2.0","2.0","2.0","2.0","2.0","2.0","2.0","2.0","2.0","2.0","2.0","2.0","2.0","2.0","2.0","2.0","2.0","2.0","2.0","2.0","2.0","2.0","2.0","2.0","2.0","2.0","2.0","2.0","2.0","2.0","2.0","2.0","2.0","2.0","2.0","2.0","2.0","2.0","2.0","2.0","2.0","2.0","2.0","2.0","2.0","2.0","2.0","2.0","2.0","2.0","2.0"
"IMF.STA:ER(4.0.1)","ABW.XDC_USD.PA_RT.M","OBS_VALUE","Aruba, Kingdom of the Netherlands","Domestic currency per US Dollar","Period average","Monthly","Units","1.79","1.79","1.79","1.79","1.79","1.79","1.79","1.79","1.79","1.79","1.79","1.79","1.79","1.79","1.79","1.79","1.79","1.79","1.79","1.79","1.79","1.79","1.79","1.79","1.79","1.79","1.79","1.79","1.79","1.79","1.79","1.79","1.79","1.79","1.79","1.79","1.79","1.79","1.79","1.79","1.79","1.79","1.79","1.79","1.79","1.79","1.79","1.79","1.79","1.79","1.79","1.79","1.79","1.79","1.79","1.79","1.79","1.79","1.79","1.79","1.79","1.79","1.79","1.79","1.79","1.79","1.79","1.79","1.79","1.79","1.79","1.79","1.79","1.79","1.79","1.79","1.79","1.79","1.79","1.79","1.79","1.79","1.79","1.79","1.79","1.79","1.79","1.79","1.79","1.79","1.79","1.79","1.79","1.79","1.79","1.79","1.79","1.79","1.79","1.79","1.79","1.79","1.79","1.79","1.79","1.79","1.79","1.79","1.79","1.79","1.79","1.79","1.79","1.79","1.79","1.79","1.79","1.79","1.79","1.79"
"IMF.STA:ER(4.0.1)","KEN.XDC_USD.PA_RT.M","OBS_VALUE","Kenya","Domestic currency per US Dollar","Period average","Monthly","Units","91.3583597883598","91.4885833333333","91.7273863636363","93.4377638888889","96.3893782679739","97.7049081854964","101.1960138","102.430707282913","105.274810606061","102.779289215686","102.1676","102.186639185977","102.312772058824","101.931671335201","101.485392156863","101.228433706816","100.732340491752","101.145","101.331569444444","101.410241545894","101.27119047619","101.323402777778","101.748080808081","102.132339181287","103.7468","103.6354","102.8525","103.3254","103.2618","103.4907","103.8771","103.5557","103.12","103.388128654971","103.571216931217","103.095308641975","102.917992424242","101.400194444444","101.180740740741","100.610984444444","100.662891414141","101.003245614035","100.672146969697","100.612777777778","100.833861111111","101.075631313131","102.356616161616","102.29180617284","101.584444444444","100.233694444444","100.361667195767","101.065666666667","101.150669191919","101.688857894737","103.157161835749","103.297923280423","103.800185185185","103.6667351385","102.387507282913","101.501068111455","101.091096256684","100.794829721362","103.740175668449","106.411730698529","106.675698452012","106.403333613445","107.266643582888","108.13847254902","108.407860962567","108.638179271709","109.247787114846","110.593554010695","109.830088235294","109.682720588235","109.729718670077","107.945147058824","107.428911764706","107.808669467787","108.144258823529","109.239438502674","110.151616176471","110.861890712074","111.917165775401","112.913333333333","113.380980392157","113.661735294118","114.315765664962","115.403386437909","116.284397058824","117.290280112045","118.322767058824","119.447192513369","120.42","121.030712074303","121.90013368984","122.934520123839","123.925769747899","125.446911764706","129.735933503836","134.395501730104","137.257352941176","139.725441176471","141.448654061625","143.931138107417","146.768937254902","149.397865294118","152.032492997199","154.090606535948","159.694031818182","151.839942857143","137.353665","131.56968","131.690519047619","129.3613","129.871134782609","129.323290909091","129.204438095238","129.1999","129.39866","129.363236842105"
"IMF.STA:ER(4.0.1)","HUN.XDC_USD.PA_RT.M","OBS_VALUE","Hungary","Domestic currency per US Dollar","Period average","Monthly","Units","272.65","270.3","280.16","277.92","274.34","278.37","283.05","279.79","278.65","276.91","290.86","288.99","289.75","279.5","280.29","274.74","278.05","279.36","284.24","276.91","275.41","278.12","286.13","295.78","290.98","289.93","289.84","290.44","280.5","274.52","266.64","257.57","258.75","263.7","265.62","264.71","253.61","252.19","253.31","253.58","267.77","276.36","278.0","279.59","278.53","282.07","283.79","283.74","280.2","280.26","279.44","285.68","290.73","285.88","289.91","293.78","301.92","300.33","302.16","297.63","301.19","309.27","312.11","328.07","322.27","308.45","306.56","294.81","305.63","308.3","304.24","295.06","294.93","296.05","307.22","301.28","291.67","290.27","302.21","298.89","299.25","311.15","319.8","324.97","316.8","314.84","341.86","346.61","363.62","375.63","396.83","397.27","407.82","426.1","399.01","384.76","367.33","359.19","359.53","342.68","342.75","342.15","342.85","353.35","361.74","364.88","350.47","350.14","350.34","359.69","363.64","365.97","358.49","366.68","362.19","358.93","355.55","368.13","385.97","392.71"
"IMF.STA:ER(4.0.1)","KWT.XDC_USD.PA_RT.M","OBS_VALUE","Kuwait","Domestic currency per US Dollar","Period average","Monthly","Units","0.2941027","0.2953222","0.2988173","0.3013275","0.3019071","0.3021386","0.30263","0.3024295","0.3020236","0.3021736","0.3037818","0.3035704","0.3034162","0.2998375","0.3010913","0.3015875","0.3015272","0.301359129674834","0.302160447197462","0.301495417269658","0.3015529","0.3025105","0.3036012","0.30551","0.3054787","0.3050916","0.3051521","0.3048105","0.3040357","0.303366","0.302781","0.301763","0.30138","0.30211","0.302321","0.3019075","0.3007047619047619","0.2998055555555556","0.2997","0.3000047619047619","0.3017857142857143","0.3023088235294118","0.3026025","0.3029638888888889","0.3026833333333333","0.3033568181818182","0.3038","0.3037617647058824","0.3030547619047619","0.3034323529411765","0.3035666666666667","0.3041380952380952","0.3039261904761905","0.303421875","0.3036775","0.3037763157894737","0.3037925","0.30366","0.3035555555555556","0.3033321428571429","0.3034428571428571","0.3045875","0.3071961538461538","0.308953125","0.3088107142857143","0.3077333333333333","0.3069769230769231","0.30567","0.3058125","0.3058384615384615","0.30556875","0.3042071428571429","0.3030066666666667","0.3024571428571429","0.3021","0.3014441176470588","0.3009357142857143","0.3009166666666667","0.3007833333333333","0.3007566666666667","0.3009366666666667","0.3016269230769231","0.3021617647058824","0.3025916666666667","0.302475","0.3024181818181818","0.3039027777777778","0.3053117647058824","0.3064038461538462","0.30635625","0.3072416666666667","0.3070578947368421","0.30894","0.309825","0.308515625","0.3065538461538462","0.3055625","0.3058785714285714","0.3065472222222222","0.3062366666666667","0.3067638888888889","0.3071166666666667","0.3066071428571429","0.3076157894736842","0.3085964285714286","0.3089205882352941","0.30844375","0.307935","0.3073882352941176","0.307725","0.3072","0.3077607142857143","0.3071117647058824","0.3064538461538462","0.3058194444444444","0.3052647058823529","0.30495","0.3060117647058824","0.30716","0.3074423076923077"
"IMF.STA:ER(4.0.1)","BGR.XDC_USD.PA_RT.M","OBS_VALUE","Bulgaria","Domestic currency per US Dollar","Period average","Monthly","Units","1.6895","1.7233","1.8113","1.8102","1.7552","1.7443","1.7788","1.7563","1.7424","1.7411","1.822","1.7984","1.801","1.7634","1.7593","1.7254","1.7295","1.742","1.7671","1.7445","1.7432","1.774","1.8117","1.8554","1.8416","1.8378","1.8298","1.8242","1.7692","1.7418","1.6993","1.6566","1.6421","1.6638","1.6664","1.6529","1.6035","1.584","1.5854","1.5929","1.656","1.6748","1.6737","1.6937","1.6784","1.7032","1.7207","1.7182","1.7132","1.7231","1.7307","1.7387","1.7488","1.7319","1.7435","1.7579","1.7775","1.7697","1.7699","1.7596","1.762","1.7936","1.7689","1.8006","1.7934","1.7379","1.7066","1.6536","1.6585","1.661","1.6522","1.6077","1.607","1.6167","1.6447","1.6366","1.6084","1.6237","1.6544","1.6615","1.6621","1.6859","1.7137","1.7306","1.729","1.7245","1.7755","1.8065","1.8498","1.8513","1.9217","1.9313","1.9754","1.9907","1.9181","1.8479","1.8157","1.8255","1.8264","1.7852","1.8006","1.8044","1.7689","1.7929","1.831","1.8517","1.8098","1.7955","1.7935","1.8119","1.7992","1.8226","1.8083","1.8179","1.8036","1.7762","1.7612","1.7938","1.8402","1.8657"
"IMF.STA:ER(4.0.1)","BRA.XDC_USD.PA_RT.M","OBS_VALUE","Brazil","Domestic currency per US Dollar","Period average","Monthly","Units","2.63353684210526","2.80445555555556","3.112635","3.05796818181818","3.05177894736842","3.11550454545455","3.2147","3.50227142857143","3.89092380952381","3.88556666666667","3.78483888888889","3.86867272727273","4.04572631578947","3.96851","3.72143913043478","3.56964761904762","3.53008095238095","3.44139090909091","3.275795","3.20905652173913","3.25577142857143","3.185245","3.34143","3.35166818181818","3.19598636363636","3.10358888888889","3.12733043478261","3.13557222222222","3.20870454545455","3.29476666666667","3.2055380952381","3.15031304347826","3.13419","3.1906380952381","3.258735","3.29131","3.20998636363636","3.24090555555556","3.27861428571429","3.4069","3.63546190476191","3.77257142857143","3.82813636363636","3.92915652173913","4.11594736842105","3.75780454545455","3.786015","3.884405","3.74105454545455","3.723025","3.84588421052632","3.89555714285714","4.00091818181818","3.85822631578947","3.77871304347826","4.01938181818182","4.1209","4.08638695652174","4.154725","4.10888095238095","4.14677727272727","4.34183888888889","4.88321818181818","5.324985","5.64285","5.19599523809524","5.27959565217391","5.46063333333333","5.39888095238095","5.62519047619048","5.417235","5.14494545454545","5.3556","5.41589444444444","5.64554782608696","5.561535","5.29044761904762","5.03130476190476","5.15602727272727","5.25112272727273","5.27909047619048","5.539375","5.55626","5.65060434782609","5.53350476190476","5.19597894736842","4.96778181818182","4.75741578947368","4.95445","5.04860952380952","5.36747619047619","5.1404875","5.23635714285714","5.249695","5.274055","5.24183181818182","5.20008181818182","5.17108888888889","5.21086086956522","5.01913333333333","4.98224090909091","4.85096666666667","4.80023333333333","4.90294347826087","4.93639","5.06424285714286","4.897735","4.89664","4.91379545454545","4.96378947368421","4.979535","5.12848636363636","5.13244761904762","5.388375","5.54144782608696","5.55201363636364","5.54096666666667","5.62350869565217","5.80645789473684","6.09639523809524"
"IMF.STA:ER(4.0.1)","ARM.XDC_USD.PA_RT.M","OBS_VALUE","Armenia, Republic of","Domestic currency per US Dollar","Period average","Monthly","Units","475.731052631579","478.393","477.651363636364","474.074285714286","480.249473684211","475.116818181818","477.32875","479.784761904762","481.068571428571","472.546363636364","480.145238095238","482.93","486.042666666667","493.641904761905","486.33","481.270454545455","478.367619047619","477.526818181818","476.521","475.446956521739","474.103809523809","475.254761904762","478.515","482.836818181818","486.008823529412","486.507","484.831818181818","485.139444444444","483.415909090909","481.516363636364","479.0425","478.614347826087","478.235","480.742272727273","485.361818181818","483.181428571429","482.399444444444","481.3695","480.412857142857","481.352631578947","484.087142857143","482.623333333333","481.433333333333","482.426086956522","483.823157894737","484.929545454545","486.327826086956","484.6705","485.792352941176","488.414","487.477","484.285238095238","480.5495","478.469","476.496818181818","476.001818181818","476.234285714286","476.303913043478","477.077619047619","478.24","479.214375","478.738571428571","489.008636363636","488.656666666667","484.121578947368","481.271363636364","484.645652173913","485.489047619048","486.685238095238","491.740454545454","499.62380952381","518.910909090909","521.195333333333","523.5375","527.6672727","525.617727272727","521.3545","513.091363636364","490.873333333333","491.733636363636","488.12380952381","479.245714285714","477.656818181818","485.139090909091","481.986842105263","480.2435","496.9563636","470.993809523809","456.537142857143","422.692727272727","411.0275","405.75347826087","409.154761904762","402.726666666667","395.381818181818","394.539545454545","395.8885","393.4465","388.438181818182","387.741578947368","386.557619047619","386.668181818182","386.538","386.174347826087","386.9425","404.33","402.515454545455","404.474761904762","404.960952380952","404.268095238095","400.418","390.990476190476","387.816","388.064","388.068181818182","388.075909090909","387.373333333333","387.20347826087","388.970952380952","396.545238095238"
"IMF.STA:ER(4.0.1)","CPV.XDC_USD.PA_RT.M","OBS_VALUE","Cabo Verde","Domestic currency per US Dollar","Period average","Monthly","Units","94.58","97.14","101.58","102.49","98.79","98.35","100.198","99.12","98.26","98.08","102.523095238095","101.517227272727","101.56","99.47","99.54","97.25","97.4","98.16","99.62","98.3473636363636","98.36","99.92","102.07","104.56","103.96","104.15","101.54","103.009789473684","99.9122380952381","98.271380952381","95.85595","93.46","92.543","93.74","93.98","93.2608947368421","90.5565","89.2376315789474","89.6971428571428","89.6971428571428","93.1950909090909","94.4039","94.3991904761905","95.367","94.55045","95.9261739130435","97.0356190476191","96.8971052631579","96.5997272727273","97.112","97.4695714285714","98.0564545454545","98.5601363636364","97.751","98.2166363636364","99.0673809523809","100.14319047619","99.8786956521739","99.75285","99.3345","99.2808","101.081157894737","99.6910909090909","101.462597272727","101.3349275","97.9444166666667","96.4511243478261","93.2593042857143","93.427035","93.6396290909091","93.25521","90.7216204761905","90.5105322222222","91.1404945","92.5316782608696","92.3585275","90.856264","91.4874123809524","93.2925714285714","93.6507272727273","93.6016363636364","95.0702857142857","96.5657619047619","97.5512173913043","97.425619047619","97.24335","100.034739130435","101.6712","104.347260909091","104.286717142857","108.300027","108.817983636364","111.235681818182","112.322952380952","108.360909090909","104.31035","102.506227272727","102.79515","103.11252173913","100.61255","101.344545454545","101.748523809524","99.7864285714286","100.988652173913","103.087714285714","104.411818181818","102.050619047619","99.213","101.025181818182","102.125761904762","101.438904761905","102.714090909091","102.041727272727","102.4206","101.729227272727","100.280636363636","99.3326666666667","101.003782608696","103.71455","105.237"
"IMF.STA:ER(4.0.1)","MYS.XDC_USD.PA_RT.M","OBS_VALUE","Malaysia","Domestic currency per US Dollar","Period average","Monthly","Units","3.5835119047619","3.592640625","3.680875","3.63563636364","3.60363157894737","3.73908181818182","3.801056818182","4.0601","4.3117","4.2681","4.3086","4.28106904761905","4.3481","4.1859","4.0768","3.9045","4.0482","4.0871","4.0195","4.02690909090909","4.108675","4.1775875","4.33488636363636","4.46145","4.45955","4.44602777777778","4.43934782608696","4.40723684210526","4.31378571428571","4.2765","4.29030952380952","4.28434090909091","4.20886111111111","4.22885714285714","4.1725","4.07797368421053","3.95778571428571","3.91230555555556","3.90309090909091","3.88621428571429","3.96369736842105","3.99985","4.04929545454545","4.09166666666667","4.13961764705882","4.15841304347826","4.186725","4.1729","4.11607142857143","4.07458823529412","4.07904761904762","4.11404545454546","4.17085","4.16169444444444","4.12443181818182","4.18809523809524","4.18547222222222","4.18785227272727","4.15896428571429","4.14852380952381","4.07965476190476","4.163375","4.29636363636364","4.35534090909091","4.3418125","4.27545238095238","4.26571590909091","4.19065789473684","4.15069047619048","4.15271428571429","4.11382381","4.05618181818182","4.03686842105263","4.04544444444444","4.10945652173913","4.12414285714286","4.12753333333333","4.13479047619048","4.19848095238095","4.222915","4.16620476190476","4.16344","4.18018571428571","4.21010869565217","4.18885","4.18772777777778","4.20058260869565","4.26662","4.38440555555555","4.40147142857143","4.440715","4.46586363636364","4.54454761904762","4.69507894736842","4.622825","4.41422857142857","4.329","4.37702777777778","4.46599130434783","4.42269444444444","4.52265476190476","4.633575","4.59615","4.60802272727273","4.679455","4.74613636363636","4.68782380952381","4.65895","4.68295238095238","4.77228947368421","4.7153","4.767125","4.71832380952381","4.71008333333333","4.67962727272727","4.41743181818182","4.262625","4.29538636363636","4.43559523809524","4.46039523809524"
"IMF.STA:ER(4.0.1)","MAC.XDC_USD.PA_RT.M","OBS_VALUE","Macao Special Administrative Region, People's Republic of China","Domestic currency per US Dollar","Period average","Monthly","Units","7.9859","7.9875","7.9909","7.9835","7.985","7.9853","7.9842","7.9854","7.9827","7.98262","7.983105","7.9834","8.01244","8.014794","7.994814","7.989035","7.996757","7.995414","7.989562","7.988778","7.989052","7.990017","7.988819","7.991289","7.988789","7.99237","7.998791","8.007271","8.02031","8.031859","8.042933","8.055459","8.048457","8.039365","8.039414","8.046994","8.054523","8.056539","8.075367","8.083684","8.084067","8.082395","8.083045","8.084865","8.075137","8.07281","8.064957","8.0527","8.076341","8.083","8.084671","8.079763","8.08349","8.061389","8.045926","8.075468","8.07133","8.07699","8.064276","8.043","8.008028","8.007875","7.999032","7.984111","7.98471","7.982948","7.98363","7.982848","7.982727","7.982794","7.985335","7.984705","7.9856","7.985424","7.997448","8.001716","7.998558","7.994424","8.003136","8.017332","8.013276","8.013217","8.023476","8.032774","8.026005","8.033753","8.056917","8.076561","8.084535","8.083695","8.084371","8.081557","8.084719","8.085126","8.065962","8.019272","8.052572","8.08118","8.083757","8.084512","8.072086","8.066833","8.053035","8.059661","8.064186","8.059137","8.04041","8.043312","8.050927","8.056356","8.057295","8.066035","8.045648","8.044232","8.043552","8.029091","8.02558","8.003319","8.01259","8.007344"
"IMF.STA:ER(4.0.1)","AZE.XDC_USD.PA_RT.M","OBS_VALUE","Azerbaijan, Republic of","Domestic currency per US Dollar","Period average","Monthly","Units","0.7844","0.841639285714286","1.04887741935484","1.05029333333333","1.04828965517241","1.04807666666667","1.04915161290323","1.04859677419355","1.04804666666667","1.04806","1.05036666666667","1.22896774193548","1.58127419354839","1.57241034482759","1.60265483870968","1.51593333333333","1.50207096774194","1.51574666666667","1.55831034482759","1.61206129032258","1.634737","1.61158709677419","1.69195666666667","1.74991612903226","1.81794193548387","1.78658214285714","1.73469032258064","1.70626","1.70234193548387","1.70219666666667","1.70174516129032","1.70081612903226","1.70078333333333","1.7002","1.7002","1.7001","1.7001","1.7001","1.7","1.7","1.7","1.7","1.7","1.7","1.7","1.7","1.7","1.7","1.7","1.7","1.7","1.7","1.7","1.7","1.7","1.7","1.7","1.7","1.7","1.7","1.7","1.7","1.7","1.7","1.7","1.7","1.7","1.7","1.7","1.7","1.7","1.7","1.7","1.7","1.7","1.7","1.7","1.7","1.7","1.7","1.7","1.7","1.7","1.7","1.7","1.7","1.7","1.7","1.7","1.7","1.7","1.7","1.7","1.7","1.7","1.7","1.7","1.7","1.7","1.7","1.7","1.7","1.7","1.7","1.7","1.7","1.7","1.7","1.7","1.7","1.7","1.7","1.7","1.7","1.7","1.7","1.7","1.7","1.7","1.7"
"IMF.STA:ER(4.0.1)","SRB.XDC_USD.PA_RT.M","OBS_VALUE","Serbia, Republic of","Domestic currency per US Dollar","Period average","Monthly","Units","105.7234","106.9989","111.1784","111.1863","108.0282","107.4989","109.2394","107.9514","106.9217","106.9223","112.2435","111.8447","112.725","110.7351","110.7871","108.3315","108.7582","109.8885","111.4683","110.0178","109.9096","111.6862","114.007","117.0199","116.3371","116.3135","115.9287","115.3021","111.3155","108.6376","104.5763","101.1923","100.1282","101.4245","101.314","100.6364","97.2477","95.8852","95.8497","96.1802","100.0491","101.1483","101.0194","102.2733","101.4279","103.0362","104.0578","103.9261","103.6339","104.1452","104.3804","104.8936","105.4592","104.4693","104.9204","105.8498","106.7854","106.399","106.2695","105.789","105.9508","107.7461","106.1241","108.1099","107.9402","104.4459","102.652","99.4168","99.6758","99.8892","99.4047","96.604","96.6118","97.2043","98.7387","98.4111","96.756","97.5404","99.4293","99.8651","99.8301","101.323","103.0263","104.0152","103.8275","103.7282","106.7982","108.7512","111.1291","111.0351","115.1663","115.8671","118.4596","119.2194","115.1436","110.8209","108.7873","109.4557","109.5281","107.1253","107.8905","108.2397","106.025","107.3898","109.6498","110.9309","108.4538","107.3564","107.4658","108.4962","107.7675","109.1545","108.2311","108.6988","107.952","106.236","105.3892","107.3087","110.1004","111.6927"
"IMF.STA:ER(4.0.1)","ZWE.XDC_USD.PA_RT.M","OBS_VALUE","Zimbabwe","Domestic currency per US Dollar","Period average","Monthly","Units","","","","","","","","","","","","","","","","","","","","","","","","","","","","","","","","","","","","","","","","","","","","","","","","","","2.5017739423058","2.6973234247929","3.2614","3.94163636363636","6.02","8.7","9.998375","13.0709","15.4116","15.9732","16.5278","17.0950136363636","17.6823168421053","21.16","25.0","25.0","32.3541363636364","68.9430043478261","81.6037736842105","82.2502818181818","81.3660136363636","81.6789571428571","81.81466","82.070325","83.4612263157895","83.9960470588236","84.4546631578948","84.607105","85.10875","85.5404545454546","85.772835","86.4913681818182","91.0938666666666","102.07535","107.957376190476","110.941961904762","119.212589473684","133.093595652174","150.580673684211","215.575705","337.155163636364","400.810038095238","495.896171428571","597.97","628.716452380952","640.49","669.01","732.7711","848.0038","912.3515","981.370229411765","1439.61343809524","5482.3108","4957.469","4563.02703","4910.9861","5639.290331","5752.41","5890.463316","8342.85","12403.73","18288.37","13.3967","13.409","13.49735","13.7446","13.7998","14.9588","26.7751","25.7613","25.6903"
"IMF.STA:ER(4.0.1)","GTM.XDC_USD.PA_RT.M","OBS_VALUE","Guatemala","Domestic currency per US Dollar","Period average","Monthly","Units","7.6405","7.64165","7.6266","7.70507","7.67973","7.64725","7.647605","7.64785","7.68787","7.678495","7.64102","7.61414","7.64951","7.66289","7.71627","7.730405","7.64447","7.640945","7.59517","7.534415","7.52222","7.495795","7.50414","7.503015","7.516875","7.40231","7.355295","7.335865","7.33786","7.339735","7.2994","7.27386","7.30397","7.34069","7.32979","7.339615","7.341775","7.36033","7.39256","7.40161","7.443285","7.484275","7.482175","7.507385","7.664655","7.723425","7.697155","7.731345","7.729985","7.731145","7.68749","7.642605","7.67059","7.70201","7.672115","7.669795","7.70967","7.75525","7.702435","7.68729","7.690365","7.64722","7.690375","7.708745","7.69499","7.698005","7.69588","7.704865","7.76055","7.781145","7.787735","7.799925","7.788685","7.740595","7.719845","7.71557","7.713435","7.738005","7.744085","7.73632","7.73101","7.73106","7.72997","7.72408","7.698475","7.699205","7.691225","7.660865","7.670555","7.73782","7.73397","7.7303","7.81436","7.859345","7.81286","7.869945","7.845875","7.82775","7.80254","7.79873","7.809315","7.83748","7.85018","7.85775","7.86548","7.83941","7.82594","7.82324","7.81688","7.81053","7.801065","7.777745","7.76593","7.76396","7.753105","7.735425","7.729385","7.72783","7.717785","7.70281"
"IMF.STA:ER(4.0.1)","CAN.XDC_USD.PA_RT.M","OBS_VALUE","Canada","Domestic currency per US Dollar","Period average","Monthly","Units","1.21151905","1.25000526","1.26191363636364","1.23311428571429","1.218485","1.23660455","1.28645909","1.31487","1.32669523809524","1.30726666666667","1.328035","1.37046666666667","1.422315","1.37961","1.32261818181818","1.28185714285714","1.29420952","1.28955909","1.30503","1.29943636363636","1.31086666666667","1.325145","1.3438","1.332935","1.31909048","1.31098947","1.33875217","1.34439474","1.36055789473684","1.32980454545455","1.26848333333333","1.260477273","1.22828","1.260461905","1.276885714","1.277052632","1.242740909","1.258621053","1.293171429","1.273257143","1.287327273","1.312857143","1.313009524","1.304118182","1.303652632","1.301304761904762","1.319868421052632","1.339886666666667","1.33033","1.320557894736842","1.33647","1.33738","1.345985714285714","1.328752631578947","1.310484210526316","1.32766","1.32405","1.318371428571429","1.32320625","1.318272222222222","1.308833333333333","1.328584210526316","1.39525","1.405247368421053","1.396355555555556","1.3544","1.348763157894737","1.322294736842105","1.323763157894737","1.321471428571429","1.307575","1.281294117647059","1.272205263157895","1.269857894736842","1.25667619047619","1.24935","1.214584615384615","1.223084210526316","1.254784210526316","1.260394736842105","1.268658823529412","1.243685","1.254311111111111","1.278930769230769","1.262052631578947","1.271788888888889","1.265786956521739","1.263005263157895","1.286216666666667","1.276225","1.293958823529412","1.292168181818182","1.332031578947368","1.369772222222222","1.345815789473684","1.359835294117647","1.34229","1.345026315789474","1.367645454545455","1.348594444444444","1.351666666666667","1.328925","1.321436842105263","1.348536363636364","1.354063157894737","1.371675","1.371894444444444","1.34715","1.342395238095238","1.35008","1.35361875","1.368683333333333","1.367647058823529","1.370427777777778","1.37207","1.365161904761905","1.354621052631579","1.372973684210526","1.39693125","1.417707142857143"
"IMF.STA:ER(4.0.1)","MUS.XDC_USD.PA_RT.M","OBS_VALUE","Mauritius","Domestic currency per US Dollar","Period average","Monthly","Units","32.2924","33.0141","35.3997","36.0994","34.9865","35.1075","35.4242","35.359","35.3427","35.5059","36.0828","36.0662","36.0745","35.7191","35.6041","35.1399","35.156","35.4157","35.4947","35.2267","35.3345","35.6024","35.7938","35.9412","35.8359","35.5399","35.4338","35.2735","34.8015","34.7027","34.1151","33.0946","33.232","33.9856","34.0414","33.7209","33.0153","32.5781","33.0498","33.7208","34.4912","34.4446","34.2589","34.3104","34.2707","34.4125","34.4081","34.253","34.1432","34.1542","34.5206","34.7745","35.0777","35.509","35.761","35.9371","36.2441","36.419","36.5359","36.6059","36.625","37.2564","38.3395","39.8364","40.1746","40.1125","40.1691","39.8717","39.878","40.0336","40.1033","39.7631","39.5945","39.9519","40.3254","40.6237","40.6683","41.1618","42.8737","42.7988","42.7303","42.8995","43.2136","43.4641","43.6123","43.7649","44.122","43.6558","43.3076","44.2531","45.2193","45.0781","44.6462","44.6023","44.0415","43.8902","44.2382","45.7319","46.6963","45.3208","45.5494","45.7821","45.7499","45.6084","45.18","44.5817","44.4284","44.3396","44.7909","45.8064","46.2852","46.6508","46.4287","46.9023","46.988","46.5496","46.2536","46.4307","46.8222","47.0677"
"IMF.STA:ER(4.0.1)","SGP.XDC_USD.PA_RT.M","OBS_VALUE","Singapore","Domestic currency per US Dollar","Period average","Monthly","Units","1.3374","1.3544","1.3771","1.35","1.3347","1.3457","1.3608","1.3999","1.415","1.4019","1.4125","1.4085","1.4335","1.4063","1.3748","1.3509","1.3706","1.3555","1.3508","1.34743636363636","1.35922","1.3836","1.4101","1.4358","1.4288","1.415","1.4057","1.398","1.3946","1.3837","1.3717","1.3607","1.3497","1.3604","1.3561","1.3467","1.322","1.3198","1.3148","1.3149","1.3387","1.3474","1.3632","1.3689","1.3715","1.3791","1.3755","1.3703","1.3564","1.3537","1.354","1.3561","1.3707","1.363","1.3606","1.385","1.3802","1.3713","1.3616","1.3573","1.3508","1.3897","1.4165","1.4245","1.418","1.3941","1.3883","1.3697","1.3655","1.3596","1.3478","1.3324","1.3257","1.3274","1.3423","1.3344","1.3303","1.333","1.3543","1.3552","1.3475","1.3511","1.3574","1.3632","1.3506","1.3467","1.3593","1.3656","1.3814","1.3837","1.3949","1.3843","1.4136","1.4245","1.3874","1.352","1.3258","1.3309","1.3407","1.3319","1.3393","1.3461","1.3346","1.3505","1.3638","1.369","1.3482","1.3324","1.3355","1.3445","1.3401","1.3569","1.3512","1.3516","1.3469","1.3159","1.2964","1.309","1.3365","1.3503"
"IMF.STA:ER(4.0.1)","KAZ.XDC_USD.PA_RT.M","OBS_VALUE","Kazakhstan, Republic of","Domestic currency per US Dollar","Period average","Monthly","Units","183.7","184.92","185.31","185.73","185.8","186.04","186.8","203.62","258.17","275.54","302.27","322.84","365.83","359.15","344.87","337.53","332.73","336.52","340.96","344.92","338.62","332.01","339.05","333.73","331.14","320.18","316.07","312.24","313.51","318.42","325.31","332.692272727273","339.22","337.1","332.47","333.66","327.01","321.93","320.73","324.89","328.26","336.11","344.19","356.54","367.33","367.17","370.49","371.82","378.13","377.43","377.64","379.417727272727","379.98","382.26","383.66","386.67","386.99","389.19","387.74","383.86","378.71","377.73","412.25","433.79","418.09","402.44","411.35","418.55","423.86","429.16","428.84","420.67","420.17","418.75","420.26","430.11","427.66","427.17","426.47","425.21","425.51","425.64","429.82","434.12","433.66","434.44","497.18","453.32","430.71","442.35","476.08","474.66","475.57","472.48","463.79","467.74","462.61","451.94","449.99","451.33","446.6","448.54","445.2","451.94","467.86","476.65","463.56","457.76","451.28","449.95","449.74","446.34","442.19","454.69","474.86","478.28","479.94","485.71","494.92","519.65"
"IMF.STA:ER(4.0.1)","NOR.XDC_USD.PA_RT.M","OBS_VALUE","Norway","Domestic currency per US Dollar","Period average","Monthly","Units","7.69","7.59","7.98","7.89","7.55","7.81","8.13","8.24","8.3","8.27","8.62","8.7","8.83","8.62","8.49","8.22","8.24","8.31","8.46","8.3","8.2","8.16","8.41","8.56","8.48","8.33","8.51","8.58","8.52","8.46","8.17","7.89","7.83","7.99","8.19","8.31","7.91","7.83","7.77","7.84","8.1","8.11","8.13","8.33","8.25","8.25","8.47","8.6","8.55","8.58","8.6","8.57","8.74","8.63","8.61","8.96","9.02","9.15","9.15","9.04","8.95","9.29","10.22","10.44","10.09","9.53","9.3","8.95","9.14","9.28","9.08","8.72","8.52","8.5","8.53","8.37","8.3","8.42","8.78","8.85","8.65","8.46","8.73","8.97","8.84","8.87","8.84","8.9","9.59","9.76","10.0","9.71","10.27","10.58","10.14","9.87","9.95","10.22","10.54","10.51","10.78","10.81","10.26","10.46","10.72","11.01","10.92","10.58","10.41","10.55","10.59","10.89","10.72","10.61","10.8","10.71","10.61","10.81","11.05","11.2"
"IMF.STA:ER(4.0.1)","UKR.XDC_USD.PA_RT.M","OBS_VALUE","Ukraine","Domestic currency per US Dollar","Period average","Monthly","Units","15.812726","24.479893","23.256215","22.709473","20.915256","21.232832","21.757373","21.6268673","21.7834192","21.8413074","23.3126251","23.4083862","24.2596925","26.3930522","26.3561622","25.6294976","25.2064774","24.9513413","24.816781","25.064809","26.2754622","25.757272","25.700937","26.204525","27.150612","27.027771","27.001562","26.856827","26.423693","26.108858","25.969315","25.635271","26.1086071","26.654977","26.7052746","27.5165079","28.4343286","27.1710494","26.3412047","26.1517485","26.1812245","26.2021705","26.4006864","27.482209","28.1912674","28.127382","27.933498","27.789139","27.879175","27.160679","26.863535","26.8114953","26.3788477","26.5001106","25.7513554","25.2469896","24.7697242","24.8082065","24.3675186","23.6094351","24.1193516","24.5965241","26.4122935","27.2246533","26.814329","26.707343","27.3128387","27.5214194","27.976716","28.3249516","28.310153","28.1697194","28.219771","27.8846607","27.7955581","27.9300067","27.6028484","27.239873","27.214548","26.7848548","26.7277867","26.3746774","26.4462233","27.2134645","27.981271","28.4136643","29.2549","29.2549","29.2549","29.2549","31.8500839","36.5686","36.5686","36.5686","36.5686","36.5686","36.5686","36.5686","36.5686","36.5686","36.5686","36.5686","36.5686","36.5686","36.5686","36.5189516","36.15542","37.0939258","37.8684742","37.9728931","38.6638677","39.36055","39.7100516","40.4775133","40.9901774","41.1893742","41.24736","41.2424581","41.3502633","41.75200968"
"IMF.STA:ER(4.0.1)","TUN.XDC_USD.PA_RT.M","OBS_VALUE","Tunisia","Domestic currency per US Dollar","Period average","Monthly","Units","1.9108","1.9302","1.9602","1.9546","1.9333","1.9397","1.9668","1.9543","1.9591","1.9685","2.0335","2.0285","2.0445","2.0229","2.0286","2.0104","2.0502","2.1613","2.2191","2.2024","2.204","2.2379","2.274","2.3211","2.3219","2.2902","2.3016","2.3684","2.4535","2.4514","2.47","2.4589","2.4475","2.4839","2.4964","2.4894","2.4625","2.4245","2.427","2.4276","2.5163","2.6013","2.6548","2.7515","2.7763","2.838","2.9101","2.9725","3.0203","3.0527","3.0542","3.0291","2.9898","2.9284","2.8768","2.8652","2.8611","2.8449","2.8521","2.8386","2.8179","2.86","2.8665","2.903","2.9013","2.859","2.8143","2.7429","2.7543","2.7597","2.7469","2.7225","2.7097","2.7233","2.7693","2.77","2.7444","2.7921","2.8093","2.7933","2.8008","2.8352","2.8773","2.9089","2.8918","2.885","2.9637","3.0272","3.1052","3.0996","3.1572","3.1725","3.2488","3.2984","3.2482","3.1456","3.0911","3.1088","3.1128","3.0569","3.0754","3.1017","3.068","3.0981","3.1459","3.1788","3.1351","3.1014","3.1013","3.1259","3.11","3.1413","3.1229","3.1293","3.1119","3.065","3.0426","3.0857","3.1417","3.1118"
"IMF.STA:ER(4.0.1)","NZL.XDC_USD.PA_RT.M","OBS_VALUE","New Zealand","Domestic currency per US Dollar","Period average","Monthly","Units","1.3089","1.3434","1.3382","1.3187","1.3524","1.4306","1.5033","1.527","1.5788","1.4993","1.5228","1.4843","1.5337","1.5076","1.4852","1.451","1.4699","1.4217","1.4039","1.3833","1.3682","1.397","1.398","1.4188","1.4033","1.385","1.4267","1.4337","1.4415","1.3841","1.3607","1.3678","1.3801","1.416","1.4518","1.4382","1.3784","1.3676","1.378","1.3778","1.4382","1.4407","1.4732","1.499","1.5163","1.5314","1.4782","1.4643","1.4758","1.4631","1.4637","1.4859","1.5237","1.5158","1.4961","1.5538","1.5768","1.5785","1.5627","1.5186","1.5135","1.5635","1.6534","1.6683","1.6434","1.5513","1.5184","1.5161","1.4988","1.5078","1.4588","1.4114","1.39","1.3805","1.3998","1.4035","1.3848","1.4059","1.432","1.4347","1.4168","1.4205","1.4233","1.4738","1.4828","1.4995","1.4579","1.4745","1.5615","1.5743","1.6129","1.5962","1.6801","1.7587","1.6532","1.5746","1.561","1.587","1.6119","1.6095","1.6085","1.6308","1.6072","1.6664","1.6878","1.692","1.6703","1.6088","1.62","1.6319","1.6423","1.677","1.6504","1.6281","1.6573","1.6447","1.6077","1.6404","1.6915","1.7364"
"IMF.STA:ER(4.0.1)","MNG.XDC_USD.PA_RT.M","OBS_VALUE","Mongolia","Domestic currency per US Dollar","Period average","Monthly","Units","1932.7","1961.75","1986.22","1975.83","1939.28","1903.29","1978.28","1990.48","1993.79","1993.35","1992.9","1995.84","2003.22","2024.24944444444","2046.34681818182","2011.9880952381","2005.96","1964.929","2031.90375","2189.04826086956","2243.98","2244.975","2434.32","2482.57","2488.376086956522","2478.29","2459.553809523809","2421.846500000001","2413.056956521739","2367.9335","2409.410625","2443.529565217392","2454.287142857143","2458.692727272727","2448.86","2433.489499999999","2425.77","2402.901578947369","2395.372380952381","2394.645238095238","2405.191304347826","2432.298","2462.82947368421","2464.117826086957","2503.3055","2564.14347826087","2581.8805","2637.353333333334","2649.679545454546","2633.374117647059","2632.5065","2634.927272727273","2645.159565217392","2654.472","2661.5475","2670.54","2669.683333333333","2678.005652173913","2705.259473684211","2727.341818181818","2744.382272727273","2756.518823529412","2769.031363636364","2783.155454545455","2797.250909090908","2816.261578947369","2836.4095","2849.105238095238","2854.168181818182","2853.602380952381","2850.043684210526","2849.548636363637","2849.815000000001","2849.728947368421","2849.638181818182","2849.888636363637","2849.5715","2849.1175","2848.974444444444","2848.907727272727","2848.942272727273","2848.967619047619","2848.947","2848.964545454546","2849.356666666668","2857.168235294118","2901.83","3041.837619047619","3110.218636363636","3124.254","3153.02875","3185.720869565218","3257.103636363636","3369.895714285715","3406.433333333333","3431.287142857143","3467.213181818182","3508.060588235294","3524.976363636364","3496.413809523809","3461.180434782608","3438.263333333332","3442.353125","3469.977826086956","3466.077142857142","3452.472272727272","3440.642857142857","3421.2075","3407.373181818182","3391.842500000001","3376.2245","3376.528636363636","3381.194545454545","3381.106315789474","3380.857368421053","3380.975","3380.954285714285","3392.019545454545","3412.771000000001","3417.931363636364"
"IMF.STA:ER(4.0.1)","MDV.XDC_USD.PA_RT.M","OBS_VALUE","Maldives","Domestic currency per US Dollar","Period average","Monthly","Units","15.3716129032258","15.3610714285714","15.3703225806452","15.3636666666667","15.3658064516129","15.376","15.3643333333333","15.3796774193548","15.3588333333333","15.3554838709677","15.363","15.3661666666667","15.3627419354839","15.3687931034483","15.3537096774194","15.3623333333333","15.3653225806452","15.3663333333333","15.3775806451613","15.3706451612903","15.3708571428571","15.3670967741935","15.3798333333333","15.3756451612903","15.3703225806452","15.3664285714286","15.3783870967742","15.3756666666667","15.3917741935484","15.3876666666667","15.3908064516129","15.396935483871","15.3993333333333","15.391935483871","15.3953333333333","15.3990322580645","15.3948387096774","15.3948214285714","15.3948387096774","15.388","15.3903225806452","15.3926666666667","15.4008064516129","15.3925806451613","15.3943333333333","15.3906451612903","15.382","15.3741935483871","15.3837096774194","15.3721428571429","15.3809677419355","15.3901666666667","15.3932258064516","15.394","15.3774193548387","15.3625806451613","15.3786666666667","15.3874193548387","15.3803333333333","15.3838709677419","15.3735483870968","15.3689655172414","15.3725806451613","15.396","15.4061290322581","15.3906666666667","15.3722580645161","15.3667741935484","15.38","15.3693548387097","15.3876666666667","15.3912903225806","15.3690322580645","15.3757142857143","15.3609677419355","15.354","15.3590322580645","15.369","15.3758064516129","15.3606451612903","15.3743333333333","15.391935483871","15.3893333333333","15.3925806451613","15.3764516129032","15.3775","15.39","15.387","15.3816129032258","15.3933333333333","15.3974193548387","15.3822580645161","15.3846666666667","15.3906451612903","15.387","15.3916129032258","15.3761290322581","15.3825","15.3893548387097","15.3823333333333","15.378064516129","15.391","15.398064516129","15.3870967741935","15.3933333333333","15.3864516129032","15.3833333333333","15.3938709677419","15.3841935483871","15.3855172413793","15.3803225806452","15.3926666666667","15.3925806451613","15.393","15.3845161290323","15.3806451612903","15.383","15.4006451612903","15.3913333333333","15.401935483871"
"IMF.STA:ER(4.0.1)","UZB.XDC_USD.PA_RT.M","OBS_VALUE","Uzbekistan, Republic of","Domestic currency per US Dollar","Period average","Monthly","Units","2427.217962365589","2449.501785714287","2474.9","2500.58","2523.281612903226","2544.057666666667","2564.704193548386","2586.614838709677","2608.891333333334","2649.288762989247","2711.485335946667","2775.32306860215","2821.919548612905","2843.748346091955","2864.933548387097","2888.601999666666","2911.297419225808","2933.034666666668","2954.423076774193","2977.259354838708","2999.478333333334","3051.710000000002","3132.876666666666","3203.759032258063","3249.545203591398","3314.737974080356","3490.741496510754","3656.379353250002","3777.90881970968","3899.947665500003","4021.713363822581","4147.146586806452","7568.782910800001","8061.318049431866","8077.016573144262","8101.30935483871","8145.924838709676","8183.150000000002","8143.54","8087.3","8032.43","7914.98","7812.69","7796.76","7937.82","8194.09","8265.75","8320.84","8355.12","8395.41","8386.07","8440.32","8457.82","8526.92","8594.53","9029.8","9401.3","9447.63","9484.66","9521.87","9533.5","9537.49","9518.28","9860.11","10133.19","10156.53","10193.6","10234.87483870967","10290.48","10352.80290322581","10386.01568740307","10454.26258064516","10483.41193548387","10533.73857142857","10503.90129032258","10502.169","10552.31032258065","10573.09166666667","10622.12387096774","10644.69258064516","10672.299","10689.46","10730.188","10806.1864516129","10828.63451612903","10846.19892857143","11210.9864516129","11314.66433333333","11119.41064516129","10947.36","10913.89903225806","10919.83193548387","10973.39033333334","11099.34741935484","11185.90566666667","11242.11580645161","11293.89741935484","11331.91928571429","11396.96064516129","11408.073","11441.29870967742","11457.10233333333","11574.21483870968","11935.73516129033","12156.21466666667","12208.26774193548","12278.42433333333","12335.89290322581","12398.37870967742","12475.21103448276","12550.27612903226","12670.32766666667","12686.95903225806","12619.93","12606.40258064516","12634.14096774193","12711.295","12784.37483870968","12815.19266666667","12874.95322580645"
"IMF.STA:ER(4.0.1)","THA.XDC_USD.PA_RT.M","OBS_VALUE","Thailand","Domestic currency per US Dollar","Period average","Monthly","Units","32.7344","32.5734","32.6314","32.5095","33.5519","33.7274","34.2996","35.4176","36.0195","35.7177","35.7774","36.0128","36.1612","35.6037","35.2376","35.0916","35.4475","35.3053","35.0756","34.7255","34.732","35.05","35.3196","35.807","35.4316","35.0182","34.89549","34.4512411764706","34.4534666666667","33.9992045454545","33.749652631579","33.2624454545455","33.1503190476191","33.2510052631579","32.94935","32.6657578947368","31.8885142857143","31.470315","31.2643666666667","31.3135944444444","31.9728714285714","32.4635095238095","33.266095","33.02481818181818","32.62275","32.7650142857143","32.9655045454546","32.7053555555555","31.8108590909091","31.2998736842105","31.7229476190476","31.8488684210526","31.7936","31.1244210526316","30.7936285714286","30.7695142857143","30.5736619047619","30.3674857142857","30.2431142857143","30.2232947368421","30.4347636363636","31.3353947368421","32.08755","32.6377714285714","32.0417111111111","31.1625380952381","31.41422","31.215","31.35113","31.27048","30.4770142857143","30.0965052631579","30.005895","29.9816055555556","30.7835826086956","31.3330222222222","31.29555","31.4369571428571","32.60614","33.1177428571429","33.0298238095238","33.4825421052632","33.08865","33.56361","33.240105","32.6739315789474","33.244652173913","33.8125588235294","34.4104736842105","34.968","36.3334833333333","35.8761181818182","37.0343818181818","37.9193888888889","36.4299090909091","34.7932","33.2293666666667","34.0059","34.5011909090909","34.2799529411765","34.24197","34.9129285714286","34.629115","35.0376285714286","35.8345523809524","36.516815","35.4642818181818","34.9725611111111","35.1765636363636","35.85414","35.9495380952381","36.7868166666667","36.63237","36.7057421052632","36.3000666666667","34.7568428571428","33.3626333333333","33.3638","34.4454857142857","34.1884578947368"
"IMF.STA:ER(4.0.1)","MDG.XDC_USD.PA_RT.M","OBS_VALUE","Madagascar, Republic of","Domestic currency per US Dollar","Period average","Monthly","Units","2609.46","2610.42","2740.57","2879.89","2874.85","2878.94","2881.76","2881.3","3097.04","3266.39","3278.57","3202.91","3206.13","3183.97","3194.46","3173.48","3179.59","3264.53","3057.21","3021.78","3057.25","3188.25","3258.94","3332.88","3268.25","3134.83","3176.1","3199.44","3126.86","3128.68","2948.15","2949.38","2985.36","3076.89","3178.42","3220.96","3230.35","3159.3","3137.04","3215.29","3257.94","3355.88","3311.33","3301.9","3407.82","3503.27","3612.33","3524.57705882353","3544.28136363636","3530.263","3535.71","3586.623","3626.176","3614.65","3623.30043478261","3682.09095238095","3736.84047619048","3656.40391304348","3667.63105263158","3615.89210526316","3659.13590909091","3691.3615","3704.53727272727","3771.925","3805.75842105263","3815.925","3831.38727272727","3795.21904761905","3839.80545454545","3914.47727272727","3864.89904761905","3758.6175","3778.5495","3743.6995","3769.39636363636","3780.0675","3749.55894736842","3784.76863636364","3811.77","3823.35409090909","3880.94727272727","3928.25428571429","3956.75666666667","3952.61142857143","3965.28428571429","3972.3595","3987.065","3980.57894736842","3981.4","4025.05142857143","4090.04","4100.87590909091","4130.10909090909","4217.01952380952","4296.24142857143","4407.36909090909","4375.81545454545","4287.466","4301.81","4378.04882352941","4386.8325","4447.0785","4480.57761904762","4452.74","4485.48380952381","4512.13136363636","4484.7365","4562.23","4558.15454545454","4532.90476190476","4458.2545","4379.1035","4421.9447368421","4458.29421052632","4499.64608695652","4558.18619047619","4531.29190476191","4578.48782608696","4644.8795","4683.94888888889"
"IMF.STA:ER(4.0.1)","LBY.XDC_USD.PA_RT.M","OBS_VALUE","Libya","Domestic currency per US Dollar","Period average","Monthly","Units","1.36015885439522","1.36821130444198","1.39518654479976","1.39633228818542","1.37586387961864","1.37564418944593","1.38424873763777","1.37794560102203","1.37412146766275","1.37429151012507","1.39790973387604","1.39460420424174","1.3983984495678","1.38720272665728","1.38509128781177","1.37167086114637","1.36928059488418","1.37273438646316","1.39001614111381","1.38101788896165","1.38123386280566","1.39992701123233","1.41337847520772","1.43447246092827","1.4298002843212","1.42581086402859","1.42634666753216","1.420454545","1.405481377","1.396843135","1.384466288","1.368925394","1.360359135","1.370614035","1.371177842","1.365560563","1.3431","1.3315","1.33","1.3317","1.3636","1.3649","1.3763","1.378","1.3807","1.3886","1.3957","1.3955","1.3854","1.3839","1.38859959730612","1.39289345757943","1.39789756206665","1.39450564774787","1.39879703455029","1.40726146918097","1.4129","1.4092","1.406","1.4018","1.4002","1.412","1.4059","1.4109","1.4135","1.40666760444507","1.3933398355859","1.37306055197034","1.37193030594046","1.3696753869333","1.36332651670075","1.3435","4.4581","4.4647","4.5041","4.5016","4.4651","4.4804","4.5154","4.522","4.526","4.5537","4.582","4.6","4.5915","4.5912","4.6528","4.709","4.7892","4.8052","4.8703","4.8903","4.98","5.1049","4.9368","4.8369","4.779","4.8031","4.8095","4.7667","4.788","4.8143","4.7761","4.8119","4.8594","4.8929","4.8433","4.8104","4.8111","4.8375","4.8153","4.8631","4.8482","4.8563","4.8433","4.7988","4.7537","4.7989","4.8664","4.8939"
"IMF.STA:ER(4.0.1)","ROU.XDC_USD.PA_RT.M","OBS_VALUE","Romania","Domestic currency per US Dollar","Period average","Monthly","Units","3.869","3.9017","4.0933","4.0881","3.9843","3.9803","4.0315","3.9724","3.9382","3.9346","4.1356","4.139","4.1702","4.0395","4.0201","3.9455","3.9802","4.0257","4.0529","3.9775","3.97","4.0756","4.171","4.282","4.2401","4.2411","4.2563","4.2259","4.1213","4.0714","3.9704","3.8764","3.8576","3.9035","3.9473","3.9186","3.8121","3.7675","3.7784","3.7912","3.9239","3.9911","3.981","4.0189","3.9848","4.0609","4.1028","4.0868","4.1179","4.1823","4.2042","4.2296","4.2551","4.1839","4.2144","4.2511","4.3026","4.3014","4.3139","4.2987","4.3059","4.3843","4.3633","4.4469","4.4398","4.2965","4.2239","4.0881","4.1199","4.1412","4.1176","4.0005","4.0029","4.0289","4.1064","4.1188","4.0526","4.0864","4.1652","4.1823","4.2019","4.2662","4.3345","4.3789","4.3681","4.361","4.4909","4.5638","4.6776","4.6756","4.8507","4.8344","4.9531","5.014","4.8248","4.6477","4.569","4.5795","4.6031","4.5045","4.5546","4.5713","4.4689","4.5294","4.647","4.7027","4.6035","4.558","4.564","4.6097","4.5735","4.634","4.6001","4.6235","4.5854","4.5199","4.478","4.5615","4.6834","4.7475"
"IMF.STA:ER(4.0.1)","DOM.XDC_USD.PA_RT.M","OBS_VALUE","Dominican Republic","Domestic currency per US Dollar","Period average","Monthly","Units","44.6079222222222","44.8817","44.7524","44.7971238095238","44.8651","44.9148571428571","45.0605","45.1432619047619","45.2282238095238","45.3339","45.4333","45.5277","45.6154","45.7642","45.8094","45.8535","45.901","45.9541272727273","45.9945","46.0061","46.1746","46.4371","46.5893","46.6741","46.7828","47.1285","47.3172","47.3959","47.4402","47.5046","47.5375","47.5812045454545","47.7206","47.8314","47.9735238095238","48.19887","48.4247","48.8367","49.2029142857143","49.3807","49.4018","49.4161","49.5841","49.7276","49.8208","49.977","50.1375","50.21","50.3761","50.4897","50.5432","50.5524","50.5647","50.7277","50.9213","51.1756","51.6597","52.7486","52.8691","52.9102","53.1086","53.3702","53.7389","54.2019","55.3914","57.9353","58.3452","58.4827","58.4714","58.4858","58.4476","58.3154","58.3065","58.0968","57.4518","57.0965","57.0402","57.1258","57.1956","57.1854","56.759","56.5141","56.7216","57.1601","57.8326","56.7841","55.1191","55.2009","55.3232","54.9967","54.721","53.8767","53.5243","54.0529","54.6015","55.6589","56.7084","56.1479","55.104","54.9052","54.6898","55.1197","56.1066","56.7799","56.9124","56.8842","56.9927","57.5404","58.9004","58.8378","59.1749","59.1575","58.732","59.3477","59.2788","59.7815","60.0829","60.222","60.325","60.9411"
"IMF.STA:ER(4.0.1)","MKD.XDC_USD.PA_RT.M","OBS_VALUE","North Macedonia, Republic of","Domestic currency per US Dollar","Period average","Monthly","Units","52.7445","54.7214","56.8137","56.9683","55.1499","55.0442","56.0334","55.277","54.9161","54.7953","57.2763","56.7048","56.7501","55.5473","55.6127","54.3991","54.5501","55.6311","55.5958","54.8314","54.8458","55.7456","56.9043","58.3674","58.0244","57.8078","57.6546","57.5237","55.8391","55.0327","53.5278","52.1644","51.7094","52.288","52.4228","51.9908","50.4967","49.8496","49.9198","50.0978","51.9362","52.6156","52.6607","53.2888","52.7371","53.5316","54.1084","54.043","53.8762","54.2358","54.4051","54.7345","54.9829","54.5229","54.7825","55.3129","55.8289","55.669","55.6201","55.3956","55.4065","56.4547","55.8379","56.7633","56.6219","54.856","54.0374","52.1966","52.2826","52.4141","52.1456","50.7153","50.5704","51.0075","51.809","51.5929","50.7035","51.1753","52.0797","52.237","52.2605","53.1743","54.0559","54.5599","54.4905","54.3781","56.0244","56.7713","58.3709","58.2274","60.3885","60.658","62.0227","62.7709","60.5512","58.2388","57.2404","57.5586","57.7614","56.2969","56.5332","56.8349","55.7068","56.3527","57.5163","58.2456","56.9805","56.339","56.4449","57.1234","56.6725","57.3266","56.963","57.1605","56.7091","55.9519","55.3538","56.3335","57.7674","58.665"
