year,iso,countries,region,hf_score,hf_rank,hf_quartile,pf_rol_procedural,pf_rol_civil,pf_rol_criminal,pf_rol_vdem,pf_rol,pf_ss_homicide,pf_ss_homicide_data,pf_ss_disappearances_disap,pf_ss_disappearances_violent,pf_ss_disappearances_violent_data,pf_ss_disappearances_organized,pf_ss_disappearances_fatalities,pf_ss_disappearances_fatalities_data,pf_ss_disappearances_injuries,pf_ss_disappearances_injuries_data,pf_ss_disappearances_torture,pf_ss_killings,pf_ss_disappearances,pf_ss,pf_movement_vdem_foreign,pf_movement_vdem_men,pf_movement_vdem_women,pf_movement_vdem,pf_movement_cld,pf_movement,pf_religion_freedom_vdem,pf_religion_freedom_cld,pf_religion_freedom,pf_religion_suppression,pf_religion,pf_assembly_entry,pf_assembly_freedom_house,pf_assembly_freedom_bti,pf_assembly_freedom_cld,pf_assembly_freedom,pf_assembly_parties_barriers,pf_assembly_parties_bans,pf_assembly_parties_auton,pf_assembly_parties,pf_assembly_civil,pf_assembly,pf_expression_direct_killed,pf_expression_direct_killed_data,pf_expression_direct_jailed,pf_expression_direct_jailed_data,pf_expression_direct,pf_expression_vdem_cultural,pf_expression_vdem_harass,pf_expression_vdem_gov,pf_expression_vdem_internet,pf_expression_vdem_selfcens,pf_expression_vdem,pf_expression_house,pf_expression_bti,pf_expression_cld,pf_expression,pf_identity_same_m,pf_identity_same_f,pf_identity_same,pf_identity_divorce,pf_identity_inheritance_widows,pf_identity_inheritance_daughters,pf_identity_inheritance,pf_identity_fgm,pf_identity,pf_score,pf_rank,ef_government_consumption,ef_government_consumption_data,ef_government_transfers,ef_government_transfers_data,ef_government_investment,ef_government_investment_data,ef_government_tax_income,ef_government_tax_income_data,ef_government_tax_payroll,ef_government_tax_payroll_data,ef_government_tax,ef_government_soa,ef_government,ef_government_rank,ef_legal_judicial,ef_legal_courts,ef_legal_protection,ef_legal_military,ef_legal_integrity,ef_legal_contracts,ef_legal_realprop,ef_legal_police,ef_gender,ef_legal-nogender,ef_legal-gender,ef_legal_rank,ef_money_growth,ef_money_growth_data,ef_money_sd,ef_money_sd_data,ef_money_inflation,ef_money_inflation_data,ef_money_currency,ef_money,ef_money_rank,ef_trade_tariffs_revenue,ef_trade_tariffs_revenue_data,ef_trade_tariffs_mean,ef_trade_tariffs_mean_data,ef_trade_tariffs_sd,ef_trade_tariffs_sd_data,ef_trade_tariffs,ef_trade_regulatory_nontariff,ef_trade_regulatory_costs,ef_trade_regulatory,ef_trade_black,ef_trade_movement_open,ef_trade_movement_capital,ef_trade_movement_visit,ef_trade_movement_assets,ef_trade_movement,ef_trade,ef_trade_rank,ef_regulation_credit_ownership,ef_regulation_credit_private,ef_regulation_credit_interest,ef_regulation_credit,ef_regulation_labor_minwage,ef_regulation_labor_firing,ef_regulation_labor_flexible,ef_regulation_labor_hours,ef_regulation_labor_dismissal,ef_regulation_labor_conscription,ef_regulation_labor_foreign,ef_regulation_labor,ef_regulation_business_burden,ef_regulation_business_costs,ef_regulation_business_impartial,ef_regulation_business_compliance,ef_regulation_business,ef_regulation_enter_openness,ef_regulation_enter_permits,ef_regulation_enter_distortion,ef_regulation_enter,ef_regulation,ef_regulation_rank,ef_score,ef_rank
2022,ALB,Albania,Eastern Europe,7.92,41.0,2.0,,,,7.18,4.81,9.52,1.65,10.0,10.0,0,7.5,10.0,0,10.0,0,7.04,9.84,9.2,9.36,9.81,9.87,9.79,9.82,10.0,9.91,9.52,10.0,9.76,9.84,9.8,8.15,7.5,10.0,10.0,9.17,9.65,9.61,7.62,8.96,8.59,8.71,10.0,0,10.0,0,10.0,6.75,5.0,3.77,8.56,6.37,6.09,5.0,6.67,3.33,6.22,10.0,10.0,10.0,7.5,,,7.5,10.0,8.75,8.22,52.0,8.282352941,11.84,7.133514986,11.02,7.545714286,23.59,9.0,23,7.0,34,8.0,8.0775,7.807816443,24.0,4.613733575,4.677396237,4.420575103,8.333333333,5.75475,3.6469507,6.715384476,5.303920905,1.0,5.433255541,5.433255541,66.0,9.48494928,2.575253601,8.2306425,4.423393749,7.308,6.73,10.0,8.755897945,28,9.646799117,0.529801325,9.28,3.6,8.0848,4.788,9.003866372,8.403653304,9.405327776,8.90449054,10.0,4.024748108,4.615384615,9.27,6.903052926,6.203296412,8.527913331,34.0,10.0,7.589624922,9.0,8.863208307,6.533333333,5.649870456,5.575783253,8.0,6.299740913,10.0,7.764570316,7.117614039,5.651538372,6.222222222,6.0575,3.587624865,5.379721365,6.810619344,5.621939551,6.25,6.227519632,6.897015836,55,7.48,38.0
2022,DZA,Algeria,Middle East & North Africa,4.7,157.0,4.0,,,,5.07,4.78,9.49,1.77,10.0,10.0,0,5.0,9.73,7,9.88,6,5.04,6.14,7.97,8.73,6.23,8.62,7.62,7.49,3.33,5.41,4.08,6.67,5.37,4.37,4.87,2.1,2.5,4.44,3.33,3.43,6.33,7.73,5.9,6.65,2.78,3.74,10.0,0,4.95,9,7.47,4.59,4.29,1.92,4.1,5.27,4.03,2.5,3.33,3.33,4.13,0.0,0.0,0.0,0.0,,,0.0,10.0,2.5,4.88,143.0,3.491176471,28.13,7.817129014,8.511136517,3.997142857,36.01,7.0,35,2.0,53,4.5,2.435,4.448089668,162.0,4.01403339,3.022032905,5.064927737,3.333333333,4.759,2.840691538,6.626692153,6.131038725,0.705882353,4.473968723,3.816032146,127.0,8.681929975,6.590350125,5.509129891,11.22717527,6.292,9.27,5.0,6.370764967,123,8.48,2.28,6.22,18.9,5.842,10.395,6.847333333,2.923449494,0.479289941,1.701369717,2.172721042,1.45938346,0.769230769,0.75,4.332414369,1.82775715,3.137295311,161.0,0.0,5.997745041,5.0,3.665915014,4.033333333,5.816149328,6.522477468,6.0,7.755176154,3.0,3.231489261,5.194089364,4.21515425,3.777777778,2.61,4.764764243,3.841924068,4.641448047,8.771110914,2.58320696,5.331921974,4.508462605,156,4.46,161.0
2022,AGO,Angola,Sub-Saharan Africa,5.74,124.0,4.0,,,,5.22,3.48,8.59,4.85,5.0,10.0,0,7.5,9.42,12,10.0,0,4.33,7.98,7.75,8.17,7.65,9.38,7.93,8.32,6.67,7.49,6.62,6.67,6.64,6.89,6.77,4.89,2.5,3.33,6.67,4.17,7.17,8.66,6.91,7.58,7.2,5.96,10.0,0,10.0,0,10.0,5.36,4.78,6.74,9.09,6.78,6.55,2.5,5.56,3.33,5.59,10.0,10.0,10.0,5.0,,,5.0,10.0,7.5,6.42,107.0,7.944117647,12.99,9.702997275,1.59,7.742857143,22.9,9.0,25,7.0,33,8.0,4.1325,7.504494413,36.0,3.805763496,2.926922922,3.390938086,4.166666667,3.694333333,1.151100198,5.521624536,2.302500201,0.882352941,3.36998118,3.171746993,145.0,7.518841652,12.40579174,6.012620947,9.968447631,1.456,21.36,5.0,4.99686565,147,9.393333333,0.91,7.8,11.0,3.708,15.73,6.967111111,3.597555558,2.514792899,3.056174228,0.0,2.5,1.538461538,0.0,3.380395113,1.854714163,2.969499876,164.0,5.0,10.0,9.0,8.0,6.25,4.566382115,6.969782512,4.0,6.632764231,0.0,3.556020458,4.567849902,2.937894265,5.333333333,4.8625,4.641461652,4.443797313,3.427184987,7.916415529,1.25,4.197866839,5.302378513,140,4.79,155.0
2022,ARG,Argentina,Latin America & the Caribbean,6.93,80.0,2.0,,,,6.64,5.24,8.75,4.31,5.0,10.0,0,7.5,10.0,0,9.98,1,7.86,7.44,8.25,8.5,8.96,9.82,9.38,9.39,10.0,9.69,9.8,10.0,9.9,9.23,9.56,9.09,10.0,8.89,6.67,8.52,9.89,9.9,9.28,9.69,9.07,9.09,10.0,0,10.0,0,10.0,9.25,7.39,7.42,9.84,8.56,8.49,7.5,8.89,6.67,8.31,10.0,10.0,10.0,10.0,,,10.0,10.0,10.0,8.63,40.0,6.167647059,19.03,5.536784741,16.88,8.702857143,19.54,7.0,35,1.0,57,4.0,6.6875,6.218957789,111.0,4.844004947,4.256155951,4.792428414,7.5,4.524166667,3.377623941,6.857195103,5.955771804,0.882352941,5.263418353,4.953805509,85.0,0.0,53.37196592,5.180648859,12.04837785,0.0,71.43,5.0,2.545162215,162,4.213333333,8.68,7.34,13.3,5.8504,10.374,5.801244444,4.225541521,5.649711293,4.937626407,2.16730038,2.663057148,0.0,8.83,4.369282294,3.965584861,4.217939023,155.0,5.0,6.067319087,0.0,3.689106362,3.883333333,1.658011812,3.192984263,10.0,2.517253846,10.0,7.08607475,5.476808286,2.714232603,5.111111111,7.5475,4.504147403,4.969247779,6.144821889,5.726520614,3.380395113,5.083912538,4.804768742,148,4.55,159.0
2022,ARM,Armenia,Caucasus & Central Asia,7.91,42.0,2.0,,,,6.99,6.99,9.36,2.19,5.0,10.0,0,7.5,10.0,0,10.0,0,7.97,9.37,8.55,8.96,9.19,9.89,9.72,9.6,6.67,8.13,8.43,6.67,7.55,9.35,8.45,9.63,7.5,8.89,6.67,7.69,9.75,9.89,8.51,9.38,9.01,8.92,10.0,0,10.0,0,10.0,6.89,6.0,5.44,9.0,6.99,6.86,5.0,7.78,6.67,7.26,10.0,10.0,10.0,7.5,,,7.5,10.0,8.75,8.21,54.0,7.058823529,16.0,7.882833787,8.27,8.977142857,18.58,9.0,21,7.0,31,8.0,8.11,8.005760035,20.0,4.561466932,4.678912763,5.447385938,5.0,5.640916667,4.288543818,9.815934976,7.084930738,1.0,5.814761479,5.814761479,56.0,8.539681308,7.301593459,8.7946272,3.013432,6.544,8.64,10.0,8.469577127,46,9.56,0.66,8.74,6.3,8.2108,4.473,8.836933333,4.094873269,9.315389046,6.705131158,10.0,7.935262322,5.384615385,8.73,5.054189265,6.776016743,8.079520308,56.0,10.0,9.058066044,10.0,9.686022015,5.833333333,7.125862692,7.248644033,10.0,9.251725385,0.0,6.024245818,6.497687323,5.170405705,4.666666667,6.41,6.020368906,5.566860319,5.590882575,9.302574229,5.0,6.631152268,7.095430481,45,7.49,36.0
2022,AUS,Australia,Oceania,8.8,7.0,1.0,,,,7.96,7.75,9.76,0.83,10.0,10.0,0,10.0,9.87,2,9.96,1,8.52,9.78,9.73,9.75,9.3,9.49,9.42,9.4,10.0,9.7,9.72,10.0,9.86,9.88,9.87,9.48,10.0,,10.0,10.0,9.6,9.8,9.68,9.69,9.01,9.54,10.0,0,10.0,0,10.0,8.91,7.14,9.46,9.53,8.81,8.77,7.5,,10.0,9.07,10.0,10.0,10.0,10.0,,,10.0,10.0,10.0,9.38,12.0,2.605882353,31.14,6.313351499,14.03,9.46,16.89,5.0,45,4.0,47,4.5,7.84,6.14384677,117.0,8.46604427,8.064592211,9.222861528,10.0,8.980833333,7.841777063,8.13991275,7.95794487,1.0,8.584245753,8.584245753,9.0,8.702736023,6.486319887,9.126478896,2.183802761,7.364,6.59,10.0,8.79830373,23,8.926666667,1.61,9.52,2.4,9.0496,2.376,9.165422222,7.776422406,8.43343856,8.104930483,10.0,10.0,4.615384615,0.11,6.633172007,5.339639156,8.152497965,52.0,10.0,8.600005492,10.0,9.533335164,6.95,7.170433601,6.084423065,10.0,7.927854911,10.0,3.32918462,7.351699457,3.981757562,7.333333333,9.6925,8.16151036,7.292275314,9.357153453,8.953087141,7.96681037,8.759016988,8.234081731,6,7.98,9.0
2022,AUT,Austria,Western Europe,8.48,22.0,1.0,,,,7.31,7.64,9.74,0.88,10.0,10.0,0,10.0,8.88,6,7.69,23,8.87,9.69,9.3,9.52,9.68,9.34,9.41,9.48,10.0,9.74,8.11,10.0,9.06,8.66,8.86,7.28,10.0,,10.0,10.0,9.86,8.74,9.68,9.42,9.44,9.03,10.0,0,10.0,0,10.0,9.28,7.79,8.16,9.87,4.96,8.01,7.5,,10.0,8.88,10.0,10.0,10.0,10.0,,,10.0,10.0,10.0,9.1,22.0,3.329411765,28.68,2.980926431,26.26,10.0,13.4,4.0,55,3.0,59,3.5,6.3775,5.237567639,147.0,7.872975664,7.680700883,9.309419791,10.0,9.0025,7.156997526,8.10049394,9.298795064,1.0,8.552735358,8.552735358,10.0,7.774808568,11.12595716,9.387680179,1.530799553,6.58,8.55,10.0,8.435622187,49,9.674270297,0.488594555,8.98,5.1,6.838,7.905,8.497423432,7.078798215,9.981656882,8.530227549,10.0,10.0,3.076923077,9.16,8.449819883,7.67168574,8.67483418,26.0,8.0,8.715785923,10.0,8.905261974,8.2,8.75,2.489248117,6.0,10,3.0,4.751249353,6.170071067,4.46609656,6.888888889,7.21,6.765789116,6.332693641,7.935144778,7.296297347,6.956506145,7.395982757,7.20100236,40,7.62,23.0
2022,AZE,Azerbaijan,Caucasus & Central Asia,5.54,127.0,4.0,,,,4.53,4.53,9.44,1.91,5.0,7.83,40,7.5,10.0,0,10.0,0,1.07,7.03,6.92,8.18,5.45,8.9,8.42,7.59,6.67,7.13,5.12,3.33,4.23,2.35,3.29,0.73,0.0,2.22,3.33,1.85,4.38,9.19,4.95,6.17,3.33,3.02,4.14,2,0.0,24,2.07,3.0,3.33,0.53,7.03,3.57,3.49,0.0,1.11,3.33,2.0,10.0,10.0,10.0,7.5,,,10.0,10.0,9.38,5.36,127.0,5.85,20.11,7.72479564,8.85,0.0,57.6,9.0,25,4.0,44,6.5,3.135,4.641959128,159.0,4.111721439,2.977953036,4.653053283,5.0,4.142666667,6.126481204,7.61397477,7.551862796,0.823529412,5.272214149,4.807018783,91.0,7.605603456,11.97198272,2.919778067,17.70055483,4.46,13.85,10.0,6.246345381,127,8.729329852,1.906005222,8.36,8.2,5.8344,10.414,7.641243284,5.817269087,8.19983032,7.008549703,10.0,4.810536206,4.615384615,2.59,4.363143643,4.094766116,7.186139776,85.0,5.0,10.0,5.0,6.666666667,6.666666667,6.751725385,8.176879883,6.0,8.503450769,1.0,7.500275373,6.37128544,7.210695743,6.666666667,2.665,5.799056102,5.585354628,4.743219083,9.024509983,3.75,5.839243022,6.115637439,107,5.8,128.0
2022,BHS,"Bahamas, The",Latin America & the Caribbean,7.82,45.0,2.0,,,,,5.98,0.92,31.22,10.0,10.0,0,,10.0,0,10.0,0,,,10.0,5.46,,,,,10.0,10.0,,10.0,10.0,,10.0,,10.0,,10.0,10.0,,,,,,10.0,10.0,0,10.0,0,10.0,,,,,,,7.5,,10.0,9.17,10.0,10.0,10.0,10.0,,,10.0,10.0,10.0,8.66,39.0,6.811764706,16.84,8.465940054,6.13,10.0,6.12,10.0,0,10.0,9,10.0,,8.81942619,3.0,6.072929284,6.611801207,4.0,10.0,6.666666667,3.550641518,3.815500426,2.5,1.0,5.402192388,5.402192388,68.0,8.957351576,5.213242118,7.596220757,6.009448107,7.756,5.61,0.0,6.077393083,131,6.7,4.95,3.5,32.5,1.55,21.125,3.916666667,0.0,8.105924622,4.052962311,10.0,2.5,0.769230769,10.0,5.0,4.567307692,5.634234167,145.0,10.0,5.789678223,10.0,8.596559408,8.2,5.773212426,,8.0,6.546424852,10.0,5.0,7.25327288,,5.555555556,,6.631277199,6.093416377,8.00406519,7.982034036,6.25,7.412033075,7.338820435,30,6.65,81.0
2022,BHR,Bahrain,Middle East & North Africa,5.53,128.0,4.0,,,,4.23,4.23,9.98,0.07,10.0,10.0,0,5.0,10.0,0,10.0,0,2.65,4.52,7.45,8.72,4.26,7.64,6.89,6.26,3.33,4.8,4.59,3.33,3.96,2.01,2.99,1.22,0.0,0.0,0.0,0.0,3.48,3.21,2.87,3.19,1.95,1.59,10.0,0,0.0,29,5.0,1.11,2.23,0.27,7.01,1.42,2.41,0.0,0.0,0.0,1.48,10.0,10.0,10.0,0.0,,,0.0,10.0,5.0,4.11,156.0,3.396608329,28.45153168,9.433242507,2.58,10.0,11.19,10.0,0,10.0,17,10.0,4.0225,7.370470167,41.0,5.376062421,4.544437442,7.671740055,5.0,5.2075,4.892907209,9.403392422,8.225464026,0.647058824,6.290187947,5.18015478,75.0,9.941639174,0.291804129,7.619658141,5.950854648,8.548,3.63,10.0,9.027324329,12,9.680495947,0.47925608,9.1,4.5,8.56,3.6,9.113498649,7.15586702,6.6739774,6.91492221,10.0,8.75,6.153846154,7.11,7.478115956,7.372990527,8.350352847,45.0,10.0,5.924948089,10.0,8.641649363,6.666666667,6.014962686,8.05512031,8.0,7.029925373,10.0,6.01392587,7.397228701,6.061911583,8.0,2.755,9.873895077,6.672701665,8.051961842,9.755026554,5.688561252,7.831849883,7.635857403,21,7.51,34.0
2022,BGD,Bangladesh,South Asia,5.52,129.0,4.0,,,,4.51,2.78,9.3,2.4,0.0,10.0,0,5.0,9.97,3,9.83,32,3.21,3.33,5.91,7.6,5.03,9.27,8.82,7.71,3.33,5.52,8.73,3.33,6.03,8.7,7.37,7.84,5.0,2.22,3.33,3.52,7.19,8.02,7.01,7.41,5.01,5.94,9.3,4,8.96,7,9.13,2.86,2.44,3.69,3.66,2.49,3.03,2.5,2.22,3.33,4.04,0.0,10.0,5.0,0.0,,,0.0,10.0,3.75,5.29,130.0,9.523529412,7.62,9.234332425,3.31,7.571428571,23.5,9.0,25,9.0,25,9.0,6.325,8.330858082,14.0,3.491463076,2.96470157,3.999055986,4.166666667,3.618333333,0.470574172,2.666150215,3.341008425,0.764705882,3.089744181,2.726244865,152.0,9.208676326,3.956618372,9.74025864,0.649353401,6.92,7.7,0.0,6.467233741,119,7.846666667,3.23,7.18,14.1,6.1084,9.729,7.045022222,5.316125552,0.0,2.658062776,10.0,3.314737752,0.0,7.65,5.249897341,4.053658773,5.939185943,134.0,5.0,10.0,10.0,8.333333333,8.75,4.433031065,6.276840368,10.0,1.36606213,10.0,3.787757556,6.373384446,3.878718615,2.888888889,1.8125,3.811971493,3.098019749,5.666170972,6.454888116,3.75,5.290353029,5.773772639,128,5.85,127.0
2022,BRB,Barbados,Latin America & the Caribbean,7.75,49.0,2.0,,,,7.34,6.4,5.56,15.27,10.0,10.0,0,,10.0,0,10.0,0,8.44,9.55,9.67,7.61,9.8,9.89,9.75,9.81,10.0,9.91,9.77,10.0,9.88,9.9,9.89,8.43,10.0,,10.0,10.0,9.55,9.8,9.58,9.64,9.21,9.32,0.0,1,10.0,0,5.0,8.77,7.8,8.77,9.56,6.63,8.3,10.0,,10.0,8.33,0.0,0.0,0.0,10.0,,,10.0,10.0,7.5,8.42,45.0,7.770588235,13.58,6.645776567,12.81,10.0,14.19,8.0,29,3.0,47,5.5,6.6975,7.32277296,46.0,7.308964497,5.908563216,6.675531864,,7.669,2.300886553,7.575837558,5.700000128,0.882352941,6.162683402,5.800172614,58.0,8.871229706,5.643851472,9.683579226,0.791051936,7.9844,5.039,5.0,7.884802233,76,8.006666667,2.99,7.22,13.9,1.6044,20.989,5.610355556,5.778985421,6.164037566,5.971511494,10.0,4.021243897,0.0,10.0,7.5,5.380310974,6.740544506,105.0,8.0,1.22257995,10.0,6.40752665,6.95,4.531713089,6.366666953,8.0,5.683031065,10.0,4.268707434,6.542874077,3.263888757,6.444444444,7.1325,6.149276161,5.74752734,5.477763222,4.999638041,8.75,6.409133754,6.276765456,94,6.81,75.0
2022,BLR,Belarus,Eastern Europe,5.32,140.0,4.0,,,,3.47,4.14,9.31,2.38,5.0,10.0,0,2.5,10.0,0,10.0,0,0.67,4.97,6.16,7.74,2.07,8.8,8.56,6.48,3.33,4.9,4.2,3.33,3.77,3.78,3.77,0.07,0.0,2.22,0.0,0.74,3.64,9.36,6.76,6.59,0.3,1.92,10.0,0,0.0,56,5.0,0.19,1.48,0.09,3.18,1.63,1.31,0.0,1.11,0.0,1.48,10.0,10.0,10.0,10.0,,,10.0,10.0,10.0,4.85,144.0,4.697058824,24.03,5.847411444,15.74,10.0,12.22333294,10.0,13,5.0,36,7.5,3.3425,6.277394054,107.0,3.341160552,3.2165,0.0,5.0,3.266083333,3.485152563,9.905503813,7.5,0.882352941,4.464300033,4.201694148,120.0,8.141361043,9.293194783,9.183637489,2.040906278,3.916,15.21,10.0,7.810249633,80,8.873333333,1.69,8.68,6.6,6.9112,7.722,8.154844444,2.5,9.700830159,6.10041508,10.0,2.730832564,0.769230769,2.8,0.0,1.575015833,6.457568839,117.0,2.0,9.426368009,9.0,6.808789336,7.5,6.377588077,,10.0,7.755176154,1.0,3.877122503,6.084981122,,0.0,2.205,5.985768502,2.730256167,5.555651812,8.339497212,1.25,5.048383008,5.168102408,143,5.98,112.0
2022,BEL,Belgium,Western Europe,8.47,24.0,1.0,,,,8.42,7.74,9.69,1.08,10.0,10.0,0,10.0,10.0,0,10.0,0,9.5,9.81,9.9,9.79,8.57,9.91,9.88,9.45,10.0,9.73,9.46,6.67,8.06,9.86,8.96,7.68,10.0,,10.0,10.0,9.86,9.47,9.72,9.68,9.78,9.28,10.0,0,10.0,0,10.0,9.37,7.6,9.86,9.88,9.69,9.28,10.0,,6.67,8.99,10.0,10.0,10.0,10.0,,,10.0,10.0,10.0,9.21,19.0,2.367647059,31.95,1.822888283,30.51,10.0,11.44,2.0,50-55,0.0,66-69,1.0,8.005,4.639107068,160.0,7.726848313,7.308192644,8.928054571,10.0,8.251916667,6.855012584,4.899304649,7.551051776,1.0,7.69004765,7.69004765,20.0,7.724310711,11.37844644,9.233879002,1.915302495,6.16,9.6,10.0,8.279547428,56,9.674270297,0.488594555,8.98,5.1,6.838,7.905,8.497423432,7.821803093,9.981656882,8.901729988,10.0,10.0,3.846153846,9.16,8.927206993,7.98334021,8.845623407,16.0,8.0,8.633528261,9.0,8.54450942,6.95,7.5,5.847580433,6.0,10,10.0,6.806086302,7.586238105,3.50340565,7.555555556,9.2625,6.7377658,6.764806751,8.071060918,7.459800675,7.5,7.676953864,7.643127035,20,7.42,42.0
2022,BLZ,Belize,Latin America & the Caribbean,7.48,60.0,2.0,,,,,4.88,1.89,27.88,10.0,10.0,0,,10.0,0,10.0,0,,,10.0,5.95,,,,,10.0,10.0,,10.0,10.0,,10.0,,10.0,,10.0,10.0,,,,,,10.0,10.0,0,10.0,0,10.0,,,,,,,10.0,,6.67,8.89,10.0,10.0,10.0,10.0,,,10.0,10.0,10.0,8.53,42.0,5.6,20.96,8.431259972,6.257275902,1.888571429,43.39,9.0,25,,,9.0,,6.22995785,108.0,4.492780536,4.0120675,4.866360833,,,1.66453278,7.288231811,2.871469167,0.882352941,4.199240438,3.952226295,123.0,8.967307239,5.163463803,8.23751202,4.40621995,7.488,6.28,0.0,6.173204815,129,7.473333333,3.79,7.62,11.9,4.1452,14.637,6.412844444,4.44812,6.089961659,5.26904083,10.0,3.314737752,0.0,10.0,5.0,4.578684438,6.565142428,114.0,10.0,9.386211909,10.0,9.79540397,6.383333333,5.773212426,,8.0,6.546424852,10.0,4.422124167,6.854182463,3.71700128,4.666666667,,7.926114505,5.43659415,5.150725824,8.599075567,5.0,6.249933797,7.084028595,47,6.0,109.0
2022,BEN,Benin,Sub-Saharan Africa,6.93,80.0,2.0,,,,6.88,4.06,9.68,1.1,10.0,10.0,0,5.0,9.87,1,9.93,1,6.69,9.15,8.66,9.17,9.41,9.88,9.84,9.71,6.67,8.19,9.34,10.0,9.67,9.37,9.52,7.38,5.0,5.56,6.67,5.74,6.42,8.54,6.42,7.13,7.4,6.91,10.0,0,6.24,2,8.12,7.58,5.63,6.62,9.87,6.72,7.28,5.0,6.67,3.33,6.08,10.0,10.0,10.0,7.5,,,5.0,9.08,7.9,7.4,77.0,7.602941176,14.15,9.771474636,1.338688086,9.037142857,18.37,5.0,40,2.0,54,3.5,8.17,7.616311734,30.0,5.321807557,3.784345676,3.868765342,,6.1765,1.024604434,6.614473294,4.923691352,0.882352941,4.530598236,4.264092458,119.0,8.812689228,5.93655386,9.052498641,2.368753398,9.46,1.35,0.0,6.831296967,109,5.84,6.24,7.6,12.0,7.072,7.32,6.837333333,3.815759023,5.160078759,4.487918891,10.0,1.45938346,0.769230769,5.71,3.858638803,2.949313258,6.068641371,130.0,10.0,6.627104873,10.0,8.875701624,6.383333333,6.28405375,7.603227297,8.0,7.5681075,1.0,5.663318634,6.071720073,4.537825982,4.222222222,7.535,4.736740927,5.257947283,4.293806645,9.475695452,3.75,5.839834032,6.511300753,88,6.26,97.0
2022,BTN,Bhutan,South Asia,6.7,90.0,3.0,,,,6.13,6.13,9.28,2.46,10.0,10.0,0,7.5,10.0,0,10.0,0,6.76,7.98,8.89,9.09,6.21,7.7,8.62,7.51,3.33,5.42,4.73,6.67,5.7,8.46,7.08,5.71,5.0,5.56,6.67,5.74,6.96,8.11,7.76,7.61,7.26,6.58,10.0,0,10.0,0,10.0,5.42,5.72,6.97,6.52,3.83,5.69,5.0,6.67,6.67,6.8,10.0,10.0,10.0,2.5,,,10.0,10.0,8.13,7.03,91.0,3.777289658,27.15721516,9.463215259,2.47,6.04,28.86,7.0,33,8.0,26,7.5,5.2525,6.406600983,96.0,6.388452588,5.937087044,5.770924641,,7.4005,6.182677417,6.901202527,8.98471872,1.0,6.79508042,6.79508042,34.0,8.294340618,8.528296908,0.0,2.477658004,7.744,5.64,0.0,4.009585155,157,9.2,1.2,8.04,9.8,6.5112,8.722,7.917066667,5.183095535,9.501185608,7.342140572,10.0,3.772069548,0.0,0.22,4.471090237,2.115789946,6.843749296,102.0,5.0,8.903769175,9.0,7.634589725,7.5,7.5,,10.0,10,10.0,5.0,8.333333333,2.542555873,4.444444444,7.4975,7.208557512,5.423264457,6.769233774,8.471277164,6.25,7.163503646,7.13867279,43,6.24,98.0
2022,BOL,Bolivia,Latin America & the Caribbean,6.88,85.0,3.0,,,,6.31,2.86,8.85,3.97,10.0,10.0,0,7.5,10.0,0,10.0,0,7.04,9.18,9.1,8.98,8.36,9.86,9.71,9.31,6.67,7.99,9.69,6.67,8.18,8.67,8.42,5.18,7.5,7.78,6.67,7.31,9.32,9.8,9.05,9.39,6.67,7.14,10.0,0,10.0,0,10.0,9.14,5.91,4.44,9.21,7.11,7.16,5.0,7.78,6.67,7.32,10.0,10.0,10.0,10.0,,,7.5,10.0,9.38,7.44,74.0,5.229411765,22.22,8.836512262,4.77,0.0,65.7,10.0,13,10.0,13,10.0,5.67,5.947184805,124.0,3.314745687,2.557454184,2.989049871,4.166666667,4.253916667,3.495788146,6.75412581,3.859564463,1.0,3.923913937,3.923913937,126.0,9.546926581,2.265367096,8.780019021,3.049952448,9.3,1.75,10.0,9.4067364,4,9.237933285,1.143100072,7.66,11.7,6.0688,9.828,7.655577762,4.976583521,3.045000262,4.010791891,10.0,3.482752442,4.615384615,5.93,2.5,4.132034264,6.449600979,118.0,8.0,4.781571427,10.0,7.593857142,1.8,1.25,5.010523002,8.0,,3.0,4.726522763,3.964507628,1.851402522,2.888888889,6.1325,0.0,2.718197853,3.960882605,7.083851609,3.75,4.931578071,4.802035173,149,6.11,106.0
2022,BIH,Bosnia and Herzegovina,Eastern Europe,7.15,72.0,2.0,,,,6.31,5.1,9.69,1.08,10.0,10.0,0,5.0,10.0,0,10.0,0,7.33,8.77,8.73,9.21,9.72,8.67,8.21,8.87,6.67,7.77,8.64,6.67,7.65,9.6,8.63,9.19,7.5,6.67,6.67,6.94,9.44,9.85,8.08,9.12,9.11,8.59,10.0,0,10.0,0,10.0,6.35,4.36,5.75,9.87,4.65,6.2,5.0,5.56,3.33,6.02,10.0,10.0,10.0,10.0,,,7.5,10.0,9.38,7.81,66.0,5.391176471,21.67,5.95640327,15.34,9.657142857,16.2,10.0,10,3.0,47,6.5,6.4925,6.799444519,73.0,4.174600942,3.130955584,4.359313821,,5.481,3.146528405,7.662099378,6.001024445,0.882352941,4.850788939,4.565448413,101.0,8.847236603,5.763816985,8.232959063,4.417602343,4.396,14.01,0.0,5.369048916,144,10.0,0.0,8.76,6.2,5.9328,10.168,8.230933333,4.343914986,9.586392009,6.965153498,10.0,3.314737752,3.076923077,9.59,6.079258521,5.515229838,7.677829167,66.0,10.0,10.0,7.0,9.0,5.283333333,6.252875641,7.07549731,10.0,7.505751282,10.0,4.371619423,7.212725284,1.835982402,4.444444444,5.0175,3.946483411,3.811102564,6.190331396,7.946743035,6.25,6.795691477,6.704879831,70,6.22,102.0
2022,BWA,Botswana,Sub-Saharan Africa,7.46,62.0,2.0,,,,6.62,5.62,6.93,10.55,10.0,10.0,0,10.0,10.0,0,10.0,0,7.54,8.33,9.41,8.17,9.14,9.21,9.23,9.19,10.0,9.6,8.81,6.67,7.74,9.32,8.53,7.69,10.0,7.78,10.0,9.26,9.75,9.91,8.12,9.26,9.3,8.88,10.0,0,10.0,0,10.0,7.85,5.92,8.7,9.85,6.61,7.78,5.0,6.67,6.67,7.22,10.0,10.0,10.0,5.0,,,7.5,10.0,8.13,8.02,61.0,0.073529412,39.75,8.27520436,6.83,7.817142857,22.64,9.0,25,9.0,25,9.0,6.8675,6.406675326,95.0,6.784616035,5.548117687,5.761509339,8.333333333,6.771416667,3.47470941,7.813293278,5.086726001,0.882352941,6.196715219,5.832202559,54.0,9.271191855,3.644040723,7.689786467,5.775533833,5.332,11.67,10.0,8.073244581,67,4.885361552,7.671957672,8.48,7.6,5.7136,10.716,6.359653851,3.060782743,9.395861564,6.228322153,10.0,6.938561252,5.384615385,10.0,3.196503917,6.379920138,7.241974036,82.0,8.0,9.969158315,7.0,8.323052772,5.0,1.891782367,5.764978727,10.0,3.783564734,10.0,1.944283247,5.483515582,4.152344068,5.555555556,7.49,4.327440412,5.381335009,2.739225947,9.255260633,0.0,3.998162194,5.796516389,127,6.67,80.0
2022,BRA,Brazil,Latin America & the Caribbean,7.18,70.0,2.0,,,,5.44,4.08,3.82,21.26,10.0,10.0,0,7.5,9.98,3,10.0,0,3.98,4.4,7.98,5.9,8.67,9.37,9.34,9.12,10.0,9.56,7.6,6.67,7.13,9.68,8.4,7.29,7.5,7.78,10.0,8.43,9.77,9.97,9.72,9.82,7.84,8.34,9.44,4,9.77,2,9.6,5.41,4.72,5.1,9.31,5.83,6.07,7.5,5.56,6.67,7.08,10.0,10.0,10.0,10.0,,,10.0,10.0,10.0,7.62,70.0,5.226470588,22.23,5.414168937,17.33,10.0,11.08,8.0,28,2.0,52,5.0,7.485,6.625127905,81.0,5.212753429,4.783326459,6.194345355,5.833333333,5.129083333,3.054417483,8.235676985,3.177330693,1.0,5.202533384,5.202533384,74.0,7.728847609,11.35576196,8.666092914,3.334767714,6.288,9.28,10.0,8.170735131,60,8.993333333,1.51,7.78,11.1,6.004,9.99,7.592444444,4.519023895,7.865689956,6.192356926,10.0,4.564737752,2.307692308,10.0,6.349412799,5.805460715,7.397565521,75.0,5.0,7.591917532,7.0,6.530639177,3.616666667,6.063312738,5.478095213,6.0,7.126625477,1.0,4.696132938,4.854404719,1.136681437,6.0,5.7025,1.25,3.522295359,7.355941621,5.397821235,7.5,6.751254285,5.414648385,137,6.56,85.0
2022,BRN,Brunei Darussalam,South Asia,5.88,120.0,3.0,,,,,6.56,9.86,0.49,10.0,10.0,0,,10.0,0,10.0,0,,,10.0,9.93,,,,,6.67,6.67,,3.33,3.33,,3.33,,2.5,,0.0,1.25,,,,,,1.25,10.0,0,10.0,0,10.0,,,,,,,2.5,,0.0,4.17,0.0,10.0,5.0,0.0,,,0.0,10.0,3.75,5.09,134.0,0.0,46.39,,,10.0,3.08,10.0,0,10.0,7,10.0,,6.666666667,79.0,5.625269125,4.870990495,5.267455578,8.333333333,7.5,4.585551763,4.802773258,8.235974312,0.705882353,6.152668483,5.247864294,72.0,9.507710523,2.461447383,4.344079347,14.13980163,8.528,3.68,10.0,8.094947468,64,,,9.96,0.2,9.332,1.67,9.646,6.298835278,2.337278107,4.318056692,10.0,8.932626298,6.153846154,4.53,6.315299869,6.48294308,7.611749943,68.0,,8.048398349,5.0,6.524199174,8.75,7.5,7.823137442,10.0,10,10.0,4.247898062,8.3315765,3.887775738,8.222222222,,9.70575518,7.271917714,6.828088541,9.562695522,5.0,7.130261354,7.314488686,33,6.99,61.0
2022,BGR,Bulgaria,Eastern Europe,7.77,47.0,2.0,,,,7.21,5.5,9.67,1.12,10.0,10.0,0,10.0,10.0,0,10.0,0,8.8,9.37,9.74,9.71,9.79,9.81,9.72,9.78,10.0,9.89,8.96,6.67,7.81,8.35,8.08,7.84,10.0,7.78,6.67,8.15,9.67,9.4,9.45,9.51,9.01,8.62,10.0,0,10.0,0,10.0,9.06,5.06,8.01,9.88,5.73,7.55,5.0,5.56,3.33,6.29,10.0,10.0,10.0,7.5,,,10.0,10.0,9.38,8.21,55.0,4.711764706,23.98,5.852861035,15.72,9.148571429,17.98,10.0,10,7.0,35,8.5,7.055,7.053639434,60.0,5.768542216,4.735952385,5.3897745,8.333333333,5.88575,3.791965914,8.720523023,4.880761902,1.0,5.938325409,5.938325409,51.0,8.414756528,7.926217362,7.938703445,5.153241386,3.868,15.33,10.0,7.555364993,86,9.674270297,0.488594555,8.98,5.1,6.838,7.905,8.497423432,6.461341778,9.849468419,8.155405099,10.0,7.831071913,4.615384615,9.16,6.400752068,7.001802149,8.41365767,41.0,10.0,8.660026548,5.0,7.886675516,5.283333333,7.125862692,7.180484137,6.0,9.251725385,10.0,5.112391313,7.136256694,4.516146978,5.777777778,6.2625,3.778343514,5.083692067,6.063278825,9.331401933,6.25,7.214893586,6.830379466,60,7.16,52.0
2022,BFA,Burkina Faso,Sub-Saharan Africa,6.31,109.0,3.0,,,,6.11,4.44,9.62,1.3,5.0,0.0,1006,0.0,0.0,681,3.85,151,5.21,9.28,3.33,6.48,7.68,8.99,7.93,8.2,3.33,5.77,8.3,10.0,9.15,9.33,9.24,8.0,5.0,5.56,3.33,4.63,9.89,9.83,8.61,9.44,8.05,7.53,7.31,2,10.0,0,8.66,8.65,5.37,7.79,7.1,7.42,7.26,5.0,5.56,3.33,5.96,10.0,10.0,10.0,7.5,,,7.5,2.42,6.86,6.61,100.0,4.794117647,23.7,8.629427793,5.53,6.982857143,25.56,9.0,25,4.0,42,6.5,8.45,7.071280517,59.0,4.84297775,3.16058989,4.535484299,3.333333333,6.352666667,2.319597577,4.822087364,3.506412523,0.823529412,4.109143675,3.746572175,130.0,8.764214322,6.178928391,8.573771272,3.565571821,4.284,14.29,0.0,5.405496398,142,7.486666667,3.77,7.6,12.0,7.072,7.32,7.386222222,6.4653337,3.600912214,5.033122957,10.0,3.314737752,0.769230769,7.33,5.0,4.10349213,6.630709327,110.0,10.0,5.384400483,10.0,8.461466828,5.833333333,6.471122404,6.868846417,6.0,7.942244808,10.0,5.787272056,6.986117002,3.77265493,4.222222222,6.855,4.736740927,4.89665452,6.028384853,8.932261508,3.75,6.236882121,6.645280118,77,5.9,121.0
2022,BDI,Burundi,Sub-Saharan Africa,4.88,152.0,4.0,,,,4.05,4.05,8.23,6.1,0.0,8.86,26,5.0,6.26,28,8.78,17,0.93,1.92,4.54,6.38,4.11,7.58,8.42,6.7,3.33,5.02,8.57,6.67,7.62,5.84,6.73,0.38,0.0,1.11,0.0,0.37,6.1,7.6,5.84,6.51,2.22,2.37,10.0,0,0.0,9,5.0,2.63,2.84,2.24,8.34,1.48,3.5,0.0,2.22,0.0,2.15,0.0,0.0,0.0,7.5,,,,10.0,5.83,4.65,149.0,3.088235294,29.5,9.970027248,0.61,8.64,19.76,8.0,30,5.0,38,6.5,4.195,6.478652508,88.0,3.811032927,2.536627698,3.705191939,,2.574,1.403259395,8.546312702,3.93617034,0.823529412,3.787513572,3.453321198,138.0,5.317186481,23.4140676,6.570203903,8.574490242,2.48,18.8,10.0,6.091847596,130,5.069444444,7.395833333,7.28,13.6,4.7232,13.192,5.690881481,4.77355063,1.142394644,2.957972637,3.50343474,1.25,1.538461538,10.0,3.193581403,3.995510735,4.036949898,158.0,5.0,8.694389157,7.0,6.898129719,8.75,6.377588077,7.445652485,8.0,7.755176154,10.0,5.125447909,7.636266375,4.911347628,3.111111111,3.185,4.94971813,4.039294217,4.302678103,9.756138414,2.5,5.519605506,6.023323954,115,5.22,149.0
2022,CPV,Cabo Verde,Sub-Saharan Africa,8.29,27.0,1.0,,,,6.97,6.97,8.12,6.47,10.0,10.0,0,,10.0,0,10.0,0,8.69,9.1,9.63,8.88,9.86,9.83,9.63,9.77,10.0,9.89,9.65,10.0,9.82,9.89,9.86,8.3,10.0,,10.0,10.0,9.49,9.8,9.62,9.64,9.85,9.45,10.0,0,10.0,0,10.0,8.71,6.98,7.26,9.9,6.61,7.89,10.0,,10.0,9.47,10.0,10.0,10.0,2.5,,,10.0,10.0,8.13,8.95,29.0,5.479411765,21.37,8.61852861,5.57,10.0,10.41,8.0,28,4.0,44,6.0,7.545,7.528588075,35.0,6.209738165,5.878252708,5.295641972,,7.4165,5.529290816,8.917749766,5.275652011,1.0,6.360403634,6.360403634,44.0,9.707143449,1.464282755,8.685434006,3.286414986,6.828,7.93,10.0,8.805144364,21,6.771589992,4.842615012,7.62,11.9,5.1448,12.138,6.512129997,5.055860281,6.655636226,5.855748253,10.0,7.5,9.230769231,10.0,5.478976766,8.052436499,7.605078687,69.0,10.0,4.622529115,10.0,8.207509705,4.45,5.033160609,6.65194114,8.0,5.066321217,1.0,5.506600937,5.101146272,4.534355402,6.888888889,6.5225,6.491160618,6.109226227,6.14382329,9.270488893,5.0,6.804770728,6.555663233,82,7.37,47.0
2022,KHM,Cambodia,South Asia,6.14,113.0,3.0,,,,3.81,2.46,9.46,1.84,5.0,10.0,0,5.0,10.0,0,10.0,0,3.35,3.16,6.64,8.05,5.36,7.9,7.22,6.83,6.67,6.75,8.34,6.67,7.5,6.68,7.09,2.29,2.5,1.11,3.33,2.31,5.88,7.02,4.98,5.96,2.74,3.32,10.0,0,0.0,7,5.0,2.81,2.39,1.39,4.7,4.0,3.06,2.5,1.11,3.33,3.0,10.0,10.0,10.0,7.5,,,7.5,10.0,8.75,5.63,122.0,8.620588235,10.69,9.25613079,3.23,8.785714286,19.25,10.0,20,10.0,20,10.0,7.2025,8.772986662,6.0,3.18683874,2.366872019,4.663488851,,1.704,2.162270841,7.547083618,4.82066518,1.0,3.778745607,3.778745607,128.0,7.739960501,11.30019749,9.210899246,1.972751886,7.864,5.34,10.0,8.703714937,32,9.016641452,1.475037821,7.96,10.2,6.6952,8.262,7.890613817,5.327982903,3.995590112,4.661786507,10.0,6.25,5.384615385,10.0,5.388105313,6.755680174,7.327020125,79.0,,8.060706421,9.0,8.53035321,5.833333333,4.399870456,5.722296238,10.0,6.299740913,5.0,4.514214365,5.967065044,4.268086752,4.888888889,1.59,5.720590817,4.116891614,3.384818572,4.994570615,3.75,4.043129729,5.664359899,130,6.85,70.0
2022,CMR,Cameroon,Sub-Saharan Africa,5.26,144.0,4.0,,,,5.14,2.83,8.68,4.54,0.0,0.0,582,2.5,0.0,209,4.05,180,3.34,6.18,2.29,5.49,6.34,9.17,8.78,8.1,3.33,5.72,9.5,6.67,8.08,7.9,7.99,5.1,0.0,3.33,3.33,2.22,7.65,9.7,5.42,7.59,3.84,4.69,8.85,1,0.0,35,4.43,5.73,3.2,4.48,5.82,6.06,5.06,0.0,1.11,0.0,2.12,0.0,0.0,0.0,7.5,,,7.5,9.86,6.22,5.01,139.0,7.970588235,12.9,9.340599455,2.92,7.708571429,23.02,5.0,39,4.0,43,4.5,6.835,7.270951824,49.0,3.895665935,3.677653291,4.525487673,4.166666667,3.742416667,2.334262821,3.965817812,3.782857259,0.470588235,3.761353516,2.765701114,151.0,9.019928914,4.900355432,9.271666246,1.820834385,7.5,6.25,0.0,6.44789879,120,7.106666667,4.34,6.38,18.1,6.1628,9.593,6.549822222,5.162076553,0.0,2.581038276,10.0,3.314737752,1.538461538,0.75,5.347290635,2.737622481,5.467120745,148.0,5.0,8.208716887,10.0,7.736238962,6.116666667,6.003450769,6.627141635,8.0,7.006901538,10.0,5.305736463,7.008556725,4.232288598,3.555555556,1.68,4.002690142,3.367633574,6.067112328,8.832592875,3.75,6.216568401,6.082249415,110,5.61,135.0
2022,CAN,Canada,North America,8.74,11.0,1.0,,,,7.56,7.22,9.34,2.27,10.0,10.0,0,10.0,9.87,3,9.95,2,8.93,9.82,9.8,9.57,9.82,8.79,9.06,9.22,10.0,9.61,9.26,10.0,9.63,9.41,9.52,8.64,10.0,,10.0,10.0,8.93,9.91,9.68,9.51,9.03,9.29,10.0,0,10.0,0,10.0,8.98,8.59,9.63,9.88,8.07,9.03,10.0,,10.0,9.76,10.0,10.0,10.0,10.0,,,10.0,10.0,10.0,9.28,16.0,3.561764706,27.89,6.871934605,11.98,9.568571429,16.51,5.0,45-54,5.0,45-54,5.0,7.1925,6.438954148,93.0,7.853833337,8.000099168,8.859719833,10.0,8.430833333,6.381674691,8.675300348,8.176697795,1.0,8.297269813,8.297269813,13.0,8.292114188,8.539429059,8.644400318,3.388999205,7.28,6.8,10.0,8.554128627,40,9.773333333,0.34,9.24,3.8,2.6888,18.278,7.234044444,7.96801885,9.889941295,8.928980072,10.0,10.0,7.692307692,5.6,8.508969545,7.950319309,8.528335957,33.0,10.0,9.673573882,10.0,9.891191294,6.95,7.886606213,7.23874569,8.0,8.273212426,10.0,6.430313588,7.825553988,4.831348658,6.666666667,8.5075,6.765789116,6.69282611,8.81242152,6.854548794,8.75,8.138990105,8.137140374,9,7.99,8.0
2022,CAF,Central African Republic,Sub-Saharan Africa,5.18,145.0,4.0,,,,4.1,4.1,4.16,20.1,5.0,0.0,928,0.0,0.0,103,0.0,78,4.5,3.0,1.79,2.97,4.88,6.81,6.91,6.2,3.33,4.77,8.87,6.67,7.77,9.4,8.58,5.26,0.0,5.56,3.33,2.96,6.44,9.77,7.19,7.8,3.73,4.94,0.0,4,5.52,1,2.76,8.79,4.55,4.79,9.07,7.49,6.94,2.5,4.44,3.33,3.99,10.0,10.0,10.0,7.5,,,7.5,7.84,8.21,5.37,126.0,9.444117647,7.89,9.58009584,2.041048268,2.648571429,40.73,5.0,40,2.0,52,3.5,8.075,6.649556983,80.0,4.144961466,1.910166667,1.5241,,3.307,0.254085734,4.966733578,0.0,0.764705882,2.301006778,2.030300098,162.0,7.32892179,13.35539105,8.965007956,2.58748011,7.768,5.58,0.0,6.015482437,132,6.566666667,5.15,6.38,18.1,6.1628,9.593,6.369822222,2.5,2.277958437,2.388979219,10.0,1.214122641,1.538461538,1.72,2.5,1.743146045,5.125486871,151.0,5.0,8.333206303,10.0,7.777735434,1.25,6.003450769,,6.0,7.006901538,0.0,2.5,3.793392051,,0.444444444,2.2575,3.542947658,2.081630701,5.084440609,7.30524329,3.75,5.379894633,4.758163205,150,4.92,153.0
2022,TCD,Chad,Sub-Saharan Africa,4.81,154.0,4.0,,,,3.4,3.4,7.37,9.04,5.0,0.0,486,2.5,0.0,244,3.87,117,1.56,0.54,1.92,4.65,3.28,7.16,7.0,5.82,6.67,6.24,7.54,6.67,7.1,7.91,7.51,3.43,2.5,1.11,3.33,2.31,5.83,6.74,3.82,5.47,1.41,3.15,4.79,3,8.47,1,6.63,1.1,4.2,0.69,5.54,3.86,3.08,2.5,1.11,3.33,3.33,0.0,0.0,0.0,5.0,,,5.0,6.59,4.15,4.63,151.0,10.0,5.35,9.918256131,0.8,2.522857143,41.17,8.0,30,8.0,30,8.0,7.28,7.544222655,34.0,2.573871931,2.155775652,3.214386819,,2.0325,2.361605384,6.789361091,3.341573247,0.529411765,3.209867732,2.454604736,156.0,8.38551493,8.07242535,6.565597592,8.586006019,7.684,5.79,0.0,5.658778131,141,,,6.38,18.1,6.1628,9.593,6.2714,4.458912413,0.774586216,2.616749314,10.0,2.064737752,1.538461538,1.62,2.981670002,2.051217323,5.234841659,150.0,2.0,7.031464274,10.0,6.343821425,3.75,3.971122404,6.09613498,6.0,7.942244808,3.0,2.639778853,4.771325863,3.638854027,0.666666667,0.3375,1.575710863,1.554682889,3.445422273,7.19900743,3.75,4.798143234,4.366993353,158,5.05,151.0
2022,CHL,Chile,Latin America & the Caribbean,8.24,31.0,1.0,,,,7.47,6.55,8.04,6.74,10.0,10.0,0,5.0,9.74,3,9.58,9,9.04,8.99,8.91,8.47,9.03,9.61,8.98,9.21,10.0,9.6,9.65,10.0,9.83,9.32,9.57,6.66,10.0,8.89,10.0,9.63,8.83,9.93,9.9,9.55,8.51,8.59,8.48,1,10.0,0,9.24,9.58,6.65,7.48,9.57,7.58,8.17,10.0,10.0,10.0,9.48,10.0,10.0,10.0,7.5,,,10.0,10.0,9.38,8.81,31.0,6.352941176,18.4,5.316076294,17.69,10.0,8.95,6.0,36,6.0,36,6.0,8.3175,7.197303494,52.0,7.555923437,6.923104227,8.045055494,7.5,7.418583333,6.082580754,9.09978937,7.100278112,0.823529412,7.465664341,6.806929252,33.0,8.371627957,8.141860217,8.73113573,3.172160675,5.344,11.64,10.0,8.111690922,62,9.793333333,0.31,8.8,6.0,9.856,0.36,9.483111111,8.503797452,6.829598857,7.666698154,10.0,8.504201472,2.307692308,9.27,8.252924309,7.083704522,8.558378447,31.0,8.0,5.439563453,7.0,6.813187818,5.989839478,3.197188175,8.303098678,10.0,2.517253846,0.0,7.161077961,5.309779734,4.02021726,6.888888889,7.47,5.841019683,6.055031458,8.530459175,7.736598064,8.206506145,8.157854462,6.583963368,81,7.45,39.0
2022,CHN,China,East Asia,4.93,150.0,4.0,,,,3.75,4.05,9.85,0.5,0.0,10.0,0,7.5,10.0,0,10.0,0,1.71,5.88,6.44,8.15,2.6,5.26,5.32,4.39,0.0,2.2,0.99,0.0,0.49,1.59,1.04,0.22,2.5,1.11,0.0,1.2,2.71,0.96,1.48,1.72,1.79,1.23,10.0,0,5.89,236,7.95,0.46,1.44,0.53,2.32,0.37,1.02,0.0,0.0,0.0,1.79,10.0,10.0,10.0,10.0,,,10.0,10.0,10.0,4.07,157.0,2.885294118,30.19,8.294277929,6.76,3.868571429,36.46,5.0,45,5.0,45,5.0,3.665,4.742628695,157.0,4.202631407,3.760005389,5.480142434,4.166666667,3.9725,4.830117247,8.317835171,5.94800955,0.882352941,5.084738483,4.785636219,92.0,9.362584274,3.18707863,9.41601815,1.459954624,9.212,1.97,5.0,8.247650606,57,9.58,0.63,8.5,7.5,7.48,6.3,8.52,5.404319366,8.641069644,7.022694505,10.0,3.314737752,0.0,1.94,5.902026752,2.789191126,7.082971408,92.0,2.0,9.400227322,10.0,7.133409107,8.2,3.758626923,6.046105227,10.0,2.517253846,0.0,4.839470834,5.05163669,5.630296867,3.555555556,3.7025,5.91675403,4.701276613,5.212335965,9.10612916,4.895893047,6.404786057,5.822777117,124,6.14,104.0
2022,COL,Colombia,Latin America & the Caribbean,6.95,79.0,2.0,,,,6.07,4.66,2.62,25.38,5.0,8.55,136,2.5,4.43,171,8.03,113,6.96,5.15,5.8,4.21,9.8,9.13,8.73,9.22,6.67,7.94,9.34,6.67,8.0,9.82,8.91,7.3,5.0,5.56,10.0,6.85,9.79,9.82,9.19,9.6,9.0,8.19,6.5,6,10.0,0,8.25,8.32,4.73,8.34,8.85,7.28,7.5,5.0,6.67,6.67,6.82,10.0,10.0,10.0,10.0,,,10.0,10.0,10.0,7.25,81.0,6.982352941,16.26,6.907356948,11.85,6.57934568,26.97229012,7.0,39,7.0,39,7.0,7.6175,7.017311114,62.0,5.523506172,4.868627693,5.065803925,4.166666667,5.028666667,3.739044881,9.059088963,3.413954774,0.941176471,5.108169968,4.957929675,84.0,8.690009073,6.549954634,8.0074717,4.981320749,5.928,10.18,5.0,6.906370193,108,9.34,0.99,8.84,5.8,6.2184,9.454,8.1328,4.882665674,3.893515997,4.388090836,10.0,5.836186856,1.538461538,10.0,6.522497535,5.974286482,7.123794329,88.0,10.0,6.44583808,10.0,8.81527936,6.95,4.909818639,6.673298677,10.0,4.819637278,1.0,6.337851683,5.812943754,2.798668942,5.333333333,6.315,4.818008544,4.816252705,7.382930429,8.754072859,5.706506145,7.281169811,6.681411407,72,6.54,86.0
2022,COM,Comoros,Sub-Saharan Africa,5.43,132.0,4.0,,,,4.73,4.73,7.76,7.7,10.0,10.0,0,,10.0,0,10.0,0,3.98,3.59,7.93,7.84,7.03,8.66,8.28,7.99,6.67,7.33,5.99,3.33,4.66,5.2,4.93,4.7,2.5,,3.33,2.92,6.39,8.99,7.89,7.75,4.92,5.07,10.0,0,0.0,1,5.0,7.49,5.83,5.22,9.18,5.46,6.64,2.5,,3.33,4.37,0.0,0.0,0.0,2.5,,,0.0,10.0,3.13,5.34,128.0,9.179411765,8.79,,,3.045714286,39.34,8.0,30,7.0,34,7.5,5.705,6.357531513,100.0,4.846666667,2.617666667,3.094,,3.42,2.075,6.93,2.5,0.705882353,3.64047619,3.105112045,147.0,8.417847712,7.910761438,9.157724213,2.105689468,5.928,10.18,0.0,5.875892981,136,,,6.98,15.1,6.678,8.305,6.829,2.5,6.368595552,4.434297776,10.0,1.74111416,4.166666667,10.0,2.5,4.601945207,6.466310746,116.0,,7.189007189,10.0,8.594503595,3.333333333,4.158191058,,6.0,8.316382115,10.0,0.0,5.301317751,,2.666666667,3.15,5.689533677,3.835400114,4.715500819,9.171699174,5.0,6.295733331,6.006738698,117,5.56,139.0
2022,COD,"Congo, Dem. Rep.",Sub-Saharan Africa,5.29,141.0,4.0,,,,4.38,3.08,6.06,13.55,5.0,4.16,1020,0.0,0.0,1356,7.86,228,4.2,6.99,4.03,5.05,6.74,7.55,7.6,7.3,6.67,6.98,7.46,3.33,5.4,6.37,5.88,5.89,2.5,3.33,3.33,3.06,8.08,9.6,7.08,8.25,3.69,5.22,9.69,1,8.39,6,9.04,5.32,4.97,3.63,5.99,6.68,5.32,2.5,3.33,3.33,4.7,10.0,10.0,10.0,2.5,,,7.5,10.0,7.5,5.49,123.0,8.552941176,10.92,9.817438692,1.17,2.037142857,42.87,5.0,40,2.0,51,3.5,6.005,5.982504545,122.0,3.575848162,1.666982077,3.001740306,4.166666667,3.01725,0.485029278,5.961845479,1.574629744,0.764705882,2.931248964,2.586396145,154.0,6.655311361,16.72344319,5.870297314,10.32425671,6.292,9.27,5.0,5.954402169,134,9.106666667,1.34,7.82,10.9,7.384,6.54,8.103555556,3.796420892,0.0,1.898210446,10.0,3.314737752,0.769230769,1.62,4.105672041,2.452410141,5.613544036,146.0,0.0,9.12695374,8.0,5.70898458,3.333333333,7.5,6.325450738,8.0,10,3.0,3.599078457,5.965408933,3.199167252,0.0,2.7575,3.060786521,2.254363443,6.147395098,8.904726643,2.5,5.850707247,4.944866051,147,5.02,152.0
2022,COG,"Congo, Rep.",Sub-Saharan Africa,5.4,136.0,4.0,,,,3.98,3.65,7.29,9.32,10.0,10.0,0,5.0,10.0,0,10.0,0,2.65,1.03,6.95,7.12,3.85,7.31,6.82,6.0,6.67,6.33,8.87,6.67,7.77,6.3,7.03,1.59,0.0,2.22,3.33,1.85,6.95,9.86,6.79,7.86,1.4,3.17,10.0,0,10.0,0,10.0,3.23,4.05,0.44,4.05,4.62,3.28,2.5,2.22,3.33,4.27,10.0,10.0,10.0,7.5,,,7.5,10.0,8.75,5.76,121.0,4.741176471,23.88,8.073569482,7.57,10.0,6.36,5.0,40,2.0,55,3.5,3.765,6.015949191,121.0,4.313296373,1.746166667,4.344,5.0,2.884166667,2.755869102,4.508968348,2.5,0.588235294,3.506558395,2.784619902,150.0,9.725489068,1.372554662,3.054132669,17.36466833,8.784,3.04,0.0,5.390905434,143,8.52,2.22,7.62,11.9,7.0012,7.497,7.713733333,5.0,0.0,2.5,10.0,2.753299004,1.538461538,1.62,5.0,2.727940136,5.735418367,143.0,0.0,10.0,4.0,4.666666667,1.8,5.015346885,,4.0,7.530693769,10.0,2.5,5.141006776,3.254627387,2.666666667,4.2475,2.875992733,3.261196697,4.438565839,8.22767697,2.5,5.05541427,4.531071102,155,4.89,154.0
2022,CRI,Costa Rica,Latin America & the Caribbean,8.23,32.0,1.0,,,,8.11,6.7,6.27,12.82,10.0,10.0,0,10.0,10.0,0,10.0,0,9.41,9.51,9.85,8.06,9.75,9.44,9.81,9.66,10.0,9.83,9.58,10.0,9.79,8.77,9.28,9.43,10.0,10.0,10.0,10.0,9.91,9.94,9.78,9.87,9.59,9.72,10.0,0,10.0,0,10.0,9.25,7.16,7.0,9.92,7.5,8.17,10.0,10.0,10.0,9.63,10.0,10.0,10.0,5.0,,,5.0,10.0,7.5,8.68,37.0,6.123529412,19.18,8.528610354,5.9,9.311428571,17.41,9.0,25,4.0,44,6.5,7.4575,7.584213667,32.0,7.350337694,6.380105928,7.055453062,10.0,6.575833333,4.261750784,8.674490181,4.704823265,0.941176471,6.875349281,6.673133125,40.0,9.432577239,2.837113806,9.098298645,2.254253387,6.692,8.27,10.0,8.805718971,20,8.94,1.59,8.9,5.5,6.392,9.02,8.077333333,6.232633392,7.468645893,6.850639642,10.0,10.0,6.153846154,8.94,7.19991227,8.073439606,8.250353145,49.0,5.0,7.006084474,10.0,7.335361491,4.866666667,5.329181336,5.909450848,8.0,5.658362671,10.0,6.231138905,6.570685775,2.779620887,4.666666667,9.0675,6.653695852,5.791870851,6.040694224,8.665056033,6.707331795,7.137694017,6.708903034,69,7.6,26.0
2022,CIV,Cote d'Ivoire,Sub-Saharan Africa,6.6,97.0,3.0,,,,5.8,3.85,6.62,11.63,5.0,10.0,0,5.0,9.02,16,9.87,4,6.42,6.82,7.45,7.03,7.89,8.6,8.88,8.45,6.67,7.56,8.78,10.0,9.39,8.9,9.15,7.65,5.0,6.67,3.33,5.0,9.12,8.98,9.32,9.14,8.37,7.54,10.0,0,10.0,0,10.0,7.05,5.42,4.83,9.58,5.95,6.57,5.0,5.56,3.33,6.09,10.0,10.0,10.0,10.0,,,7.5,6.33,8.46,7.1,88.0,7.653533659,13.97798556,9.664850136,1.73,4.471428571,34.35,3.0,47,1.0,58,2.0,7.06,6.169962473,114.0,4.739523118,4.155446555,4.957816433,5.0,5.003583333,4.487133769,6.929079953,4.515521129,0.882352941,4.973513036,4.680953446,97.0,8.649398738,6.753006309,9.500470158,1.248824605,7.888,5.28,0.0,6.509467224,118,5.3,7.05,7.76,11.2,7.2672,6.832,6.775733333,5.105837186,1.831360947,3.468599066,10.0,3.314737752,0.769230769,2.59,5.0,2.91849213,5.790706132,139.0,10.0,7.045862568,5.0,7.348620856,5.283333333,6.28405375,7.359160582,8.0,7.5681075,3.0,5.393961271,6.126945205,4.037424723,4.666666667,5.6775,6.451927975,5.208379841,6.545924774,8.25014441,5.0,6.598689728,6.320658908,93,5.89,122.0
2022,HRV,Croatia,Eastern Europe,8.0,39.0,1.0,,,,7.08,5.88,9.78,0.77,5.0,10.0,0,10.0,9.57,1,9.77,1,8.75,9.7,8.97,9.37,8.54,9.41,9.81,9.25,10.0,9.63,9.07,10.0,9.53,9.78,9.65,7.44,10.0,10.0,10.0,10.0,9.72,9.46,8.58,9.25,8.19,8.72,10.0,0,10.0,0,10.0,6.82,5.87,6.94,9.51,6.42,7.11,7.5,5.56,6.67,7.37,10.0,10.0,10.0,10.0,,,10.0,10.0,10.0,8.66,38.0,3.961764706,26.53,5.367847411,17.5,8.8,19.2,7.0,36-42,2.0,56-60,4.5,6.8925,5.904422423,126.0,5.695825308,4.906346958,4.793420832,8.333333333,7.54675,4.011391252,8.390191451,5.67893511,1.0,6.16952428,6.16952428,47.0,8.538173434,7.309132832,8.501709362,3.745726594,5.688,10.78,10.0,8.181970699,59,9.674270297,0.488594555,8.98,5.1,6.838,7.905,8.497423432,7.575277392,9.977988259,8.776632826,10.0,6.710707617,3.846153846,9.16,6.442761024,6.539905622,8.45349047,38.0,8.0,10.0,7.0,8.333333333,4.721894585,6.252875641,6.721449693,6.0,7.505751282,10.0,3.59747097,6.39992031,1.576452852,6.666666667,6.19,6.345439374,5.194639723,5.511690801,8.521512414,5.688561252,6.573921489,6.625453714,79,7.07,56.0
2022,CYP,Cyprus,Eastern Europe,8.25,30.0,1.0,,,,7.4,7.0,9.81,0.64,10.0,10.0,0,7.5,10.0,0,10.0,0,9.07,9.88,9.49,9.65,9.32,9.7,8.44,9.15,10.0,9.58,8.77,6.67,7.72,9.64,8.68,8.11,10.0,,10.0,10.0,9.81,9.85,9.58,9.75,8.89,9.19,10.0,0,10.0,0,10.0,8.41,5.9,6.74,9.89,6.27,7.44,10.0,,6.67,8.53,10.0,10.0,10.0,5.0,,,10.0,10.0,8.75,8.77,33.0,4.820588235,23.61,5.523160763,16.93,10.0,13.05080606,7.0,35,5.0,39,6.0,7.8875,6.8462498,72.0,6.760460949,6.522689945,7.058952649,8.333333333,7.838416667,4.501757731,7.298830335,6.95006609,0.941176471,6.908063462,6.704885125,38.0,5.765891832,21.17054084,8.920828379,2.697929052,6.64,8.4,10.0,7.831680053,79,9.674270297,0.488594555,8.98,5.1,6.838,7.905,8.497423432,8.397065798,9.315091867,8.856078832,10.0,8.75,6.923076923,9.16,8.159841498,8.248229605,8.900432967,13.0,10.0,10.0,10.0,10.0,5.283333333,7.5,6.28688097,10.0,10,1.0,4.823598663,6.413401852,4.452228943,8.0,7.495,9.330242744,7.319367922,6.18726895,4.998371185,6.25,5.811880045,7.386162455,29,7.53,31.0
2022,CZE,Czech Republic,Eastern Europe,8.66,15.0,1.0,,,,8.49,8.16,9.76,0.83,10.0,10.0,0,10.0,10.0,0,10.0,0,9.65,9.85,9.93,9.84,9.85,9.88,9.87,9.87,10.0,9.93,9.28,10.0,9.64,9.46,9.55,8.36,10.0,10.0,10.0,10.0,9.8,8.97,9.6,9.45,9.63,9.36,10.0,0,10.0,0,10.0,9.58,7.54,8.4,9.79,7.96,8.65,10.0,8.89,10.0,9.51,10.0,10.0,10.0,7.5,,,10.0,10.0,9.38,9.39,11.0,2.861764706,30.27,4.572207084,20.42,9.337142857,17.32,9.0,23,5.0,45,7.0,8.5375,6.461722929,90.0,6.890802863,5.990927922,8.117019336,10.0,7.956166667,4.517069384,8.16542602,7.538421854,1.0,7.396979256,7.396979256,23.0,8.961503434,5.192482829,9.065064096,2.337339759,3.96,15.1,10.0,7.996641883,71,9.674270297,0.488594555,8.98,5.1,6.838,7.905,8.497423432,8.272566398,9.981656882,9.12711164,10.0,10.0,3.076923077,9.16,8.972897728,7.802455201,8.856747568,15.0,10.0,8.851828064,9.0,9.283942688,6.95,6.377588077,7.823914687,10.0,7.755176154,10.0,5.123935996,7.718659273,2.911667028,6.222222222,9.0675,5.401125013,5.900628566,7.301010014,6.906386877,7.5,7.235798964,7.534757373,26,7.65,22.0
2022,DNK,Denmark,Western Europe,9.04,3.0,1.0,,,,8.88,9.33,9.71,0.99,10.0,10.0,0,10.0,10.0,0,10.0,0,8.81,9.87,9.81,9.76,9.79,9.79,9.8,9.79,10.0,9.9,9.72,10.0,9.86,9.52,9.69,9.51,10.0,,10.0,10.0,9.84,9.94,9.65,9.81,9.73,9.76,10.0,0,10.0,0,10.0,9.33,9.57,9.78,9.91,9.73,9.66,10.0,,10.0,9.92,10.0,10.0,10.0,10.0,,,10.0,10.0,10.0,9.77,1.0,1.914705882,33.49,4.866485014,19.34,10.0,14.26,3.0,52,2.0,56,2.5,7.435,5.343238179,143.0,8.565601445,8.791803416,9.167404969,10.0,9.7975,7.714577216,9.727176308,9.044686158,1.0,9.101093689,9.101093689,1.0,9.407229138,2.963854311,8.805974584,2.98506354,6.92,7.7,10.0,8.78330093,26,9.674270297,0.488594555,8.98,5.1,6.838,7.905,8.497423432,7.102437417,9.981656882,8.54204715,10.0,10.0,6.923076923,9.16,8.725539843,8.702154192,8.935406193,11.0,10.0,10.0,4.0,8.0,8.75,10.0,5.593868097,8.0,10,3.0,6.000735363,7.334943351,4.787930648,6.888888889,9.5975,8.010184453,7.321125998,8.713100141,9.874835877,8.75,9.112645339,7.942178672,11,8.02,6.0
2022,DJI,Djibouti,Sub-Saharan Africa,5.49,130.0,4.0,,,,4.87,4.87,8.11,6.48,5.0,10.0,0,5.0,10.0,0,10.0,0,3.98,4.52,6.93,7.52,4.16,8.37,7.39,6.64,6.67,6.65,6.38,3.33,4.86,5.1,4.98,4.92,0.0,2.22,3.33,1.85,5.76,7.77,5.94,6.49,5.68,4.73,10.0,0,10.0,0,10.0,5.32,3.04,2.33,2.79,2.63,3.22,0.0,0.0,0.0,2.64,10.0,10.0,10.0,2.5,,,0.0,0.99,3.37,4.97,140.0,4.286287894,25.42662116,,,8.54,20.11,8.0,30,4.0,43,6.0,4.68,5.876571973,129.0,5.688,2.387,3.4139,,4.27,1.58,7.71,5.914663591,0.647058824,4.423366227,3.642772187,132.0,,,9.400629192,1.498427021,7.928,5.18,10.0,9.109543064,7,,,5.82,20.9,6.656,8.36,6.238,2.5,4.624872591,3.562436296,10.0,6.461533267,3.846153846,0.11,2.5,3.229421778,5.757464518,141.0,,,9.0,9.0,3.05,7.5,,6.0,10,10.0,5.0,6.925,,1.555555556,5.09,7.074045594,4.573200383,6.033685316,8.529475511,5.0,6.521053609,6.754813498,66,6.23,99.0
2022,DOM,Dominican Republic,Latin America & the Caribbean,7.85,43.0,2.0,,,,6.54,4.4,6.4,12.37,10.0,10.0,0,7.5,10.0,0,10.0,0,7.93,9.03,9.21,7.81,9.78,9.39,9.11,9.43,10.0,9.71,9.09,10.0,9.55,9.81,9.68,8.11,7.5,8.89,10.0,8.8,9.64,9.93,8.59,9.39,9.76,9.01,10.0,0,10.0,0,10.0,8.04,7.74,8.9,9.27,8.87,8.56,5.0,7.78,6.67,7.6,10.0,10.0,10.0,7.5,,,10.0,10.0,9.38,8.23,51.0,7.420588235,14.77,9.294277929,3.09,10.0,9.63,9.0,25,7.0,33,8.0,8.7025,8.683473233,10.0,5.267688601,4.518355922,5.687817394,5.0,5.5385,3.016504403,8.258706956,4.011429151,1.0,5.162375303,5.162375303,77.0,8.527279506,7.363602469,8.695118615,3.262203463,6.476,8.81,10.0,8.42459953,50,8.853333333,1.72,8.48,7.6,5.9568,10.108,7.763377778,6.48976326,8.876039545,7.682901402,10.0,7.852520943,3.846153846,10.0,7.017571132,7.17906148,8.156335165,51.0,5.0,8.753311149,10.0,7.917770383,5.283333333,2.639444164,6.073963642,8.0,2.778888327,10.0,6.461734772,5.891052034,3.27042977,5.333333333,5.635,4.473321755,4.678021215,6.081872048,7.554970805,5.0,6.212280951,6.174781146,101,7.32,49.0
2022,ECU,Ecuador,Latin America & the Caribbean,6.99,78.0,2.0,,,,6.96,4.23,2.15,26.99,5.0,10.0,0,7.5,10.0,0,10.0,0,9.37,9.16,8.72,5.44,9.78,9.42,9.56,9.59,10.0,9.79,9.64,10.0,9.82,9.82,9.82,7.02,7.5,8.89,6.67,7.69,8.82,9.61,9.1,9.18,6.45,7.58,8.35,1,10.0,0,9.17,7.45,6.05,8.57,7.95,7.83,7.57,7.5,6.67,6.67,7.52,10.0,10.0,10.0,7.5,,,7.5,10.0,8.75,7.59,72.0,6.135294118,19.14,7.070844687,11.25,7.508571429,23.72,6.0,37,4.0,49,5.0,7.07,6.556942047,85.0,4.343003335,3.456363301,4.731372595,2.5,4.695833333,3.70679285,8.818326227,4.259531946,1.0,4.563902948,4.563902948,102.0,8.461812226,7.690938872,9.060905542,2.347736144,8.612,3.47,0.0,6.533679442,117,7.686666667,3.47,7.76,11.2,4.7584,13.104,6.735022222,4.901900946,5.242622205,5.072261576,10.0,7.254201472,1.538461538,10.0,3.402450352,5.548778341,6.839015535,103.0,8.0,10.0,10.0,9.333333333,4.716666667,1.573283654,6.21859471,6.0,0.646567308,10.0,6.339701017,5.070687622,2.470555305,4.222222222,5.9175,2.528503613,3.784695285,6.481643853,8.763302813,4.647529352,6.630825339,6.204885395,98,6.14,104.0
2022,EGY,"Egypt, Arab Rep.",Middle East & North Africa,4.17,160.0,4.0,,,,3.92,3.0,9.27,2.51,5.0,9.44,112,5.0,7.81,143,9.5,61,1.35,1.79,5.7,7.48,3.46,8.76,6.27,6.16,3.33,4.75,5.43,3.33,4.38,1.09,2.73,1.57,0.0,2.22,3.33,1.85,4.08,6.33,2.22,4.21,2.6,2.56,10.0,0,0.0,132,5.0,0.99,2.63,1.58,5.03,1.7,2.39,0.0,1.11,3.33,2.37,0.0,0.0,0.0,0.0,,,0.0,1.28,0.32,3.32,162.0,9.385294118,8.09,7.070287241,11.25204583,0.0,71.3,9.0,25,5.0,40,7.0,3.535,5.398116272,141.0,5.374581836,3.859407929,5.952069362,1.666666667,4.6025,3.052685063,8.20207559,5.693645478,0.411764706,4.80045399,3.388555758,141.0,7.269098852,13.65450574,7.342354224,6.644114439,4.44,13.9,10.0,7.262863269,98,8.28,2.58,6.2,19.0,0.0,138.89,4.826666667,5.376940171,2.022506349,3.69972326,10.0,4.586186856,4.615384615,10.0,4.651360512,5.963232996,6.122405731,128.0,2.0,1.587004,10.0,4.529001333,7.5,2.823283654,7.839917342,8.0,0.646567308,0.0,5.346152385,4.593702955,4.030267795,4.222222222,1.9375,4.61647216,3.701615544,4.881934509,8.095328097,4.207331795,5.728198134,4.638129492,154,5.36,143.0
2022,SLV,El Salvador,Latin America & the Caribbean,7.1,73.0,2.0,,,,5.06,3.78,7.72,7.83,0.0,10.0,0,7.5,10.0,0,10.0,0,3.11,6.46,6.72,7.22,9.51,9.16,9.09,9.25,6.67,7.96,9.69,10.0,9.85,8.11,8.98,6.06,7.5,7.78,3.33,6.2,9.47,9.92,9.82,9.73,5.33,6.83,10.0,0,10.0,0,10.0,5.32,2.11,1.26,9.4,6.11,4.84,5.0,6.67,3.33,5.97,10.0,10.0,10.0,10.0,,,7.5,10.0,9.38,7.16,86.0,6.691176471,17.25,9.286103542,3.12,10.0,9.3,8.0,30,8.0,30,8.0,8.2175,8.438956003,13.0,3.322092483,2.889435044,4.693181713,4.166666667,3.356833333,3.575751468,8.165020936,1.287431121,1.0,3.932051596,3.932051596,125.0,9.021985427,4.890072864,8.703511686,3.241220786,7.12,7.2,10.0,8.711374278,30,9.186666667,1.22,8.82,5.9,6.8848,7.788,8.297155556,6.361162663,8.541661981,7.451412322,10.0,7.254201472,3.076923077,8.51,5.849111449,6.172559,7.980281719,60.0,8.0,8.255937107,10.0,8.751979036,4.716666667,3.799740913,7.317694823,6.0,2.599481826,3.0,6.412448486,4.835147531,2.458935578,4.222222222,3.5025,6.558416577,4.185518594,6.459421736,5.851242366,6.41301229,6.241225464,6.003467656,118,7.01,59.0
2022,EST,Estonia,Eastern Europe,8.78,10.0,1.0,,,,8.33,8.16,9.43,1.96,10.0,10.0,0,10.0,10.0,0,10.0,0,9.5,9.75,9.89,9.66,9.8,9.86,9.84,9.83,10.0,9.92,9.6,10.0,9.8,9.84,9.82,9.5,10.0,10.0,10.0,10.0,9.33,9.88,9.68,9.63,9.83,9.74,10.0,0,10.0,0,10.0,9.43,8.78,9.71,9.88,9.27,9.41,10.0,8.89,10.0,9.66,10.0,10.0,10.0,10.0,,,10.0,10.0,10.0,9.56,6.0,3.547058824,27.94,5.828337875,15.81,8.945714286,18.69,10.0,20,4.0,42,7.0,7.6625,6.596722197,83.0,7.917659016,6.896124371,8.691395918,8.333333333,7.817583333,6.742195982,9.504907725,7.905531724,1.0,7.976091425,7.976091425,16.0,7.938672207,10.30663896,7.46233549,6.344161276,2.24,19.4,10.0,6.910251924,107,9.674270297,0.488594555,8.98,5.1,6.838,7.905,8.497423432,7.978432998,9.937870211,8.958151605,10.0,10.0,5.384615385,9.16,8.907683889,8.363074818,8.954662464,8.0,10.0,9.645919888,6.0,8.548639963,7.083333333,7.583194488,8.671966393,4.0,9.251725385,3.0,4.398418268,6.284091124,5.201454163,8.222222222,9.62,9.719766838,8.190860806,8.083622336,9.239308455,8.75,8.69097693,7.928642206,13,7.67,20.0
2022,SWZ,Eswatini,Sub-Saharan Africa,5.11,149.0,4.0,,,,3.76,3.76,6.32,12.66,5.0,10.0,0,5.0,10.0,0,10.0,0,0.87,1.67,6.08,6.2,7.02,8.92,6.31,7.42,6.67,7.04,7.49,6.67,7.08,7.68,7.38,0.63,0.0,2.22,3.33,1.85,0.33,0.73,,0.53,1.51,1.13,10.0,0,10.0,0,10.0,1.73,2.81,0.76,2.54,1.57,1.88,2.5,1.11,3.33,3.77,0.0,10.0,5.0,2.5,,,2.5,10.0,5.0,4.9,142.0,5.229411765,22.22,9.782016349,1.3,0.0,59.52,7.0,33,7.0,33,7.0,4.2175,5.245785623,146.0,4.668241884,4.427125007,2.99522837,,3.4205,0.795646872,7.20352398,4.514949322,0.529411765,4.003602205,3.061578157,148.0,9.184618619,4.076906907,8.595443494,3.511391265,8.08,4.8,5.0,7.715015528,82,3.333333333,10.0,8.48,7.6,5.6832,10.792,5.832177778,2.90423433,3.283865881,3.094050106,10.0,0.814737752,1.538461538,9.27,3.065653443,3.672213183,5.649610267,144.0,8.0,7.862367171,9.0,8.287455724,4.45,3.445891183,5.869029363,10.0,6.891782367,10.0,1.901621024,6.079760563,4.044997692,3.777777778,1.855,4.316231085,3.498501639,2.621970624,8.67850048,0.0,3.766823702,5.408135407,138,5.42,142.0
2022,ETH,Ethiopia,Sub-Saharan Africa,5.16,146.0,4.0,,,,5.02,3.26,7.8,7.56,5.0,0.0,8917,2.5,0.0,1330,8.92,144,3.85,5.03,3.61,5.71,4.87,7.4,6.38,6.21,3.33,4.77,7.95,6.67,7.31,6.84,7.07,7.17,2.5,4.44,6.67,4.54,7.06,8.68,5.92,7.22,6.26,6.29,9.51,2,5.45,22,7.48,4.73,3.68,3.36,5.48,4.06,4.26,2.5,2.22,3.33,3.96,0.0,0.0,0.0,7.5,,,7.5,3.48,4.62,5.1,133.0,9.208823529,8.69,8.91280654,4.49,6.2,28.3,7.0,35,3.0,48,5.0,5.0875,6.881826014,69.0,3.831871384,3.479219386,3.782161493,3.333333333,6.24775,5.273379296,7.044972227,4.471326073,0.882352941,4.683001649,4.407530964,110.0,7.301092258,13.49453871,6.37396539,9.065086524,0.0,33.89,5.0,4.668764412,156,5.583333333,6.625,6.6,17.0,5.24,11.9,5.807777778,3.425438603,9.811124898,6.61828175,0.0,2.504935308,0.0,10.0,4.69009012,4.298756357,4.181203971,156.0,2.0,9.155897744,10.0,7.051965915,5.833333333,6.019896365,3.740740617,10.0,7.03979273,10.0,4.551971356,6.7408192,3.741134803,3.777777778,3.9,5.81860103,4.309378403,5.644746548,9.021433332,3.75,6.138726627,6.060222536,113,5.24,148.0
2022,FJI,Fiji,Oceania,7.19,69.0,2.0,,,,5.96,5.96,9.37,2.17,10.0,10.0,0,,10.0,0,10.0,0,5.67,8.95,9.1,9.24,8.39,8.89,8.99,8.76,10.0,9.38,8.42,10.0,9.21,7.8,8.5,6.81,5.0,,6.67,5.83,7.19,8.62,8.1,7.97,8.39,7.25,10.0,0,10.0,0,10.0,4.85,4.68,4.52,7.13,2.76,4.79,5.0,,6.67,6.61,10.0,10.0,10.0,10.0,,,7.5,10.0,9.38,8.04,60.0,4.9,23.34,8.084468665,7.53,0.0,56.09,7.0,44,7.0,44,7.0,7.3425,5.465393733,140.0,4.969697236,5.0185,2.1639,,5.743,4.942122513,7.709818901,2.5,0.941176471,4.721005521,4.582152418,100.0,9.699445047,1.502774766,8.952567652,2.618580869,8.192,4.52,0.0,6.711003175,111,7.406666667,3.89,8.52,7.4,0.0,27.972,5.308888889,2.5,6.526585505,4.513292753,10.0,4.564737752,0.0,10.0,5.0,4.891184438,6.17834152,127.0,10.0,0.0,10.0,6.666666667,6.95,9.136606213,,10.0,8.273212426,10.0,7.5,8.643303107,4.577246706,6.666666667,6.0775,4.865648181,5.546765388,6.516755993,8.618828314,6.25,7.128528102,6.996315816,49,5.99,110.0
2022,FIN,Finland,Western Europe,8.84,6.0,1.0,,,,8.49,8.53,9.65,1.21,10.0,10.0,0,10.0,10.0,0,10.0,0,9.77,9.83,9.94,9.8,9.11,9.9,9.9,9.64,10.0,9.82,9.82,10.0,9.91,9.73,9.82,6.76,10.0,,10.0,10.0,9.03,9.91,9.72,9.55,9.61,8.98,10.0,0,10.0,0,10.0,9.45,9.08,9.49,9.01,8.65,9.14,10.0,,10.0,9.78,10.0,10.0,10.0,10.0,,,10.0,10.0,10.0,9.53,9.0,2.397058824,31.85,3.765667575,23.38,9.417142857,17.04,3.0,48-54,2.0,54-59,2.5,7.2425,5.064473851,149.0,8.595880494,8.383959324,9.668377638,10.0,9.452,7.525045513,7.522851945,9.769260883,1.0,8.864671975,8.864671975,5.0,7.58818874,12.0590563,9.35491561,1.612710974,7.152,7.12,10.0,8.523776088,43,9.674270297,0.488594555,8.98,5.1,6.838,7.905,8.497423432,7.719834646,9.131070996,8.425452821,10.0,10.0,3.076923077,9.16,8.832285801,7.76730222,8.672544618,27.0,10.0,9.67954155,10.0,9.893180517,5.7,8.75,2.796831132,8.0,10,3.0,6.17068092,6.345358865,6.491260528,6.444444444,9.065,8.245580309,7.56157132,9.889272205,9.85834076,7.5,9.082537655,8.220662089,7,7.87,13.0
2022,FRA,France,Western Europe,8.21,34.0,1.0,,,,7.59,6.78,9.67,1.14,10.0,10.0,0,10.0,9.73,11,9.79,16,8.35,9.63,9.64,9.66,9.75,9.33,9.24,9.44,10.0,9.72,9.18,6.67,7.92,8.11,8.01,7.51,7.5,,6.67,7.08,9.81,9.87,9.67,9.78,9.56,8.48,10.0,0,10.0,0,10.0,9.64,8.59,9.29,9.16,9.66,9.27,10.0,,6.67,8.98,10.0,10.0,10.0,10.0,,,7.5,10.0,9.38,8.72,36.0,2.641176471,31.02,1.880108992,30.3,10.0,14.8,4.0,51,2.0,61-62,3.0,7.3225,4.968757092,151.0,7.133659902,7.253174658,8.515969118,8.333333333,8.322166667,6.262869084,6.806639993,7.299508651,1.0,7.490915176,7.490915176,22.0,7.595399732,12.02300134,9.63079593,0.923010174,7.912,5.22,10.0,8.784548916,25,9.674270297,0.488594555,8.98,5.1,6.838,7.905,8.497423432,8.004215161,9.981656882,8.992936022,10.0,10.0,5.384615385,9.16,8.591552973,8.284042089,8.943600386,9.0,8.0,7.875278758,10.0,8.625092919,3.616666667,5.754854287,6.632067362,4.0,8.129313462,10.0,6.529539426,6.380348743,4.2752707,6.888888889,8.9675,6.72095181,6.71315285,7.891213695,7.438057154,6.956506145,7.428592331,7.286796711,35,7.49,36.0
2022,GAB,Gabon,Sub-Saharan Africa,6.32,107.0,3.0,,,,7.04,3.5,7.66,8.04,10.0,10.0,0,5.0,10.0,0,10.0,0,8.86,9.33,9.03,8.34,9.45,9.29,9.13,9.29,6.67,7.98,8.23,10.0,9.11,9.57,9.34,6.98,2.5,3.33,3.33,3.06,7.96,9.43,7.21,8.2,7.3,6.38,10.0,0,10.0,0,10.0,7.66,6.0,3.51,9.05,5.64,6.37,2.5,3.33,3.33,5.11,10.0,10.0,10.0,7.5,,,7.5,10.0,8.75,7.06,89.0,3.988235294,26.44,9.446866485,2.53,10.0,12.76,5.0,40,2.0,53,3.5,5.5475,6.496520356,87.0,4.32789331,3.037875,3.333333333,3.333333333,4.8585,1.457944523,4.859075672,2.638888955,0.823529412,3.480855516,3.173721206,144.0,9.535500903,-2.322495487,4.813516532,12.96620867,8.308,4.23,0.0,5.664254359,140,7.38,3.93,6.38,18.1,6.1628,9.593,6.640933333,3.359375,3.566888156,3.463131578,10.0,2.064737752,1.538461538,5.06,0.0,2.165799823,5.567466184,147.0,5.0,10.0,10.0,8.333333333,3.616666667,4.251725385,5.860215028,8.0,8.503450769,10.0,2.258064548,6.070017485,3.444444338,4.888888889,8.1,1.457852836,4.472796516,2.705387077,6.431105153,0.0,3.04549741,5.480411186,135,5.28,146.0
2022,GMB,"Gambia, The",Sub-Saharan Africa,6.71,89.0,3.0,,,,7.17,4.38,7.35,9.13,10.0,10.0,0,7.5,10.0,0,10.0,0,8.16,9.62,9.32,8.34,9.78,9.9,9.49,9.72,6.67,8.2,9.37,10.0,9.68,9.63,9.65,8.0,5.0,5.56,6.67,5.74,8.51,9.73,6.66,8.3,9.38,7.85,10.0,0,10.0,0,10.0,7.9,5.25,7.47,9.16,6.5,7.25,5.0,6.67,6.67,7.12,0.0,0.0,0.0,0.0,,,0.0,2.74,0.69,6.6,101.0,8.738235294,10.29,9.40599455,2.68,1.834285714,43.58,9.0,25,9.0,25,9.0,7.41,7.277703112,48.0,5.950513495,4.705719058,5.032538217,4.166666667,6.274416667,3.130235226,6.056408012,4.954135983,0.882352941,5.033829166,4.737721568,94.0,7.741478159,11.29260921,9.186271557,2.034321108,5.396,11.51,10.0,8.080937429,65,6.86,4.71,7.6,12.0,7.072,7.32,7.177333333,4.421377747,4.803219719,4.612298733,10.0,6.166477556,7.692307692,10.0,5.448732625,7.326879468,7.279127884,81.0,10.0,8.011391947,9.0,9.003797316,5.0,5.255176154,6.855546633,10.0,5.510352308,10.0,6.25948029,6.982936484,5.454157988,4.444444444,6.4925,5.672879786,5.515995555,5.430974173,8.092070466,4.477852668,6.000299102,6.875757114,56,6.85,70.0
2022,GEO,Georgia,Caucasus & Central Asia,7.7,52.0,2.0,,,,6.8,5.51,9.41,2.04,5.0,10.0,0,5.0,10.0,0,10.0,0,8.05,7.96,8.0,8.7,9.55,9.83,9.75,9.71,6.67,8.19,7.27,6.67,6.97,9.82,8.39,9.04,5.0,7.78,3.33,5.37,9.83,9.85,9.34,9.67,9.65,8.43,1.99,1,3.41,1,2.7,7.92,6.49,7.93,9.87,8.99,8.24,5.0,7.78,6.67,6.08,10.0,10.0,10.0,7.5,,,7.5,10.0,8.75,7.72,68.0,7.470588235,14.6,6.91280654,11.78,5.88,29.42,10.0,20,10.0,20,10.0,6.685,7.389678955,40.0,5.54384161,4.961000069,5.405598048,,6.0475,5.898861427,9.981100763,6.032654842,1.0,6.267222394,6.267222394,46.0,7.644496422,11.77751789,9.004312397,2.489219006,5.24,11.9,10.0,7.972202205,73,9.9,0.15,9.72,1.4,8.7792,3.052,9.4664,5.748317639,9.584320693,7.666319166,10.0,8.75,6.923076923,9.7,6.958462,8.082884731,8.803900974,17.0,10.0,8.864179146,10.0,9.621393049,5.833333333,8.375862692,7.082851728,8.0,9.251725385,3.0,5.947629213,6.78448605,6.075636545,7.777777778,6.425,7.539392741,6.954451766,8.111481023,9.891692952,6.25,8.084391325,7.861180548,16,7.66,21.0
2022,DEU,Germany,Western Europe,8.67,14.0,1.0,,,,8.94,8.29,9.76,0.83,10.0,10.0,0,10.0,9.72,14,9.66,31,8.99,9.88,9.75,9.75,9.91,9.89,9.87,9.89,10.0,9.94,9.62,6.67,8.14,9.49,8.82,6.84,10.0,,6.67,8.33,9.87,9.05,9.66,9.52,9.86,8.64,10.0,0,10.0,0,10.0,8.59,7.96,9.49,9.17,7.33,8.51,10.0,,10.0,9.63,10.0,10.0,10.0,10.0,,,10.0,10.0,10.0,9.3,15.0,2.920588235,30.07,2.395095368,28.41,10.0,11.77,5.0,47,5.0,47,5.0,8.56,5.775136721,135.0,7.567406308,8.395173527,8.592341741,10.0,8.610916667,8.026332274,6.847745484,7.165611585,1.0,8.150690948,8.150690948,14.0,7.763732617,11.18133692,9.379824373,1.550439067,7.252,6.87,10.0,8.598889248,38,9.674270297,0.488594555,8.98,5.1,6.838,7.905,8.497423432,8.277777831,9.182550131,8.730163981,10.0,10.0,3.076923077,9.16,8.468873501,7.676449144,8.726009139,22.0,5.0,9.141216744,10.0,8.047072248,6.95,5.629313462,6.00527366,8.0,6.258626923,10.0,6.89155976,7.104967686,5.689629713,6.888888889,9.91,7.528183415,7.504175504,8.644472367,8.862454491,7.5,8.335642286,7.747964431,17,7.8,16.0
2022,GHA,Ghana,Sub-Saharan Africa,7.07,76.0,2.0,,,,6.96,4.95,9.47,1.84,10.0,10.0,0,7.5,9.8,4,9.67,12,8.07,8.89,9.13,9.3,9.32,9.95,9.79,9.69,10.0,9.84,9.8,10.0,9.9,9.23,9.56,6.09,7.5,8.89,10.0,8.8,9.77,9.74,9.1,9.53,8.79,8.3,9.02,1,10.0,0,9.51,8.61,5.72,8.88,9.81,7.68,8.14,7.5,8.89,6.67,8.14,0.0,10.0,5.0,2.5,,,2.5,9.76,4.94,7.86,63.0,9.435294118,7.92,9.291553134,3.1,10.0,8.99,8.0,30,4.0,41,6.0,8.0675,8.55886945,11.0,6.269258794,4.472579555,5.265357514,5.0,6.037583333,3.108132011,7.371186615,5.045093298,0.941176471,5.32114889,5.164644511,76.0,6.297802161,18.5109892,6.583939878,8.540150304,0.0,31.26,0.0,3.22043551,160,8.593333333,2.11,7.6,12.0,7.072,7.32,7.755111111,4.752345533,3.964468541,4.358407037,10.0,2.5,3.846153846,6.25,5.716164708,4.578079639,6.672899447,108.0,8.0,4.20418034,10.0,7.401393447,7.5,2.5,6.307029723,8.0,0,10.0,5.440029701,5.678151346,4.763718447,4.444444444,3.505,6.233346109,4.73662725,6.112825415,8.140288959,6.25,6.834371458,6.162635875,104,5.96,113.0
2022,GRC,Greece,Eastern Europe,7.58,57.0,2.0,,,,7.54,5.65,9.67,1.13,10.0,10.0,0,5.0,10.0,0,9.92,1,7.79,9.57,8.9,9.28,9.93,9.73,9.8,9.82,10.0,9.91,7.44,6.67,7.05,8.78,7.91,9.16,10.0,,6.67,8.33,9.08,8.97,9.85,9.3,8.89,8.92,7.21,1,10.0,0,8.6,7.2,5.71,7.24,9.45,7.39,7.4,7.5,,6.67,7.54,10.0,10.0,10.0,5.0,,,5.0,10.0,7.5,8.1,59.0,5.088235294,22.7,2.994550409,26.21,6.917142857,25.79,4.0,54,1.0,66,2.5,7.4175,4.983485712,150.0,5.439344951,4.892538063,5.457892476,8.333333333,7.048,3.712982649,7.930805886,5.519349236,1.0,6.041780824,6.041780824,50.0,7.503233814,12.48383093,8.61746901,3.456327476,6.14,9.65,10.0,8.065175706,68,9.674270297,0.488594555,8.98,5.1,6.838,7.905,8.497423432,7.33432045,9.437873709,8.386097079,10.0,8.350137018,5.384615385,9.16,5.469756185,7.091127147,8.493661915,36.0,10.0,7.705125141,9.0,8.90170838,5.989839478,4.44537371,5.58082978,6.0,5.510352308,3.0,5.822140435,5.192647959,2.624878088,5.333333333,7.3275,5.608497552,5.223552243,7.692710191,7.980043262,6.25,7.307584484,6.656373267,75,6.85,70.0
2022,GTM,Guatemala,Latin America & the Caribbean,7.21,68.0,2.0,,,,5.22,3.79,4.19,19.99,5.0,10.0,0,5.0,9.8,2,10.0,0,6.08,6.53,7.49,5.84,9.13,9.49,8.23,8.95,10.0,9.47,9.07,10.0,9.53,9.74,9.64,6.15,5.0,3.33,6.67,5.0,8.89,9.84,7.64,8.79,5.47,6.35,8.29,1,8.59,1,8.44,5.68,4.09,3.37,8.54,5.42,5.42,2.5,4.44,3.33,4.83,10.0,10.0,10.0,10.0,,,7.5,10.0,9.38,7.04,90.0,8.376470588,11.52,9.010899183,4.13,10.0,9.25,10.0,7,9.0,21,9.5,8.42,9.061473954,1.0,4.577412657,3.135672098,6.402740081,5.833333333,4.137333333,1.694913407,8.363057846,1.659363111,0.941176471,4.475478233,4.34384652,114.0,8.57517684,7.124115798,9.401033324,1.49741669,7.244,6.89,10.0,8.805052541,22,9.265197061,1.102204409,8.9,5.5,7.514,6.215,8.559732354,7.72770683,6.622498265,7.175102548,10.0,8.75,6.923076923,8.4,6.961039702,7.758529156,8.373341014,44.0,10.0,9.649464627,9.0,9.549821542,5.416666667,4.385064743,6.901325385,4.0,1.270129487,10.0,5.310184956,5.326195891,3.370652597,5.333333333,3.325,6.110043518,4.534757362,7.334014416,7.221991825,7.5,7.35200208,6.690694219,71,7.45,39.0
2022,GIN,Guinea,Sub-Saharan Africa,5.16,146.0,4.0,,,,3.84,3.33,7.43,8.82,10.0,10.0,0,2.5,10.0,0,10.0,0,2.68,2.7,6.84,7.14,5.76,6.16,3.64,5.18,6.67,5.92,8.4,6.67,7.53,5.8,6.67,4.98,2.5,3.33,3.33,3.06,7.83,7.8,6.91,7.51,4.82,5.09,10.0,0,10.0,0,10.0,2.97,4.18,7.81,4.76,6.28,5.2,2.5,3.33,3.33,4.87,0.0,0.0,0.0,0.0,,,2.5,0.55,0.76,4.83,147.0,6.361764706,18.37,,,8.268571429,21.06,10.0,20,5.0,36,7.5,6.88,7.252584034,50.0,4.537098272,2.539149982,2.876291713,0.833333333,4.120666667,2.693275357,7.590619611,4.34252716,0.823529412,3.691620262,3.365889063,142.0,7.997361331,10.01319334,7.703022624,5.742443439,5.804,10.49,5.0,6.626095989,114,9.26,1.11,7.6,12.0,7.072,7.32,7.977333333,4.539215763,1.912222104,3.225718933,10.0,2.5,0.833333333,2.37,4.361890311,2.516305911,5.929839544,135.0,,2.097151327,10.0,6.048575664,4.721894585,6.003217982,6.322464148,6.0,8.129313462,3.0,4.112318754,5.46988699,4.420289993,2.888888889,2.145,4.008134706,3.365578397,4.547715365,8.44338034,1.894645708,4.961913804,4.961488714,146,5.63,132.0
2022,GNB,Guinea-Bissau,Sub-Saharan Africa,6.43,102.0,3.0,,,,5.52,5.52,9.68,1.1,10.0,10.0,0,5.0,10.0,0,10.0,0,7.69,6.68,8.48,9.08,7.05,9.27,9.44,8.59,10.0,9.29,9.17,10.0,9.58,9.48,9.53,6.05,2.5,5.56,3.33,3.8,9.5,8.51,8.56,8.86,6.57,6.32,10.0,0,10.0,0,10.0,6.96,4.15,2.88,9.14,5.98,5.82,2.5,4.44,3.33,5.22,10.0,10.0,10.0,5.0,,,2.5,4.79,5.57,7.22,83.0,7.585414272,14.20959147,9.267029973,3.19,2.971428571,39.6,10.0,12,8.0,30,9.0,6.695,7.103774563,55.0,3.882713795,2.1955,1.8494,4.166666667,4.594083333,1.649342467,7.317795919,1.25,0.411764706,3.363187773,2.374014898,158.0,8.985496998,5.072515008,8.032119409,4.919701477,6.244,9.39,0.0,5.815404102,137,6.646666667,5.03,7.6,12.0,7.072,7.32,7.106222222,5.0,4.327838322,4.663919161,10.0,0.814737752,0.769230769,10.0,2.5,3.52099213,6.322783378,124.0,10.0,7.007126706,4.0,7.002375569,3.605227918,3.758626923,,8.0,2.517253846,3.0,5.0,4.313518115,3.216528297,3.555555556,2.4925,5.028183415,3.573191817,4.069011908,8.544212798,2.5,5.037741569,4.981706767,145,5.32,145.0
2022,GUY,Guyana,Latin America & the Caribbean,6.91,82.0,2.0,,,,6.21,4.41,5.27,16.28,10.0,10.0,0,7.5,10.0,0,10.0,0,7.64,9.06,9.17,7.22,9.26,9.16,9.1,9.17,6.67,7.92,9.0,10.0,9.5,9.7,9.6,8.86,10.0,,10.0,10.0,9.86,9.89,7.74,9.16,8.21,9.06,10.0,0,10.0,0,10.0,7.54,6.64,7.66,9.74,7.57,7.83,7.5,,6.67,8.0,0.0,10.0,5.0,10.0,,,10.0,10.0,8.75,7.85,64.0,5.461117916,21.43219909,,,0.0,53.55,5.0,40,3.0,50,4.0,6.0125,3.868404479,164.0,5.77540379,4.893146663,4.620800204,6.666666667,4.503416667,3.472709027,7.618563384,1.892233459,0.941176471,4.930367482,4.785356674,93.0,9.925318154,-0.373409229,2.72201341,18.19496647,7.552,6.12,5.0,6.299832891,124,,,7.66,11.7,4.8988,12.753,6.2794,5.613486885,1.449704142,3.531595514,10.0,6.78849138,5.384615385,6.03,5.0,5.800776691,6.402943051,120.0,10.0,5.240931167,9.0,8.080310389,8.2,5.643470571,,4.0,7.409818639,10.0,5.602530637,6.809303308,4.179487228,3.777777778,4.735,4.815206212,4.376867805,6.706240112,7.522342531,7.5,7.242860881,6.627335596,78,5.6,136.0
2022,HTI,Haiti,Latin America & the Caribbean,6.15,112.0,3.0,,,,4.3,2.7,4.76,18.02,10.0,10.0,0,0.0,9.71,2,9.53,6,6.89,5.99,7.44,6.1,7.79,8.66,7.61,8.02,6.67,7.34,9.16,6.67,7.91,8.55,8.23,7.04,5.0,6.67,3.33,5.0,9.12,9.18,6.28,8.19,5.72,6.49,0.0,10,10.0,0,5.0,7.15,4.48,4.86,9.29,6.18,6.39,2.5,5.56,3.33,4.56,10.0,10.0,10.0,10.0,,,7.5,10.0,9.38,6.4,108.0,9.852941176,6.5,9.916893733,0.805,10.0,10.49,8.0,30,4.0,43,6.0,7.8825,8.730466982,8.0,3.777453345,1.93213613,2.619200875,0.0,2.186583333,1.940950139,2.764763586,2.360382433,0.764705882,2.19768373,1.939132703,164.0,7.175121962,14.12439019,7.443760919,6.390597703,0.0,33.98,5.0,4.90472072,150,,,9.02,4.9,7.4128,6.468,8.2164,4.357028008,7.267700049,5.812364028,8.885135135,7.331985235,6.153846154,10.0,5.849206348,7.333759434,7.561914649,70.0,8.0,7.478882483,6.0,7.159627494,7.083333333,6.25,6.94064935,10.0,10,10.0,5.112729073,7.912387394,2.319556475,0.666666667,0.9925,5.218741965,2.299366277,1.242670108,9.297920727,7.5,6.013530278,5.846227861,123,5.8,128.0
2022,HND,Honduras,Latin America & the Caribbean,6.9,83.0,3.0,,,,6.04,3.67,0.0,35.09,5.0,10.0,0,5.0,9.67,2,10.0,0,7.24,6.06,7.57,3.78,9.62,9.7,9.04,9.45,6.67,8.06,9.31,10.0,9.66,9.67,9.66,8.91,5.0,3.33,6.67,5.0,9.12,9.82,8.95,9.3,9.48,8.17,0.0,5,7.49,1,3.75,8.61,6.74,6.53,9.8,8.11,7.96,2.5,3.33,6.67,4.84,10.0,10.0,10.0,10.0,,,10.0,10.0,10.0,6.88,94.0,7.641176471,14.02,9.027247956,4.07,10.0,10.89,9.0,27,9.0,27,9.0,8.535,8.840684885,2.0,4.962732699,3.391919381,4.618147465,4.166666667,4.722333333,1.321231705,7.587717679,1.755567193,0.941176471,4.065789515,3.946207471,124.0,8.04605442,9.769727898,8.918732436,2.703168909,6.364,9.09,10.0,8.332196714,54,9.54,0.69,8.86,5.7,6.6484,8.379,8.349466667,6.34510835,4.099432535,5.222270443,10.0,3.314737752,2.307692308,8.08,4.909264099,4.65292354,7.056165162,93.0,10.0,7.691246501,9.0,8.897082167,2.5,2.508626923,5.738769372,8.0,2.517253846,10.0,5.44691205,5.244508884,2.967083057,4.444444444,6.6225,6.362253364,5.099070216,5.840032543,8.745928782,5.0,6.528653775,6.442328761,90,6.92,67.0
2022,HKG,"Hong Kong SAR, China",East Asia,7.73,50.0,2.0,,,,5.79,6.46,9.88,0.4,,10.0,0,,10.0,0,10.0,0,6.29,9.47,9.15,9.52,6.03,9.39,9.36,8.26,,8.26,7.37,,7.37,6.26,6.81,2.3,2.5,,,2.5,5.14,5.81,5.45,5.46,3.73,3.5,10.0,0,10.0,0,10.0,3.1,1.39,2.56,6.2,3.39,3.33,2.5,,,5.28,10.0,10.0,10.0,10.0,,,10.0,10.0,10.0,7.12,87.0,6.567647059,17.67,9.002724796,4.16,3.545714286,37.59,10.0,17,10.0,17,10.0,7.59,7.341217228,45.0,7.231224203,8.212012559,9.356141488,5.833333333,6.098833333,8.06457297,6.949194442,8.21393768,1.0,7.494906251,7.494906251,21.0,9.346388193,3.268059033,9.511504968,1.221237579,9.248,1.88,10.0,9.52647329,3,10.0,0.0,10.0,0.0,10.0,0.0,10.0,9.157931408,9.669881921,9.413906664,10.0,10.0,7.692307692,10.0,9.231481353,9.230947261,9.661213481,1.0,10.0,10.0,10.0,10.0,8.75,9.749615802,8.634662628,10.0,9.499231604,10.0,6.622203967,9.036530571,7.314653397,5.555555556,5.285,9.806639118,6.990462018,9.452993891,9.793808131,8.932626298,9.393142773,8.855033841,1,8.58,1.0
2022,HUN,Hungary,Eastern Europe,7.44,63.0,2.0,,,,7.11,5.05,9.73,0.94,10.0,10.0,0,7.5,10.0,0,10.0,0,9.05,9.83,9.48,9.6,9.81,9.86,9.88,9.85,10.0,9.92,8.7,6.67,7.68,8.71,8.19,5.1,10.0,5.56,6.67,7.41,9.26,9.9,6.5,8.55,5.83,6.72,10.0,0,10.0,0,10.0,4.5,5.21,4.99,9.85,3.92,5.69,5.0,3.33,3.33,5.47,10.0,10.0,10.0,10.0,,,5.0,10.0,8.75,7.67,69.0,3.191176471,29.15,6.201634877,14.44,8.822857143,19.12,10.0,15,5.0,39,7.5,5.4275,6.228633698,109.0,5.158207798,5.151160608,6.22273922,10.0,6.228083333,3.914559614,8.025707157,6.303570611,1.0,6.375503543,6.375503543,43.0,7.949911318,10.25044341,8.345597991,4.136005022,4.156,14.61,10.0,7.612877327,84,9.674270297,0.488594555,8.98,5.1,6.838,7.905,8.497423432,7.072454198,9.970651012,8.521552605,10.0,10.0,3.846153846,9.16,8.133172989,7.784831709,8.700951936,25.0,8.0,7.578104147,9.0,8.192701382,6.116666667,6.377588077,6.239237785,4.0,7.755176154,10.0,6.929543018,6.774030243,3.303251267,6.444444444,5.835,5.947508284,5.382550999,6.152483135,7.778469284,5.0,6.310317473,6.664900024,74,7.12,55.0
2022,ISL,Iceland,Western Europe,8.8,7.0,1.0,,,,8.42,8.42,9.84,0.54,10.0,10.0,0,10.0,10.0,0,10.0,0,9.82,9.86,9.95,9.9,9.63,9.93,9.91,9.83,10.0,9.91,9.66,10.0,9.83,9.82,9.82,8.28,10.0,,10.0,10.0,9.66,9.87,9.58,9.7,9.78,9.44,10.0,0,10.0,0,10.0,8.53,6.11,9.57,9.88,6.96,8.21,7.5,,10.0,8.93,10.0,10.0,10.0,10.0,,,10.0,10.0,10.0,9.49,10.0,1.876470588,33.62,7.577656676,9.39,9.797142857,15.71,4.0,46,3.0,54,3.5,7.4225,6.034754024,120.0,7.925694776,8.717467139,9.102480014,10.0,9.05375,7.137547286,8.750492215,9.509400527,1.0,8.774603994,8.774603994,6.0,8.981796682,5.091016589,8.96644677,2.583883074,6.676,8.31,10.0,8.656060863,35,9.886666667,0.17,9.34,3.3,4.522,13.695,7.916222222,7.735780478,8.77604141,8.255910944,10.0,9.401680529,5.384615385,9.16,5.971246858,7.479385693,8.412879715,42.0,2.0,7.375964104,8.0,5.791988035,7.783333333,8.75,4.702689648,8.0,10,10.0,5.504812003,7.820119283,4.998086293,7.555555556,8.7525,7.965347147,7.317872249,8.021897628,9.548734118,7.5,8.356877249,7.321714204,32,7.84,14.0
2022,IND,India,South Asia,6.26,110.0,3.0,,,,5.5,3.83,9.15,2.94,5.0,9.83,431,5.0,9.75,212,9.76,380,6.97,5.72,7.43,8.29,8.18,8.86,7.7,8.25,6.67,7.46,6.56,3.33,4.95,5.18,5.06,3.53,5.0,4.44,3.33,4.26,8.29,8.73,7.52,8.18,2.75,4.68,9.7,14,9.63,21,9.67,3.9,3.76,3.7,6.78,4.32,4.49,5.0,4.44,3.33,5.39,10.0,10.0,10.0,5.0,,,5.0,10.0,7.5,6.03,114.0,7.470588235,14.6,8.228882834,7.0,7.4,24.1,7.0,43,7.0,43,7.0,8.555,7.730894214,25.0,6.261694772,5.374043778,5.524183515,6.666666667,6.408,3.221723652,6.341219521,5.167708794,0.882352941,5.620655087,5.290028318,71.0,8.748883399,6.255583006,8.981239823,2.546900443,7.32,6.7,5.0,7.512530805,87,9.086666667,1.37,6.38,18.1,2.3256,19.186,5.930755556,5.380457243,7.345039488,6.362748365,10.0,2.504935308,0.0,0.54,6.668424209,2.428339879,6.18046095,126.0,2.0,9.235328287,10.0,7.078442762,6.290665129,4.840068013,6.281007925,4.0,6.299740913,10.0,4.721152584,6.061804938,5.180672805,5.555555556,3.085,5.278494981,4.774930835,5.686358537,9.179981284,5.440197556,6.768845793,6.171006082,102,6.58,84.0
2022,IDN,Indonesia,South Asia,6.82,87.0,3.0,,,,6.05,4.44,9.88,0.4,5.0,9.9,51,7.5,9.91,15,9.94,19,6.5,8.59,8.19,9.04,9.86,9.7,9.1,9.55,6.67,8.11,6.87,3.33,5.1,6.83,5.97,6.42,5.0,4.44,6.67,5.37,8.51,8.17,8.19,8.29,7.65,6.93,9.89,1,10.0,0,9.95,5.49,4.98,6.28,8.36,6.94,6.41,7.5,4.44,6.67,6.99,5.0,5.0,5.0,7.5,,,0.0,10.0,5.63,6.73,97.0,8.052941176,12.62,9.506811989,2.31,10.0,11.13,8.0,35,7.0,40,7.5,7.485,8.508950633,12.0,5.678713345,4.353462468,5.57685256,3.333333333,5.039083333,3.718144164,6.692624094,5.311914285,0.823529412,4.963015948,4.525102776,103.0,8.934185485,5.329072575,8.44249166,3.893770851,8.316,4.21,10.0,8.923169286,17,9.326666667,1.01,8.4,8.0,5.84,10.4,7.855555556,5.972160471,4.383923607,5.178042039,10.0,5.836186856,1.538461538,8.94,4.124674996,5.109830848,7.035857111,94.0,5.0,9.403244477,9.0,7.801081492,4.3,2.957331795,6.336385408,10.0,0,5.0,4.089742899,4.669065729,5.076298713,5.777777778,4.845,5.619706879,5.329695842,4.478957674,7.646934219,4.190197556,5.438696483,5.809634887,125,6.96,64.0
2022,IRN,"Iran, Islamic Rep.",Middle East & North Africa,3.96,163.0,4.0,,,,4.16,3.33,9.28,2.47,0.0,8.99,162,2.5,9.89,6,9.92,8,1.9,2.16,5.05,7.17,3.27,9.02,4.4,5.57,3.33,4.45,2.46,3.33,2.9,4.78,3.84,0.39,0.0,1.11,0.0,0.37,3.54,5.72,1.82,3.69,1.51,1.49,8.94,3,0.0,100,4.47,1.92,1.11,1.81,2.38,5.18,2.48,0.0,1.11,0.0,1.61,0.0,0.0,0.0,0.0,,,0.0,10.0,2.5,3.48,161.0,5.308823529,21.95,7.989100817,7.88,9.371428571,17.2,8.0,30,8.0,30,8.0,4.2625,6.986370584,64.0,4.025582906,2.214584124,2.111748457,6.666666667,4.412,3.078682708,8.165020936,6.316530308,0.411764706,4.623852013,3.263895539,143.0,7.783680651,11.08159675,6.019433928,9.951415181,0.0,43.49,10.0,5.950778645,135,7.52,3.72,5.98,20.1,2.6032,18.492,5.367733333,2.868507696,4.388778228,3.628642962,0.0,0.0,0.833333333,0.97,1.883455614,0.921697237,2.479518383,165.0,0.0,8.584243112,10.0,6.194747704,5.133333333,3.758626923,5.307321548,8.0,2.517253846,1.0,2.772418459,4.069850587,2.395783663,0.0,4.605,5.039392741,3.010044101,3.791811631,8.78778701,1.25,4.609866214,4.471127152,157,4.63,158.0
2022,IRQ,Iraq,Middle East & North Africa,4.71,156.0,4.0,,,,4.38,4.38,5.52,15.4,0.0,1.09,707,2.5,0.0,525,0.0,1092,3.85,3.95,1.63,3.57,7.79,8.7,5.28,7.26,3.33,5.3,4.37,3.33,3.85,7.35,5.6,4.22,0.0,5.56,3.33,2.96,8.08,7.51,7.08,7.56,6.12,5.21,8.49,2,3.66,11,6.07,5.12,3.18,5.1,7.62,4.29,5.06,2.5,2.22,3.33,3.84,0.0,0.0,0.0,0.0,,,0.0,9.26,2.32,4.32,155.0,2.958195715,29.94213457,7.858310627,8.36,0.411428571,48.56,10.0,15,8.0,28,9.0,4.5,4.945586983,152.0,4.869950286,2.523,2.5,2.5,3.3385,2.419151352,6.636546856,0.0,0.470588235,3.098393562,2.27823056,160.0,8.488054293,7.559728536,2.544270857,18.63932286,8.004,4.99,10.0,7.259081287,100,9.666666667,0.5,,,0.0,0.0,4.833333333,7.5,0.463017751,3.981508876,10.0,7.5,2.307692308,4.63,5.0,4.859423077,5.918566321,136.0,,10.0,9.0,9.5,4.866666667,4.523212426,,6.0,6.546424852,10.0,2.5,5.739383991,5.150570075,0.0,2.485,4.501345071,3.034228787,4.061110775,8.195022713,3.188561252,5.14823158,5.855461089,121,5.25,147.0
2022,IRL,Ireland,Western Europe,8.91,5.0,1.0,,,,8.42,7.78,9.75,0.88,10.0,10.0,0,10.0,10.0,0,9.64,2,9.45,9.74,9.83,9.79,9.76,9.84,9.7,9.77,10.0,9.88,9.8,10.0,9.9,9.82,9.86,8.88,10.0,,10.0,10.0,9.48,9.88,9.82,9.73,9.85,9.61,10.0,0,10.0,0,10.0,9.46,8.65,9.65,9.9,9.6,9.45,10.0,,10.0,9.86,10.0,10.0,10.0,10.0,,,10.0,10.0,10.0,9.54,8.0,2.441176471,31.7,7.065395095,11.27,10.0,9.5,6.0,40,3.0,52,4.5,7.645,6.330314313,101.0,7.875074059,7.233603257,8.945611715,10.0,9.219,4.81049358,7.268050977,7.653380235,1.0,7.875651728,7.875651728,17.0,8.881629922,5.591850389,8.747610537,3.130973657,6.876,7.81,10.0,8.626310115,37,9.674270297,0.488594555,8.98,5.1,6.838,7.905,8.497423432,7.833107338,9.085802703,8.459455021,10.0,10.0,7.692307692,9.16,9.002604087,8.963727945,8.980151599,5.0,8.0,10.0,10.0,9.333333333,8.2,6.936873047,7.145475547,10.0,6.373746095,10.0,8.139027754,8.11358892,4.895272652,6.888888889,8.9925,9.009533096,7.446548659,7.869023721,8.237087903,8.75,8.285370542,8.294710364,5,8.02,6.0
2022,ISR,Israel,Middle East & North Africa,7.54,59.0,2.0,,,,7.4,7.4,9.53,1.63,10.0,0.0,350,5.0,8.39,9,7.89,22,8.51,8.83,6.95,8.24,9.07,9.25,8.53,8.95,6.67,7.81,9.55,10.0,9.78,8.61,9.19,6.54,7.5,,6.67,7.08,8.89,8.84,9.5,9.08,8.37,7.77,0.0,4,0.0,8,0.0,8.94,6.87,5.76,9.34,6.86,7.55,7.5,,6.67,5.43,10.0,10.0,10.0,2.5,,,7.5,10.0,7.5,7.62,71.0,3.0,29.8,5.798365123,15.92,8.385714286,20.65,5.0,50,5.0,50,5.0,7.5975,5.956315882,123.0,7.089006479,7.384713539,7.452366749,4.166666667,8.390416667,4.737580105,6.934007304,7.160367966,0.882352941,6.664390684,6.272367703,45.0,8.444322407,7.778387964,9.418034409,1.454913978,8.244,4.39,10.0,9.026589204,13,9.721212121,0.418181818,9.32,3.4,6.532,8.67,8.52440404,7.896706263,7.395273423,7.645989843,10.0,10.0,6.153846154,10.0,8.486557007,8.66010079,8.707623668,24.0,10.0,8.808502497,9.0,9.269500832,7.407331795,5.008626923,6.96915706,8.0,2.517253846,0.0,4.580547213,4.926130977,4.219949643,8.444444444,7.525,8.688508803,7.219475723,8.029864023,7.654122482,6.956506145,7.546830883,7.240484604,37,7.44,41.0
2022,ITA,Italy,Western Europe,8.26,28.0,1.0,,,,7.71,6.86,9.84,0.55,10.0,10.0,0,10.0,10.0,0,9.94,4,8.05,9.51,9.64,9.74,9.55,9.91,9.9,9.78,10.0,9.89,9.65,6.67,8.16,9.85,9.0,7.98,10.0,,10.0,10.0,9.89,9.42,9.73,9.68,9.73,9.35,10.0,0,10.0,0,10.0,7.94,8.23,9.48,9.89,7.15,8.54,7.5,,6.67,8.18,10.0,10.0,10.0,10.0,,,10.0,10.0,10.0,9.0,27.0,4.597058824,24.37,2.583106267,27.72,10.0,12.23,3.0,44-47,0.0,61-63,1.5,7.815,5.299033018,145.0,6.181339658,5.024367361,6.565886736,10.0,7.56975,3.484461516,8.251282756,5.706375838,1.0,6.597932983,6.597932983,41.0,7.422226541,12.8888673,9.60324172,0.991895701,6.72,8.2,10.0,8.436367065,48,9.674270297,0.488594555,8.98,5.1,6.838,7.905,8.497423432,8.011493286,9.981656882,8.996575084,10.0,10.0,6.923076923,9.16,7.522835135,8.401478015,8.973869133,6.0,10.0,6.127501359,9.0,8.375833786,5.283333333,6.25,3.822635015,8.0,10,10.0,6.495002906,7.121567322,1.759866078,5.777777778,7.2425,4.91609015,4.924058502,6.125714131,7.822344269,6.25,6.732686133,6.788536436,62,7.22,51.0
2022,JAM,Jamaica,Latin America & the Caribbean,7.8,46.0,2.0,,,,7.3,5.56,0.0,53.34,10.0,10.0,0,7.5,10.0,0,10.0,0,9.05,7.33,9.13,4.56,8.94,9.22,9.87,9.34,10.0,9.67,9.63,10.0,9.82,9.87,9.84,9.35,10.0,10.0,10.0,10.0,9.19,9.9,9.26,9.45,9.51,9.57,10.0,0,10.0,0,10.0,9.47,6.81,8.86,9.91,7.31,8.47,10.0,10.0,10.0,9.69,0.0,10.0,5.0,7.5,,,10.0,10.0,8.13,8.15,56.0,5.789588563,20.31539889,8.377776974,6.453558504,10.0,11.17,8.0,30,5.0,40,6.5,9.21,7.975473107,22.0,6.798722764,5.482597289,6.618505319,8.333333333,6.1685,2.884693114,8.720523023,2.122875253,0.941176471,5.891218762,5.717947622,60.0,7.722055288,11.38972356,8.580529164,3.548677091,5.86,10.35,10.0,8.040646113,69,7.400101163,3.899848255,8.28,8.6,5.4936,11.266,7.057900388,6.02072523,5.695933436,5.858329333,10.0,4.564737752,1.538461538,10.0,7.266084353,5.842320911,7.189637658,83.0,10.0,8.652353918,9.0,9.217451306,6.95,5.773212426,6.968678633,10.0,6.546424852,10.0,5.45075655,7.384153209,3.716606697,6.666666667,7.8,4.747950253,5.732805904,8.714957912,8.625175588,7.5,8.2800445,7.65361373,19,7.32,49.0
2022,JPN,Japan,East Asia,8.73,12.0,1.0,,,,7.96,7.99,9.93,0.23,10.0,10.0,0,10.0,10.0,0,10.0,0,8.78,9.82,9.8,9.87,8.34,9.83,9.87,9.35,10.0,9.67,9.84,10.0,9.92,9.38,9.65,9.6,10.0,,10.0,10.0,9.82,9.96,8.84,9.54,9.81,9.74,10.0,0,10.0,0,10.0,8.12,7.11,8.15,9.88,6.95,8.04,7.5,,10.0,8.89,10.0,10.0,10.0,7.5,,,10.0,10.0,9.38,9.31,14.0,3.491176471,28.13,3.664850136,23.75,9.582857143,16.46,3.0,56,3.0,56,3.0,9.52,5.85177675,130.0,7.79453927,7.773869163,9.343899488,8.333333333,8.632666667,6.193236286,8.012140355,9.361743133,0.882352941,8.180678462,7.699462082,19.0,9.474955025,2.625224875,9.731975778,0.670060554,9.0,2.5,10.0,9.551732701,1,9.706666667,0.44,9.22,3.9,4.696,13.26,7.874222222,6.879282793,8.726809257,7.803046025,10.0,10.0,8.461538462,6.14,8.613347014,8.303721369,8.495247404,35.0,8.0,7.90470356,10.0,8.634901187,8.2,7.5,7.924877008,8.0,10,10.0,3.754574458,7.911350209,5.011859735,8.0,7.945,6.779800774,6.934165127,8.016058044,9.151484884,7.5,8.222514309,7.925732708,14,7.9,11.0
2022,JOR,Jordan,Middle East & North Africa,6.48,101.0,3.0,,,,6.08,5.36,9.68,1.12,10.0,10.0,0,7.5,10.0,0,10.0,0,6.74,7.35,8.8,9.24,8.24,9.48,6.86,8.19,6.67,7.43,5.26,3.33,4.3,6.23,5.26,3.02,0.0,3.33,3.33,2.22,8.36,9.5,6.61,8.15,5.75,4.78,10.0,0,3.24,3,6.62,5.66,3.85,2.32,7.13,3.38,4.47,2.5,3.33,3.33,4.05,10.0,10.0,10.0,0.0,,,0.0,10.0,5.0,5.87,117.0,6.493302341,17.92277204,8.10626703,7.45,7.857142857,22.5,9.0,31,5.0,46,7.0,7.915,7.474342446,38.0,5.92585668,5.644269524,5.846252442,5.833333333,6.292916667,3.115249384,6.720311827,7.737987439,0.470588235,5.889522162,4.330531001,115.0,9.555058945,2.224705276,9.579367697,1.051580758,8.308,4.23,10.0,9.36060666,5,9.10158244,1.34762634,7.98,10.1,3.8592,15.352,6.980260813,7.126440906,6.729003255,6.927722081,10.0,8.75,6.153846154,10.0,6.541794538,7.861410173,7.942348267,61.0,10.0,6.522384885,10.0,8.840794962,6.383333333,7.5,7.194750308,6.0,10,10.0,5.955538153,7.576231685,4.63802735,6.222222222,6.635,6.959149998,6.113599893,6.088677862,9.821394961,6.956506145,7.62219299,7.538204882,24,7.33,48.0
2022,KAZ,Kazakhstan,Caucasus & Central Asia,6.38,104.0,3.0,,,,5.29,5.06,9.13,2.98,10.0,10.0,0,2.5,10.0,0,10.0,0,3.2,7.34,7.58,8.36,8.22,9.08,8.93,8.74,3.33,6.04,5.79,3.33,4.56,5.08,4.82,4.03,2.5,3.33,3.33,3.06,4.83,7.4,4.19,5.47,5.75,4.58,8.49,1,6.09,3,7.29,4.74,4.14,2.67,4.97,5.33,4.37,0.0,1.11,3.33,3.22,10.0,10.0,10.0,10.0,,,10.0,10.0,10.0,6.01,115.0,6.267647059,18.69,7.765667575,8.7,10.0,11.37,10.0,10,7.0,32,8.5,5.89,7.684662927,28.0,4.253013333,4.357199516,5.321313938,7.5,5.410333333,4.489935152,9.914953431,5.576318561,0.882352941,5.852883408,5.508596149,64.0,8.198706806,9.00646597,7.582296646,6.044258384,4.016,14.96,10.0,7.449250863,91,7.446666667,3.83,8.76,6.2,7.5448,6.138,7.917155556,5.855530956,4.889053254,5.372292105,10.0,4.863897488,2.307692308,7.54,4.22480292,4.734098179,7.00588646,95.0,8.0,8.718124836,10.0,8.906041612,7.5,7.125862692,7.85071214,10.0,9.251725385,3.0,5.392983358,7.160183368,4.936822653,5.333333333,3.71,6.457532638,5.109422156,4.994750446,9.244026913,3.75,5.99625912,6.792976564,61,6.89,68.0
2022,KEN,Kenya,Sub-Saharan Africa,6.62,96.0,3.0,,,,6.08,3.99,8.58,4.89,5.0,9.19,78,5.0,8.13,59,9.13,51,5.95,6.07,6.93,7.75,7.39,9.08,8.93,8.47,6.67,7.57,9.68,3.33,6.51,8.43,7.47,9.12,5.0,4.44,3.33,4.26,8.92,9.69,8.5,9.04,7.31,7.43,9.45,1,10.0,0,9.73,8.87,6.02,8.04,9.34,6.56,7.77,5.0,4.44,3.33,6.05,0.0,10.0,5.0,5.0,,,2.5,7.9,5.1,6.48,105.0,7.694117647,13.84,9.711171662,1.56,2.268571429,42.06,8.0,30,8.0,30,8.0,7.705,7.075772148,58.0,5.323950569,4.297615973,5.191930497,5.833333333,6.152916667,3.900386063,7.238486869,3.119086454,0.882352941,5.132213303,4.830318403,88.0,9.297770003,3.511149986,9.51022312,1.224442199,6.936,7.66,10.0,8.935998281,16,6.813333333,4.78,7.14,14.3,4.4516,13.871,6.134977778,3.837389548,5.48728347,4.662336509,10.0,6.004201472,3.846153846,3.88,5.542652607,4.818251981,6.403891567,119.0,10.0,7.282407323,10.0,9.094135774,7.083333333,5.649870456,6.636724472,8.0,6.299740913,10.0,5.012714068,6.954626178,4.780793985,4.222222222,6.7625,6.49396295,5.564869789,3.791985679,8.321011321,5.457331795,5.856776265,6.867602002,57,6.82,74.0
2022,KOR,"Korea, Rep.",East Asia,8.23,32.0,1.0,,,,7.83,7.68,9.85,0.53,10.0,10.0,0,7.5,10.0,0,10.0,0,9.48,9.59,9.51,9.68,9.12,9.83,9.92,9.62,6.67,8.15,9.87,10.0,9.93,9.86,9.9,7.3,10.0,6.67,6.67,7.78,9.67,9.47,9.76,9.64,7.16,7.97,10.0,0,10.0,0,10.0,8.3,6.6,6.73,7.98,7.31,7.38,7.5,7.78,6.67,7.87,10.0,10.0,10.0,10.0,,,10.0,10.0,10.0,8.75,34.0,3.508823529,28.07,5.689373297,16.32,9.931428571,15.24,5.0,50,5.0,50,5.0,7.375,6.30092508,104.0,6.175405721,6.481749229,8.347310623,6.666666667,8.171666667,7.085801375,8.219626884,7.835534716,0.882352941,7.372970235,6.939266104,31.0,8.848528698,5.757356511,9.483656806,1.290857986,7.964,5.09,10.0,9.074046376,10,9.652173913,0.52173913,7.32,13.4,0.0,55.476,5.657391304,7.029727205,9.581185671,8.305456438,10.0,8.75,6.153846154,10.0,7.198813185,8.025664835,7.997128144,58.0,8.0,9.910060313,10.0,9.303353438,6.533333333,3.758626923,6.307500203,10.0,2.517253846,0.0,3.553333283,4.667149655,3.757499853,8.666666667,7.8075,7.774788597,7.001613779,7.626291534,9.992036902,6.707331795,8.108553411,7.270167571,36,7.52,32.0
2022,KWT,Kuwait,Middle East & North Africa,6.1,115.0,3.0,,,,5.92,5.0,9.93,0.25,10.0,10.0,0,7.5,10.0,0,10.0,0,5.33,8.52,8.76,9.35,9.18,9.02,6.68,8.3,6.67,7.48,6.11,3.33,4.72,6.95,5.84,3.96,2.5,3.33,3.33,3.06,1.08,3.62,3.79,2.83,5.71,3.89,10.0,0,10.0,0,10.0,5.53,5.2,5.74,6.6,5.8,5.77,2.5,3.33,3.33,4.99,0.0,10.0,5.0,2.5,,,0.0,10.0,4.38,5.84,118.0,0.79239803,37.3058467,6.896331062,11.890465,6.458223038,27.39621937,10.0,0,10.0,20,10.0,5.3625,5.901890426,127.0,6.082728648,5.144664084,6.613157193,8.333333333,6.759333333,5.034429487,9.514357344,8.299107949,0.470588235,6.972638921,5.126940383,80.0,9.558353095,2.208234525,2.978211131,17.55447217,8.408,3.98,10.0,7.736141057,81,9.38,0.93,9.06,4.7,7.5372,6.157,8.659066667,6.354900996,4.099432535,5.227166765,10.0,7.254201472,3.846153846,5.71,5.317357878,5.531928299,7.354540433,77.0,10.0,10.0,5.0,8.333333333,7.5,4.693970192,6.349656582,4.0,4.387940385,3.0,5.022100608,4.993381109,4.825079043,2.444444444,5.76,6.950743003,4.995066623,5.464455009,9.229716542,3.75,6.148057184,6.117459562,106,6.45,92.0
2022,KGZ,Kyrgyz Republic,Caucasus & Central Asia,6.57,98.0,3.0,,,,5.58,3.7,9.36,2.2,5.0,7.7,28,2.5,10.0,0,9.87,1,3.05,8.84,6.71,8.03,8.47,9.27,7.3,8.34,6.67,7.51,7.77,6.67,7.22,6.85,7.03,5.68,2.5,5.56,3.33,3.8,8.84,9.34,5.69,7.96,5.12,5.64,10.0,0,2.34,2,6.17,5.35,3.94,4.05,7.31,6.97,5.52,5.0,4.44,3.33,4.89,10.0,10.0,10.0,10.0,,,7.5,10.0,9.38,6.6,102.0,6.093379056,19.28251121,7.615803815,9.25,,,10.0,10,7.0,32,8.5,6.14,7.087295718,57.0,4.610678644,2.562230638,3.685835376,,4.6395,3.509460985,9.868110421,4.375605583,0.882352941,4.750203093,4.470779381,107.0,7.081355694,14.59322153,6.75067669,8.123308275,4.432,13.92,10.0,7.066008096,103,7.878228782,3.182656827,8.7,6.5,7.946,5.135,8.174742927,6.300602754,6.052378834,6.176490794,10.0,6.439463794,2.307692308,8.4,3.47708722,5.15606083,7.376823638,76.0,8.0,10.0,8.0,8.666666667,6.25,7.627588077,7.387035688,10.0,7.755176154,1.0,4.896070758,6.416552954,3.916253248,3.333333333,5.845,6.266974089,4.840390168,5.541282107,8.192489001,6.25,6.661257036,6.646216706,76,6.53,88.0
2022,LAO,Lao PDR,South Asia,5.15,148.0,4.0,,,,3.7,3.7,7.96,7.01,10.0,10.0,0,7.5,10.0,0,10.0,0,2.33,1.54,7.34,7.65,4.1,5.8,5.88,5.26,3.33,4.3,5.06,3.33,4.19,4.04,4.12,1.06,0.0,0.0,3.33,1.11,2.95,0.18,0.59,1.24,2.17,1.4,10.0,0,10.0,0,10.0,0.96,0.44,1.08,5.81,0.13,1.68,0.0,1.11,0.0,2.56,10.0,10.0,10.0,7.5,,,7.5,10.0,8.75,4.64,150.0,5.279953454,22.04815826,9.727520436,1.5,7.382857143,24.16,9.0,25,9.0,25,9.0,3.285,6.935066207,67.0,4.965038131,3.262282485,3.059356783,,3.1175,1.539972213,8.451816515,6.435879072,1.0,4.404549314,4.404549314,111.0,5.260969755,23.69515123,7.712111188,5.719722029,0.816,22.96,5.0,4.697270236,153,9.02,1.47,8.28,8.6,7.248,6.88,8.182666667,6.512375673,7.446460431,6.979418052,10.0,1.214122641,1.538461538,10.0,5.037117004,4.447425296,7.402377504,73.0,,9.65417141,10.0,9.827085705,5.283333333,3.010352308,6.608482997,10.0,1.020704615,1.0,4.149647325,4.438931511,4.383924007,3.555555556,3.9825,2.971111909,3.723272868,3.969784087,9.410800864,2.899384888,5.426656613,5.853986674,122,5.86,125.0
2022,LVA,Latvia,Eastern Europe,8.49,21.0,1.0,,,,8.24,7.4,8.95,3.62,10.0,10.0,0,10.0,10.0,0,10.0,0,9.65,9.41,9.87,9.41,9.61,9.81,9.88,9.77,10.0,9.88,9.65,10.0,9.82,9.6,9.71,9.21,10.0,10.0,10.0,10.0,9.45,9.22,9.69,9.46,9.68,9.59,10.0,0,10.0,0,10.0,9.33,7.31,8.36,9.8,7.32,8.42,7.5,8.89,6.67,8.3,10.0,10.0,10.0,10.0,,,10.0,10.0,10.0,9.18,20.0,4.744117647,23.87,4.822888283,19.5,9.162857143,17.93,7.0,31,4.0,46,5.5,8.0875,6.463472615,89.0,6.878705335,4.494225944,6.838678519,8.333333333,8.305166667,6.513233363,9.030740107,6.847808361,1.0,7.155236454,7.155236454,28.0,7.937789792,10.31105104,8.026987465,4.932531337,3.076,17.31,10.0,7.260194314,99,9.674270297,0.488594555,8.98,5.1,6.838,7.905,8.497423432,7.847272581,9.423376823,8.635324702,10.0,8.75,6.923076923,9.16,7.03769803,7.967693738,8.775110468,18.0,10.0,7.860443186,9.0,8.953481062,5.0,6.377588077,8.032818635,10.0,7.755176154,10.0,5.933255951,7.585548402,4.252677362,8.0,9.58,7.805614245,7.409572902,8.077038094,7.786988311,7.5,7.788008802,7.934152792,12,7.52,32.0
2022,LBN,Lebanon,Middle East & North Africa,5.96,117.0,3.0,,,,5.36,3.69,9.34,2.26,10.0,10.0,0,2.5,7.0,10,9.84,1,5.72,6.41,7.35,8.35,9.25,8.03,7.25,8.18,6.67,7.42,8.85,6.67,7.76,8.82,8.29,7.24,7.5,6.67,6.67,6.94,9.24,9.7,6.81,8.58,7.31,7.52,4.69,1,6.43,1,5.56,6.12,4.34,5.6,8.86,5.59,6.1,5.0,5.56,3.33,5.11,0.0,10.0,5.0,0.0,,,2.5,10.0,4.38,6.39,109.0,7.730532022,13.71619113,9.326975477,2.97,10.0,3.13,10.0,25,9.0,31,9.5,7.345,8.7805015,5.0,4.196116632,2.57306816,3.790909052,3.333333333,5.0085,1.979097669,7.328460789,2.720891428,0.823529412,3.866297133,3.525153268,136.0,9.979322527,0.103387367,0.0,66.08301961,0.0,171.21,10.0,4.994830632,148,9.846666667,0.23,8.8,6.0,5.224,11.94,7.956888889,4.943914016,3.119549013,4.031731514,0.0,2.92255941,1.538461538,9.05,5.020120045,4.632785248,4.155351413,157.0,10.0,0.0,10.0,6.666666667,5.283333333,7.5,6.404882272,8.0,10,10.0,4.874571761,7.437541052,3.54747494,0.666666667,2.635,5.235555955,3.02117439,3.259223748,6.403389308,2.334843264,3.999152107,5.281133554,141,5.35,144.0
2022,LSO,Lesotho,Sub-Saharan Africa,6.69,91.0,3.0,,,,6.49,6.49,0.0,43.6,10.0,10.0,0,5.0,10.0,0,10.0,0,7.5,7.77,8.61,4.31,8.74,9.22,9.22,9.06,6.67,7.86,9.44,10.0,9.72,9.65,9.69,9.45,5.0,6.67,10.0,7.22,9.55,9.75,9.3,9.53,8.28,8.62,10.0,0,10.0,0,10.0,8.5,5.65,6.29,9.72,7.56,7.54,5.0,4.44,3.33,6.06,10.0,10.0,10.0,5.0,,,5.0,10.0,7.5,7.22,82.0,3.582352941,27.82,8.506811989,5.98,0.017142857,49.94,8.0,30,8.0,30,8.0,7.6875,5.558761557,138.0,6.139768309,4.172266336,3.582278134,,6.4975,1.963953081,6.491900642,4.882339407,0.941176471,4.818572273,4.676849559,98.0,8.754847899,6.225760507,9.01369579,2.465760526,6.692,8.27,5.0,7.365135922,93,8.02,2.97,8.5,7.5,5.8,10.5,7.44,2.925845583,9.809172375,6.367508979,10.0,2.064737752,1.538461538,4.31,2.079958022,2.498289328,6.576449577,112.0,10.0,7.254136694,10.0,9.084712231,3.333333333,3.273212426,4.365171988,8.0,6.546424852,10.0,2.103426059,5.374509808,4.451157252,4.0,5.9125,3.167275123,4.382733094,2.988918695,7.914088779,0.0,3.634335825,5.61907274,132,5.96,113.0
2022,LBR,Liberia,Sub-Saharan Africa,6.52,100.0,3.0,,,,6.42,3.96,9.06,3.23,5.0,10.0,0,7.5,10.0,0,10.0,0,7.67,8.07,8.32,8.69,9.81,9.7,9.11,9.54,6.67,8.1,8.54,6.67,7.6,9.26,8.43,9.33,5.0,6.67,10.0,7.22,9.66,9.68,8.89,9.41,9.05,8.75,10.0,0,10.0,0,10.0,8.99,5.52,5.81,8.58,8.44,7.47,5.0,7.78,6.67,7.38,0.0,0.0,0.0,2.5,,,5.0,6.82,3.58,6.99,93.0,1.782795371,33.93849574,8.644688792,5.473992134,4.105714286,35.63,9.0,25,7.0,33,8.0,6.9425,5.89513969,128.0,5.426090709,2.66280568,3.605653961,5.0,4.404916667,1.436678084,4.796574094,2.590516003,1.0,3.7404044,3.7404044,131.0,9.54116717,-2.29416415,7.731232671,5.671918323,6.964,7.59,10.0,8.55909996,39,6.433333333,5.35,7.6,12.0,7.072,7.32,7.035111111,3.640251358,0.0,1.820125679,10.0,4.831985235,8.461538462,1.51,2.889794906,4.423329651,5.81964161,138.0,8.0,8.913972355,9.0,8.637990785,3.333333333,1.546424852,,8.0,3.092849704,10.0,2.696009874,4.778102961,3.236822088,2.888888889,4.835,4.218149479,3.794715114,2.964381073,9.457080547,0.0,4.140487207,5.337824017,139,5.87,123.0
2022,LBY,Libya,Middle East & North Africa,4.92,151.0,4.0,,,,2.96,2.96,9.27,2.5,0.0,10.0,0,2.5,7.26,11,8.13,14,1.63,2.63,4.59,6.93,5.33,5.35,5.14,5.27,3.33,4.3,2.53,3.33,2.93,6.79,4.86,7.93,2.5,2.22,3.33,2.69,7.82,7.69,7.35,7.62,7.85,6.52,1.17,2,10.0,0,5.58,2.83,4.5,6.43,8.8,7.37,5.99,2.5,2.22,3.33,3.93,0.0,0.0,0.0,7.5,,,7.5,10.0,6.25,5.11,132.0,0.0,50.8187571,,,0.0,78.85304659,10.0,14,9.0,25,9.5,4.99,3.6225,165.0,4.407187347,1.72051881,1.639041087,5.0,5.086583333,1.811973773,,0.836441976,0.705882353,2.928820904,2.498111947,155.0,9.942671678,-0.286641611,0.0,47.47910918,8.196,4.51,10.0,7.034667919,104,,,9.1,4.5,8.596,3.51,8.848,3.15218839,4.260081557,3.706134974,8.969072165,3.314737752,0.0,0.22,2.5,1.508684438,5.757972894,140.0,,10.0,4.0,7.0,4.866666667,3.443970192,,8.0,4.387940385,10.0,5.0,5.949762874,4.717342059,0.0,0.9,1.267454385,1.721199111,4.005664144,,1.25,2.627832072,4.324698514,159,4.65,157.0
2022,LTU,Lithuania,Eastern Europe,8.38,25.0,1.0,,,,7.62,7.8,9.29,2.44,10.0,10.0,0,10.0,10.0,0,10.0,0,8.6,9.72,9.76,9.53,9.72,9.79,9.8,9.77,10.0,9.88,9.07,10.0,9.54,9.18,9.36,7.49,10.0,10.0,6.67,8.89,9.67,8.85,9.18,9.23,9.36,8.74,10.0,0,10.0,0,10.0,8.08,8.12,9.13,9.88,8.85,8.81,7.5,8.89,6.67,8.37,10.0,10.0,10.0,7.5,,,10.0,10.0,9.38,9.01,26.0,5.205882353,22.3,5.809264305,15.88,10.0,14.78,7.0,32,5.0,41,6.0,8.6525,7.133529332,53.0,7.112048076,5.817927021,6.849094629,8.333333333,7.265333333,6.87109617,9.670883679,7.227874199,1.0,7.393448805,7.393448805,24.0,8.036998633,9.815006837,7.565051907,6.087370231,2.116,19.71,10.0,6.929512635,106,9.674270297,0.488594555,8.98,5.1,6.838,7.905,8.497423432,7.543844407,9.778048861,8.660946634,10.0,8.75,6.923076923,9.16,6.672529975,7.876401725,8.758692948,19.0,10.0,9.691598438,5.0,8.230532813,6.116666667,6.751725385,8.313864072,8.0,8.503450769,3.0,5.393139096,6.582692284,3.799765905,7.333333333,6.8325,7.424888788,6.347622007,7.273882012,9.712237446,7.5,8.16203982,7.330721731,31,7.51,34.0
2022,LUX,Luxembourg,Western Europe,8.93,4.0,1.0,,,,8.53,8.46,9.55,1.54,10.0,10.0,0,,10.0,0,10.0,0,9.4,9.38,9.8,9.67,9.82,9.85,9.81,9.83,10.0,9.91,9.51,10.0,9.75,9.81,9.78,9.51,10.0,,10.0,10.0,9.01,9.91,9.51,9.48,9.77,9.69,10.0,0,10.0,0,10.0,9.35,7.52,9.67,9.83,8.88,9.05,10.0,,10.0,9.76,10.0,10.0,10.0,10.0,,,10.0,10.0,10.0,9.61,4.0,1.002941176,36.59,4.70027248,19.95,7.582857143,23.46,5.0,46,5.0,46,5.0,8.6575,5.38871416,142.0,8.2374456,8.354873002,9.244918823,10.0,9.10625,8.728029328,6.17918671,9.297368924,1.0,8.643509048,8.643509048,8.0,7.944276532,10.27861734,9.386523093,1.533692268,7.464,6.34,10.0,8.698699906,33,9.674270297,0.488594555,8.98,5.1,6.838,7.905,8.497423432,8.717732033,9.981656882,9.349694457,10.0,10.0,3.846153846,9.16,9.133223295,8.034844285,8.970490544,7.0,8.0,9.843482099,10.0,9.2811607,4.866666667,8.001725385,6.777230898,6.0,8.503450769,10.0,7.437628905,7.369528946,5.88542223,7.111111111,9.5425,8.441743522,7.745194216,7.974632477,8.390068438,8.75,8.371566972,8.191862708,8,7.98,9.0
2022,MDG,Madagascar,Sub-Saharan Africa,6.67,92.0,3.0,,,,5.49,3.61,7.77,7.69,10.0,10.0,0,7.5,10.0,0,10.0,0,6.09,6.96,8.65,8.21,7.91,8.93,8.87,8.57,10.0,9.29,8.51,6.67,7.59,9.18,8.38,9.48,5.0,3.33,3.33,3.89,9.17,9.85,8.42,9.15,9.1,7.9,10.0,0,10.0,0,10.0,6.84,4.85,5.93,8.67,6.16,6.49,5.0,2.22,3.33,5.41,10.0,10.0,10.0,2.5,,,7.5,10.0,7.5,7.19,84.0,5.708823529,20.59,9.555858311,2.13,5.202857143,31.79,10.0,20,7.0,34,8.5,7.06,7.205507797,51.0,4.174815187,3.171082065,3.285863518,1.666666667,4.389083333,1.479210961,5.151675115,2.5,0.647058824,3.227299606,2.657776146,153.0,8.332066894,8.339665528,9.338006562,1.654983594,6.736,8.16,5.0,7.351518364,94,8.113333333,2.83,7.64,11.8,7.2152,6.962,7.656177778,4.914330244,5.089130879,5.001730561,10.0,3.314737752,0.769230769,10.0,5.175701777,4.814917575,6.868206478,100.0,10.0,7.228140858,6.0,7.742713619,2.5,4.811010355,7.222222487,8.0,7.12202071,1.0,5.194704135,5.121422527,3.125,2.666666667,3.8075,6.474346628,4.018378324,6.10665822,7.691379174,3.380395113,5.726144169,5.65216466,131,5.95,116.0
2022,MWI,Malawi,Sub-Saharan Africa,6.85,86.0,3.0,,,,6.93,4.96,9.48,1.8,10.0,10.0,0,5.0,10.0,0,10.0,0,7.71,8.47,8.74,9.11,9.63,9.81,9.28,9.57,10.0,9.78,9.29,10.0,9.64,9.34,9.49,8.65,7.5,7.78,6.67,7.31,9.55,9.89,8.26,9.23,9.48,8.67,10.0,0,10.0,0,10.0,8.07,5.65,7.76,9.33,7.7,7.7,5.0,6.67,6.67,7.21,0.0,0.0,0.0,7.5,,,5.0,10.0,5.63,7.84,65.0,8.845593942,9.924980598,9.455040872,2.5,1.311428571,45.41,6.0,40,4.0,50,5.0,7.65,6.452412677,91.0,5.834002793,3.272866391,3.503950076,5.833333333,6.336416667,2.416009253,8.552926734,3.85201908,0.882352941,4.950190541,4.659002862,99.0,6.470052047,17.64973976,7.647062332,5.88234417,1.62,20.95,5.0,5.184278595,146,8.453333333,2.32,7.56,12.2,5.9984,10.004,7.337244444,4.6035359,5.020911374,4.812223637,2.549019608,2.504935308,0.769230769,10.0,4.257340233,4.382876578,4.770341067,153.0,10.0,5.2326552,10.0,8.410885067,3.906864223,4.531713089,6.887483597,10.0,5.683031065,10.0,4.05761656,6.438101219,4.401055972,4.0,7.16,6.552811913,5.528466971,3.993235684,8.408761291,2.5,4.967332325,6.336196396,92,5.48,140.0
2022,MYS,Malaysia,South Asia,7.06,77.0,2.0,,,,5.93,5.59,9.79,0.72,10.0,10.0,0,10.0,10.0,0,10.0,0,5.98,9.46,9.35,9.57,7.19,9.48,9.24,8.63,6.67,7.65,5.85,6.67,6.26,7.8,7.03,6.38,5.0,3.33,6.67,5.0,9.02,9.58,7.65,8.75,7.76,6.97,10.0,0,10.0,0,10.0,4.84,4.94,4.69,8.06,5.77,5.66,5.0,4.44,6.67,6.35,0.0,0.0,0.0,0.0,,,5.0,10.0,3.75,6.7,98.0,6.811764706,16.84,8.215258856,7.05,7.951428571,22.17,9.0,30,9.0,30,9.0,4.76,7.347690427,44.0,6.134449582,6.246138597,7.512303193,7.5,6.377333333,5.486267655,8.632169438,7.441088756,0.647058824,6.916218819,5.695709616,61.0,9.971407252,0.142963741,8.646714152,3.383214621,8.648,3.38,10.0,9.316530351,6,9.846860643,0.229709035,8.88,5.6,4.5344,13.664,7.753753548,7.196474473,8.53935502,7.867914746,10.0,5.836186856,0.769230769,10.0,7.091744741,5.924290592,7.886489721,63.0,10.0,7.596732725,9.0,8.865577575,8.75,4.62202071,7.331837813,10.0,4.24404142,10.0,5.651260217,7.228451451,6.674269835,9.555555556,4.12,7.774788597,7.031153497,6.080777781,9.997647267,5.0,7.026141682,7.537831051,25,7.56,29.0
2022,MLI,Mali,Sub-Saharan Africa,5.75,123.0,3.0,,,,5.71,3.35,6.83,10.9,0.0,0.0,726,0.0,0.0,566,0.0,324,6.67,7.87,2.08,4.45,8.32,9.06,9.27,8.88,3.33,6.11,7.41,10.0,8.71,9.5,9.1,6.86,5.0,5.56,3.33,4.63,9.67,9.12,8.9,9.23,6.18,6.72,10.0,0,7.58,2,8.79,9.06,4.24,4.77,7.31,7.13,6.5,5.0,5.56,3.33,5.84,10.0,10.0,10.0,5.0,,,5.0,1.14,5.29,5.84,119.0,6.329411765,18.48,9.673024523,1.7,5.945714286,29.19,5.0,37,2.0,53,3.5,7.93,6.675630115,78.0,5.046275794,2.464700416,4.120404386,3.333333333,5.37,2.566233053,5.803227379,3.229837219,0.705882353,3.991751447,3.404729176,140.0,7.864040913,10.67979544,9.22377543,1.940561425,6.152,9.62,0.0,5.809954086,138,8.206666667,2.69,7.6,12.0,7.072,7.32,7.626222222,4.778704842,5.300665842,5.039685342,10.0,3.314737752,0.769230769,2.69,4.704781274,2.869687449,6.383898753,122.0,10.0,7.035638535,5.0,7.345212845,5.283333333,6.28405375,5.449854533,8.0,7.5681075,0.0,4.938317736,5.360523836,4.011371135,3.111111111,3.5475,5.953112947,4.155773798,6.012993474,8.880242446,5.0,6.63107864,5.87314728,120,5.63,132.0
2022,MLT,Malta,Western Europe,8.48,22.0,1.0,,,,7.29,6.76,9.89,0.38,10.0,10.0,0,,10.0,0,10.0,0,8.48,9.26,9.62,9.76,9.73,9.16,9.02,9.3,10.0,9.65,9.34,10.0,9.67,9.77,9.72,9.33,10.0,,10.0,10.0,9.79,9.81,9.7,9.76,9.17,9.57,10.0,0,10.0,0,10.0,7.67,5.16,7.67,9.87,6.5,7.38,7.5,,6.67,7.89,10.0,10.0,10.0,7.5,,,10.0,10.0,9.38,8.96,28.0,2.805882353,30.46,6.463215259,13.48,10.0,10.42673108,7.0,35,7.0,35,7.0,6.79,6.611819522,82.0,6.757224252,6.034031375,8.412278096,10.0,7.771166667,5.176186685,5.241111259,6.393859387,0.941176471,6.973232215,6.76813715,35.0,8.247260472,8.763697638,9.383999721,1.540000698,7.54,6.15,10.0,8.792815048,24,9.674270297,0.488594555,8.98,5.1,6.838,7.905,8.497423432,8.525366783,8.918054799,8.721710791,10.0,10.0,7.692307692,9.16,8.54412218,8.849107468,9.017060423,4.0,10.0,8.224578973,10.0,9.408192991,6.116666667,7.5,7.317197323,8.0,10,10.0,6.767408053,7.957324578,4.791666667,6.444444444,7.3125,7.97095181,6.62989073,7.317500669,7.995633481,7.5,7.60437805,7.899946587,15,7.82,15.0
2022,MRT,Mauritania,Sub-Saharan Africa,5.41,134.0,4.0,,,,4.51,3.45,7.11,9.94,10.0,10.0,0,5.0,10.0,0,10.0,0,4.55,8.55,8.3,7.7,7.43,8.91,8.31,8.21,3.33,5.77,1.49,6.67,4.08,7.33,5.71,5.89,5.0,6.67,6.67,6.11,6.16,7.02,6.41,6.53,7.04,6.39,10.0,0,4.45,1,7.22,5.74,5.67,6.22,6.93,6.23,6.16,5.0,5.56,3.33,5.45,0.0,0.0,0.0,0.0,,,0.0,3.61,0.9,5.05,137.0,4.367647059,25.15,,,10.0,10.98,5.0,40,5.0,40,5.0,6.3075,6.418786765,94.0,3.29471476,3.075596407,3.800627829,,2.8975,4.823445977,7.594736795,4.365398884,0.470588235,4.264574379,3.135716455,146.0,9.249969124,3.75015438,8.300287788,4.24928053,6.188,9.53,5.0,7.184564228,101,,,7.6,12.0,7.024,7.44,7.312,4.152059555,5.565165449,4.858612502,10.0,3.314737752,2.307692308,10.0,4.267466963,4.972474256,6.785771689,104.0,10.0,8.690710009,9.0,9.23023667,4.033333333,5.221122404,6.022219658,8.0,7.942244808,5.0,4.703836243,5.846108064,2.542262872,3.555555556,3.1525,4.736740927,3.496764839,4.910482563,9.214669262,2.5,5.541717275,6.028706712,114,5.91,120.0
2022,MUS,Mauritius,Sub-Saharan Africa,7.66,53.0,2.0,,,,5.93,5.7,9.35,2.23,10.0,10.0,0,10.0,10.0,0,10.0,0,6.02,7.37,9.06,9.2,8.04,9.77,8.33,8.71,10.0,9.36,9.34,6.67,8.0,9.05,8.53,7.9,10.0,8.89,10.0,9.63,8.86,9.86,8.01,8.91,7.83,8.57,10.0,0,10.0,0,10.0,5.37,5.05,1.65,8.14,6.91,5.42,7.5,6.67,6.67,7.25,0.0,0.0,0.0,2.5,,,5.0,10.0,4.38,7.57,73.0,6.317647059,18.52,7.768392371,8.69,8.594285714,19.92,10.0,15,9.0,23,9.5,7.7,7.976065029,21.0,6.929242242,6.625295745,7.346459628,,6.234,5.583709489,9.48148622,6.818697453,1.0,7.002698682,7.002698682,30.0,8.788193204,6.059033978,8.508705024,3.728237441,5.692,10.77,10.0,8.247224557,58,9.853333333,0.22,9.84,0.8,8.5632,3.592,9.418844444,8.248524666,8.543792112,8.396158389,10.0,7.254201472,4.615384615,10.0,7.006786267,7.219093089,8.758523981,20.0,8.0,3.470408774,9.0,6.823469591,7.083333333,6.751725385,6.235904693,10.0,8.503450769,10.0,5.295805931,7.69574573,5.022302468,8.444444444,3.245,6.715347147,5.856773515,8.086880508,9.361302523,5.0,7.482727677,6.964679128,52,7.79,17.0
2022,MEX,Mexico,Latin America & the Caribbean,6.66,94.0,3.0,,,,5.37,3.47,2.41,26.11,0.0,10.0,0,7.5,9.83,13,9.99,1,3.5,6.72,6.79,4.6,9.64,8.9,9.72,9.42,6.67,8.04,8.74,10.0,9.37,8.39,8.88,6.74,7.5,6.67,10.0,8.06,9.05,9.83,7.64,8.84,7.36,7.75,1.6,36,10.0,0,5.8,6.12,4.76,4.36,9.85,6.49,6.32,5.0,4.44,6.67,5.65,10.0,10.0,10.0,0.0,,,7.5,10.0,6.88,6.47,106.0,7.773529412,13.57,8.455040872,6.17,10.0,11.77,8.0,35,8.0,35,8.0,7.15,8.275714057,16.0,4.545211458,4.482240218,5.094917218,4.166666667,3.4655,4.214076897,7.327880262,1.235709588,1.0,4.316525288,4.316525288,116.0,8.607490737,6.962546315,9.430418976,1.423952561,6.84,7.9,5.0,7.469477428,89,9.766666667,0.35,8.58,7.1,6.45,8.875,8.265555556,8.053527673,8.464028084,8.258777878,10.0,8.504201472,1.538461538,6.68,6.719304692,5.860491926,8.09620634,55.0,8.0,8.30185752,10.0,8.76728584,7.083333333,4.909818639,7.000571092,8.0,4.819637278,3.0,6.583093803,5.913779164,3.112942378,4.222222222,4.2125,4.902078492,4.112435773,6.142728251,9.563116541,6.25,7.318614931,6.528028927,84,6.94,65.0
2022,MDA,Moldova,Eastern Europe,7.43,64.0,2.0,,,,7.04,5.3,9.12,3.01,10.0,10.0,0,5.0,10.0,0,10.0,0,8.21,9.59,8.97,9.05,9.63,9.54,9.67,9.61,6.67,8.14,9.25,6.67,7.96,9.09,8.52,7.89,7.5,7.78,6.67,7.31,9.73,9.9,9.47,9.7,9.26,8.54,10.0,0,10.0,0,10.0,7.97,7.99,7.52,7.69,6.73,7.58,5.0,6.67,6.67,7.18,10.0,10.0,10.0,10.0,,,10.0,10.0,10.0,8.11,58.0,6.726470588,17.13,5.91280654,15.5,10.0,13.03,10.0,12,7.0,35,8.5,7.355,7.698855426,27.0,4.965315432,4.113878405,4.925505417,5.833333333,6.733333333,4.659027172,9.567342957,5.959822337,1.0,5.844694798,5.844694798,53.0,8.480737496,7.596312518,7.483618732,6.290953169,0.0,28.74,5.0,5.241089057,145,9.4,0.9,8.94,5.3,7.6256,5.936,8.6552,5.560338498,8.794682484,7.177510491,10.0,3.314737752,0.769230769,9.59,4.924425383,4.649598476,7.620577242,67.0,10.0,6.757971637,7.0,7.919323879,4.033333333,5.894087556,7.579513392,6.0,6.788175112,3.0,5.065302849,5.480058892,4.022160768,6.666666667,7.03,6.474346628,6.048293516,5.582479002,6.378000213,2.5,4.820159739,6.066959006,112,6.49,89.0
2022,MNG,Mongolia,East Asia,7.61,55.0,2.0,,,,6.54,5.08,8.21,6.15,10.0,10.0,0,10.0,10.0,0,10.0,0,6.71,9.78,9.5,8.85,8.9,9.39,9.13,9.14,10.0,9.57,8.68,6.67,7.67,9.47,8.57,7.41,10.0,8.89,10.0,9.63,8.34,9.62,7.62,8.53,6.78,8.09,10.0,0,10.0,0,10.0,7.54,6.09,8.39,8.78,6.59,7.48,7.5,5.56,6.67,7.44,10.0,10.0,10.0,7.5,,,10.0,10.0,9.38,8.14,57.0,5.541176471,21.16,4.814713896,19.53,6.885714286,25.9,10.0,10,7.0,31,8.5,7.215,6.591320931,84.0,5.273116122,3.909917009,3.68285872,8.333333333,6.207166667,6.877289755,9.111264408,5.027470986,1.0,6.052802125,6.052802125,49.0,8.299444861,8.502775696,7.804979872,5.487550319,3.94,15.15,10.0,7.511106183,88,8.785334453,1.821998321,8.96,5.2,8.9808,2.548,8.908711484,6.243786613,2.593195266,4.41849094,10.0,5.875459879,6.153846154,6.57,4.787401855,5.846676972,7.293469849,80.0,,7.007781106,9.0,8.003890553,6.95,7.832368837,7.788252035,6.0,9.251725385,3.0,4.464745919,6.469584597,3.013533752,6.0,7.075,6.748975127,5.70937722,5.525799065,8.68480878,7.5,7.236869281,6.854930413,58,6.86,69.0
2022,MNE,Montenegro,Eastern Europe,7.77,47.0,2.0,,,,7.09,5.62,9.26,2.55,10.0,10.0,0,7.5,10.0,0,10.0,0,8.73,9.31,9.36,9.31,9.68,9.79,9.51,9.66,10.0,9.83,7.48,6.67,7.07,8.18,7.62,8.52,7.5,7.78,6.67,7.31,9.58,9.85,9.07,9.5,8.31,8.41,10.0,0,10.0,0,10.0,7.44,4.56,8.38,8.74,6.07,7.04,7.5,5.56,6.67,7.35,10.0,10.0,10.0,10.0,,,7.5,10.0,9.38,8.22,53.0,6.088235294,19.3,,,5.177142857,31.88,10.0,17,5.0,36,7.5,7.98,6.686344538,77.0,6.160659037,4.565444495,5.281363726,,6.941,3.647859521,7.676947777,6.694333156,0.941176471,5.852515387,5.680382582,62.0,8.980050924,5.099745378,8.081428357,4.796429106,4.784,13.04,10.0,7.96136982,74,7.8,3.3,9.26,3.7,7.8984,5.254,8.319466667,7.864678303,9.290830423,8.577754363,10.0,2.5,6.923076923,9.05,6.543507973,6.254146224,8.287841814,47.0,10.0,0.613917241,7.0,5.871305747,7.083333333,7.627588077,6.472501755,10.0,7.755176154,10.0,6.456569036,7.913595479,5.0,6.666666667,6.61,5.81860103,6.023816924,8.025799065,9.247116556,8.75,8.674305207,7.120755839,44,7.15,53.0
2022,MAR,Morocco,Middle East & North Africa,5.49,130.0,4.0,,,,5.8,3.99,9.52,1.65,5.0,10.0,0,5.0,10.0,0,10.0,0,5.56,8.6,7.74,8.63,8.9,9.43,5.68,8.0,3.33,5.67,3.88,3.33,3.61,3.52,3.56,4.01,2.5,2.22,6.67,3.8,8.34,9.42,7.11,8.29,4.25,5.09,10.0,0,0.0,18,5.0,5.83,5.96,3.9,9.01,5.08,5.96,2.5,1.11,3.33,3.58,0.0,0.0,0.0,2.5,,,0.0,10.0,3.13,4.81,148.0,4.802941176,23.67,9.623978202,1.88,9.594285714,16.42,5.0,38,3.0,46,4.0,6.7525,6.954741018,66.0,6.043043624,4.446557291,5.270846853,6.666666667,6.044333333,4.380426696,7.518263332,7.789842288,0.764705882,6.01999751,5.311762509,70.0,8.768255672,6.15872164,9.542738221,1.143154447,7.336,6.66,0.0,6.411748473,121,9.28,1.08,7.2,14.0,2.608,18.48,6.362666667,7.121171952,8.080359942,7.600765947,10.0,3.314737752,0.769230769,7.65,5.862370928,4.399084862,7.090629369,90.0,8.0,8.12916527,10.0,8.709721757,1.8,3.892934962,7.259726525,8.0,5.285869923,3.0,5.268868208,4.929628517,5.227659543,6.0,3.7125,6.631277199,5.392859186,6.168508784,9.967834252,5.0,7.045447679,6.519414284,86,6.46,90.0
2022,MOZ,Mozambique,Sub-Saharan Africa,6.41,103.0,3.0,,,,5.31,3.23,9.01,3.4,5.0,2.75,711,5.0,0.0,709,7.31,96,5.03,5.17,4.32,6.67,8.73,8.76,7.6,8.36,6.67,7.51,8.36,6.67,7.51,9.66,8.59,6.76,5.0,3.33,6.67,5.0,8.66,9.37,7.84,8.62,6.39,6.69,10.0,0,10.0,0,10.0,5.06,4.72,4.13,9.06,7.37,6.07,5.0,3.33,3.33,5.55,10.0,10.0,10.0,10.0,,,7.5,10.0,9.38,6.8,96.0,6.429683968,18.13907451,9.354223433,2.87,8.437142857,20.47,7.0,32,5.0,38,6.0,5.2425,7.092710052,56.0,4.465309732,3.094111868,3.372448536,7.5,5.5385,1.525358334,7.543776601,3.385581623,0.941176471,4.553135837,4.419220077,109.0,8.625823866,6.870880668,9.314394409,1.714013978,5.888,10.28,0.0,5.957054569,133,8.922488704,1.616266945,7.94,10.3,7.0336,7.416,7.965362901,4.541499416,7.397057277,5.969278346,10.0,2.504935308,0.0,1.19,5.28422157,2.244789219,6.544857617,115.0,10.0,4.073841283,9.0,7.691280428,4.166666667,1.25,5.437196095,6.0,0,0.0,3.173042933,2.860986528,3.302149375,3.333333333,4.435,6.379067353,4.362387515,5.833197893,8.984099591,3.75,6.189099161,5.275938408,142,5.86,125.0
2022,MMR,Myanmar,South Asia,3.97,162.0,4.0,,,,2.86,2.27,8.87,3.87,5.0,0.0,1031,0.0,8.72,41,8.71,77,0.83,1.13,3.48,6.18,3.13,4.28,4.45,3.95,0.0,1.98,4.52,3.33,3.93,3.36,3.64,0.7,0.0,3.33,0.0,1.11,5.4,5.39,5.36,5.38,2.64,2.46,7.8,4,0.0,81,3.9,0.73,1.45,0.43,2.64,1.25,1.3,2.5,3.33,0.0,2.21,0.0,10.0,5.0,2.5,,,7.5,10.0,6.25,3.57,160.0,4.543876996,24.55081821,9.885558583,0.92,6.585714286,26.95,9.0,25,9.0,25,9.0,3.725,6.748029973,75.0,3.539784452,2.092258458,2.559869835,2.5,3.84475,0.935397753,7.358091243,2.797742038,0.882352941,3.203486722,3.015046327,149.0,7.886769148,10.56615426,7.666885908,5.83278523,3.508,16.23,0.0,4.765413764,151,9.513333333,0.73,8.48,7.6,6.7168,8.208,8.236711111,2.488759205,0.887573964,1.688166585,3.045822102,1.45938346,0.769230769,0.22,1.289291416,0.934476411,3.476294052,160.0,0.0,4.696359572,9.0,4.565453191,8.2,5.756901538,,8.0,4.013803077,0.0,0.0,4.328450769,4.946651857,3.555555556,1.7975,7.169484968,4.367298095,5.534043721,9.478410145,1.25,5.420817955,4.670505003,153,4.54,160.0
2022,NAM,Namibia,Sub-Saharan Africa,7.48,60.0,2.0,,,,7.01,6.07,6.38,12.45,10.0,10.0,0,7.5,10.0,0,10.0,0,7.26,9.38,9.16,7.77,9.6,9.56,9.37,9.51,10.0,9.75,9.78,10.0,9.89,9.8,9.84,9.22,7.5,8.89,10.0,8.8,8.88,9.5,8.39,8.92,9.57,9.13,10.0,0,10.0,0,10.0,7.71,5.8,6.73,9.65,7.7,7.51,7.5,7.78,10.0,8.56,0.0,10.0,5.0,7.5,,,7.5,10.0,7.5,8.37,46.0,5.041176471,22.86,9.16893733,3.55,10.0,14.41,6.0,37,6.0,37,6.0,6.5775,7.35752276,42.0,6.726798657,5.862745273,4.615879059,10.0,7.312416667,3.661313331,4.632218476,3.966814677,0.941176471,5.847273267,5.675294642,63.0,8.491038007,7.544809967,8.912271557,2.719321107,7.568,6.08,0.0,6.242827391,128,3.326666667,10.01,8.48,7.6,5.6832,10.792,5.829955556,5.204946995,5.272221995,5.238584495,10.0,3.314737752,0.769230769,10.0,3.07563285,4.289900343,6.339610098,123.0,10.0,0.0,10.0,6.666666667,5.0,4.136606213,6.146547,10.0,8.273212426,10.0,2.325017445,6.554483298,4.803453287,4.222222222,8.81,3.307391703,5.285766803,2.669404383,8.30614502,0.0,3.658516468,5.541358309,134,6.23,99.0
2022,NPL,Nepal,South Asia,6.9,83.0,3.0,,,,6.03,4.31,9.33,2.29,5.0,10.0,0,7.5,9.94,1,9.79,7,7.33,7.01,8.08,8.71,8.52,9.53,7.4,8.48,6.67,7.57,6.74,6.67,6.7,9.02,7.86,7.82,7.5,6.67,6.67,6.94,9.45,9.96,9.61,9.68,8.16,8.15,10.0,0,9.16,1,9.58,7.0,6.27,8.11,8.92,7.69,7.6,5.0,7.78,3.33,6.66,10.0,10.0,10.0,0.0,,,7.5,10.0,6.88,7.16,85.0,9.114705882,9.01,8.188010899,7.15,8.262857143,21.08,5.0,36,5.0,36,5.0,7.175,7.548114785,33.0,4.974083667,4.25757352,4.802266401,,6.722,1.670608906,7.980079399,5.050608714,0.941176471,5.065317229,4.916337311,86.0,7.714268202,11.42865899,9.428859357,1.427851607,6.94,7.65,5.0,7.27078189,97,3.637747336,9.543378995,7.48,12.6,3.2968,16.758,4.804849112,2.430501779,7.944978809,5.187740294,10.0,2.753299004,0.0,10.0,3.212076425,3.991343857,5.995983316,132.0,8.0,10.0,10.0,9.333333333,5.833333333,3.799740913,5.599971612,10.0,2.599481826,10.0,4.622704387,6.065033153,3.54795297,7.111111111,6.1,4.137041961,5.22402651,5.391859456,8.979394124,7.5,7.29041786,6.978202714,50,6.54,86.0
2022,NLD,Netherlands,Western Europe,8.66,15.0,1.0,,,,7.83,8.02,9.76,0.81,10.0,10.0,0,10.0,10.0,0,9.95,1,9.72,9.47,9.88,9.82,9.27,9.83,9.56,9.55,10.0,9.78,9.77,10.0,9.89,9.37,9.63,7.9,10.0,,10.0,10.0,9.6,9.87,9.79,9.76,9.61,9.32,8.31,1,10.0,0,9.15,8.29,7.13,8.16,9.9,7.74,8.24,10.0,,10.0,9.35,10.0,10.0,10.0,7.5,,,10.0,10.0,9.38,9.33,13.0,0.908823529,36.91,2.942779292,26.4,9.96,15.14,3.0,50,3.0,50,3.0,7.775,4.917320564,154.0,8.097036532,8.652146201,9.238921007,10.0,9.28375,7.712906175,7.947613359,8.376147255,1.0,8.663565066,8.663565066,7.0,7.909871249,10.45064376,9.455178464,1.362053839,6.0,10.0,10.0,8.341262428,53,9.674270297,0.488594555,8.98,5.1,6.838,7.905,8.497423432,8.039769357,9.981656882,9.01071312,10.0,10.0,8.461538462,9.16,8.714129726,9.083917047,9.1480134,3.0,5.0,9.144349585,9.0,7.714783195,5.833333333,6.265346885,5.177204608,10.0,7.530693769,10.0,6.908225616,7.387829173,5.663424333,7.111111111,8.185,6.833045075,6.94814513,8.086481069,8.286935212,8.75,8.374472094,7.606307398,23,7.74,18.0
2022,NZL,New Zealand,Oceania,9.08,2.0,1.0,,,,8.33,8.22,9.24,2.6,10.0,10.0,0,10.0,10.0,0,10.0,0,9.72,9.86,9.94,9.59,9.73,9.94,9.93,9.87,10.0,9.93,9.89,10.0,9.95,9.85,9.9,9.25,10.0,,10.0,10.0,9.81,9.82,9.76,9.8,9.66,9.67,10.0,0,10.0,0,10.0,8.92,8.59,9.06,9.88,7.84,8.86,10.0,,10.0,9.71,10.0,10.0,10.0,10.0,,,10.0,10.0,10.0,9.58,5.0,3.947058824,26.58,5.269754768,17.86,9.062857143,18.28,6.0,39,6.0,39,6.0,7.685,6.392934147,97.0,8.635928969,8.788669765,9.046322505,10.0,8.250166667,8.058343919,9.900981545,9.337664843,1.0,9.002259777,9.002259777,2.0,9.256456581,3.717717094,8.943836817,2.640407958,7.132,7.17,10.0,8.83307335,19,8.886666667,1.67,9.62,1.9,8.9664,2.584,9.157688889,8.722515901,8.739651189,8.731083545,10.0,10.0,6.923076923,6.14,8.45490853,7.879496363,8.942067199,10.0,10.0,7.734440075,9.0,8.911480025,8.2,8.75,7.624967098,10.0,10,10.0,6.741587347,8.759507778,5.191193422,8.222222222,8.6875,9.215347147,7.829065698,9.99547271,9.398830235,9.466313149,9.620205365,8.780064716,2,8.39,4.0
2022,NIC,Nicaragua,Latin America & the Caribbean,5.27,143.0,4.0,,,,3.07,2.29,6.8,11.01,5.0,10.0,0,2.5,9.76,1,10.0,0,0.72,1.96,5.7,6.25,1.75,6.7,7.51,5.32,3.33,4.33,7.17,3.33,5.25,3.75,4.5,0.73,0.0,1.11,3.33,1.48,5.43,7.31,3.38,5.37,1.12,2.18,5.41,1,0.0,4,2.7,0.67,1.89,0.4,1.75,3.55,1.65,0.0,3.33,0.0,1.54,10.0,10.0,10.0,10.0,,,10.0,10.0,10.0,4.44,154.0,7.441176471,14.7,9.994550409,0.52,2.522857143,41.17,8.0,30,3.0,47,5.5,6.0375,6.299216804,105.0,2.779073943,1.833632587,3.289438019,3.333333333,2.252166667,3.216338274,6.969375277,3.795856238,1.0,3.433651792,3.433651792,139.0,9.305185548,3.474072262,9.080318077,2.299204808,5.812,10.47,10.0,8.549375906,41,9.6,0.6,8.88,5.6,7.1328,7.168,8.5376,6.997090603,6.071024572,6.534057588,10.0,7.5,5.384615385,8.83,4.38078165,6.523849259,7.898876712,62.0,10.0,10.0,9.0,9.666666667,5.833333333,5.629313462,5.527552763,2.0,6.258626923,10.0,5.05284076,5.757381034,3.321315447,3.111111111,1.0375,5.12346269,3.148347312,3.787729143,7.23902988,4.456506145,5.161088389,5.933370851,119,6.42,94.0
2022,NER,Niger,Sub-Saharan Africa,6.26,110.0,3.0,,,,6.5,3.86,8.71,4.44,10.0,8.83,456,2.5,0.0,353,5.69,121,7.43,8.88,6.19,7.45,8.55,9.56,9.35,9.15,6.67,7.91,8.31,10.0,9.16,7.75,8.45,7.94,5.0,5.56,6.67,5.74,9.22,9.72,8.63,9.19,7.97,7.71,10.0,0,10.0,0,10.0,8.63,6.32,6.76,7.92,8.73,7.67,5.0,5.56,3.33,6.31,10.0,10.0,10.0,0.0,,,0.0,9.8,4.95,6.66,99.0,5.95,19.77,9.839237057,1.09,4.888571429,32.89,7.0,35,3.0,46,5.0,6.2525,6.386061697,98.0,5.791658977,4.256666667,3.4139,3.333333333,5.302916667,5.552512896,7.321846757,3.877122503,0.470588235,4.856244725,3.57076818,134.0,9.092217608,4.53891196,9.383192343,1.542019142,8.308,4.23,0.0,6.695852488,113,3.819516225,9.270725662,7.6,12.0,7.072,7.32,6.163838742,5.0,4.377589308,4.688794654,10.0,3.314737752,0.769230769,2.05,2.5,2.15849213,5.752781381,142.0,10.0,6.033077508,5.0,7.011025836,3.333333333,4.940519423,,8.0,7.381038846,0.0,5.0,4.775815267,5.557690462,4.444444444,6.7525,5.176938483,5.482893347,6.764950593,9.262603743,5.0,7.009184779,6.069729807,111,5.7,131.0
2022,NGA,Nigeria,Sub-Saharan Africa,5.61,126.0,4.0,,,,5.54,3.82,3.68,21.74,0.0,0.0,1999,2.5,0.0,2102,6.62,801,3.4,3.74,2.32,3.0,8.37,9.74,9.28,9.13,3.33,6.23,7.91,3.33,5.62,8.63,7.13,7.38,2.5,5.56,3.33,3.8,9.34,9.46,8.77,9.19,6.93,6.82,9.85,1,9.65,3,9.75,8.02,4.9,6.82,8.0,7.56,7.06,5.0,4.44,6.67,6.58,0.0,0.0,0.0,5.0,,,2.5,8.49,4.0,5.37,125.0,9.918640733,6.276621508,9.867493736,0.986297988,10.0,12.06,9.0,24,5.0,38,7.0,7.13,8.783226894,4.0,4.931790109,3.003085639,3.527723404,3.333333333,4.349916667,3.991461306,4.55325891,2.169565774,0.882352941,3.732516893,3.512957076,137.0,7.879254199,10.603729,9.487703353,1.280741616,2.46,18.85,10.0,7.456739388,90,,,7.6,12.0,7.072,7.32,7.336,4.402682384,0.568788861,2.485735622,0.0,3.995798379,5.384615385,1.94,5.200071783,4.130121387,3.487964252,159.0,10.0,5.429784028,10.0,8.476594676,8.75,7.5,7.721912862,10.0,10,10.0,5.440286398,8.487457037,2.846655052,3.555555556,2.8,4.325554809,3.381941354,3.945911334,9.20322893,4.456506145,5.868548803,6.553635467,83,5.96,113.0
2022,MKD,North Macedonia,Eastern Europe,7.61,55.0,2.0,,,,6.16,5.05,9.75,0.86,10.0,10.0,0,7.5,10.0,0,10.0,0,6.94,8.39,8.98,9.36,8.98,9.51,9.02,9.17,10.0,9.59,8.96,6.67,7.81,8.86,8.34,7.59,7.5,8.89,10.0,8.8,7.97,9.92,7.87,8.59,8.62,8.4,10.0,0,10.0,0,10.0,6.64,5.64,7.05,9.79,5.67,6.96,7.5,6.67,6.67,7.56,10.0,10.0,10.0,10.0,,,7.5,10.0,9.38,8.24,49.0,6.370588235,18.34,4.21253406,21.74,7.382857143,24.16,10.0,10,7.0,35,8.5,7.79,6.851195888,71.0,3.719159954,3.157920837,4.653868278,,5.254,3.224384718,8.381146916,5.702985724,0.941176471,4.870495204,4.727245345,95.0,8.715280843,6.423595787,9.06093543,2.347661424,4.32,14.2,5.0,6.774054068,110,9.473333333,0.79,8.68,6.6,6.5944,8.514,8.249244444,3.7264057,9.614794532,6.670600116,10.0,5.190084238,3.076923077,8.08,7.5,5.961751829,7.720399097,65.0,10.0,8.137301131,9.0,9.045767044,7.366666667,7.440519423,5.743575097,8.0,7.381038846,10.0,5.943496823,7.410756694,3.307878972,8.222222222,4.2375,8.083045075,5.962661567,7.20412884,9.429105775,7.5,8.044411538,7.615899211,22,6.74,77.0
2022,NOR,Norway,Western Europe,8.73,12.0,1.0,,,,8.09,8.9,9.84,0.55,10.0,10.0,0,10.0,10.0,0,10.0,0,9.72,9.86,9.94,9.89,9.59,9.18,8.25,9.0,10.0,9.5,9.87,10.0,9.93,9.33,9.63,9.59,10.0,,10.0,10.0,9.67,9.87,9.35,9.63,9.75,9.74,10.0,0,10.0,0,10.0,9.71,8.81,9.6,9.89,9.32,9.47,10.0,,10.0,9.87,10.0,10.0,10.0,7.5,,,10.0,10.0,9.38,9.56,8.0,1.035294118,36.48,5.877384196,15.63,7.96,22.14,7.0,39,4.0,54,5.5,7.0775,5.490035663,139.0,8.457905151,8.609974725,8.967491388,10.0,9.4665,8.199509566,9.121524194,8.987615108,1.0,8.976315016,8.976315016,3.0,8.89141324,5.542933802,4.84876913,12.87807718,7.696,5.76,10.0,7.859045592,78,9.94,0.09,8.96,5.2,0.0368,24.908,6.312266667,7.706216971,9.85325506,8.779736015,10.0,10.0,4.615384615,9.16,8.325091203,8.025118955,8.279280409,48.0,10.0,10.0,5.0,8.333333333,6.116666667,7.5,4.732772112,6.0,10,0.0,6.433803638,5.826177488,4.747695923,6.888888889,9.61,7.5145634,7.190287053,8.087358189,9.132542647,6.25,7.823300279,7.293274538,34,7.58,28.0
2022,OMN,Oman,Middle East & North Africa,5.62,125.0,4.0,,,,5.47,5.47,9.92,0.26,10.0,10.0,0,7.5,10.0,0,10.0,0,5.77,7.95,8.75,9.33,7.95,8.68,5.7,7.44,6.67,7.05,6.45,3.33,4.89,5.56,5.23,1.92,2.5,1.11,3.33,2.31,0.56,2.15,,1.35,3.3,2.22,10.0,0,10.0,0,10.0,3.06,2.27,2.06,3.48,1.35,2.44,2.5,0.0,3.33,3.66,0.0,0.0,0.0,0.0,,,0.0,10.0,2.5,5.07,135.0,1.11791857,36.19907686,8.134859664,7.345065034,0.0,64.82,10.0,0,10.0,18,10.0,4.87,4.824555647,156.0,6.111631207,6.386714798,6.347355048,8.333333333,6.899916667,5.020178852,7.687546301,9.275440773,0.529411765,7.007764622,5.358878829,69.0,9.301149372,3.49425314,4.146308878,14.63422781,8.876,2.81,10.0,8.080864562,66,9.626666667,0.56,8.88,5.6,5.2288,11.928,7.911822222,6.358630203,8.564206547,7.461418375,10.0,8.450840414,3.846153846,0.54,5.125396252,4.490597628,7.465959556,72.0,10.0,0.0,7.0,5.666666667,6.95,6.25,7.147039572,2.0,,10.0,4.431640357,6.129779988,5.65994978,5.555555556,6.425,8.3688829,6.502347059,6.830840441,8.879311566,4.438561252,6.716237753,6.253757867,96,6.4,95.0
2022,PAK,Pakistan,South Asia,5.4,136.0,4.0,,,,4.43,3.58,8.78,4.21,5.0,9.08,388,2.5,7.67,322,7.49,646,3.7,5.74,5.88,7.33,6.51,7.84,5.23,6.53,3.33,4.93,3.56,3.33,3.44,7.9,5.67,5.98,7.5,2.22,3.33,4.35,8.7,9.31,7.09,8.37,6.39,6.27,9.47,4,9.88,1,9.68,4.84,3.12,6.68,5.01,6.65,5.26,2.5,2.22,3.33,4.6,0.0,10.0,5.0,2.5,,,0.0,10.0,4.38,5.25,131.0,8.555882353,10.91,9.219277683,3.365250904,8.782857143,19.26,7.0,35,7.0,35,7.0,6.665,8.044603436,18.0,5.30290904,3.363244335,4.592381039,2.5,4.8415,3.168131442,6.640190157,3.615026077,0.705882353,4.252922761,3.627492943,133.0,8.519658075,7.401709623,8.325425769,4.186435576,2.052,19.87,0.0,4.724270961,152,7.933333333,3.1,7.94,10.3,5.468,11.33,7.113777778,3.742962281,4.330786797,4.036874539,10.0,3.314737752,0.769230769,0.54,6.220639646,2.711152042,5.96545109,133.0,8.0,4.561824902,10.0,7.520608301,3.05,2.549740913,5.48427105,6.0,2.599481826,10.0,5.042282343,4.960825162,4.654199282,5.555555556,2.4325,4.663880305,4.326533786,4.88563316,8.866464621,4.438561252,6.063553011,5.717880065,129,5.62,134.0
2022,PAN,Panama,Latin America & the Caribbean,8.0,39.0,1.0,,,,6.94,4.82,6.71,11.32,10.0,10.0,0,7.5,10.0,0,10.0,0,8.65,9.5,9.38,8.04,9.24,8.59,9.71,9.18,10.0,9.59,9.65,6.67,8.16,9.85,9.0,7.89,10.0,6.67,10.0,8.89,9.76,9.9,9.16,9.61,8.78,8.79,10.0,0,10.0,0,10.0,8.75,6.01,6.03,9.88,6.04,7.34,7.5,6.67,6.67,7.64,10.0,10.0,10.0,10.0,,,10.0,10.0,10.0,8.27,48.0,5.846513225,20.12185504,8.457765668,6.16,10.0,10.8,9.0,25,4.0,42,6.5,7.56,7.672855778,29.0,4.720036104,4.733930234,6.671018203,8.333333333,5.49525,3.845536206,8.818731311,5.231597026,0.941176471,5.981179052,5.805262021,57.0,8.168101626,9.159491868,9.287460015,1.781349962,8.856,2.86,10.0,9.07789041,8,9.640125956,0.539811066,8.98,5.1,6.2056,9.486,8.275241985,6.686646143,8.899412948,7.793029546,10.0,10.0,10.0,10.0,7.600140969,9.400035242,8.867076693,14.0,8.0,7.770805188,10.0,8.590268396,3.616666667,4.564461124,5.985636712,4.0,4.128922248,10.0,4.612040123,5.272532411,3.948699237,5.555555556,6.61,3.963297401,5.019388048,8.061743727,9.202517653,6.25,7.838087127,6.680068995,73,7.62,23.0
2022,PNG,Papua New Guinea,Oceania,7.17,71.0,2.0,,,,5.84,5.84,7.09,10.0,10.0,10.0,0,7.5,10.0,0,10.0,0,6.77,8.25,8.93,8.01,8.0,9.87,8.05,8.64,10.0,9.32,9.28,10.0,9.64,9.86,9.75,9.25,7.5,7.78,6.67,7.31,9.25,9.85,8.99,9.36,9.38,8.83,10.0,0,10.0,0,10.0,8.7,5.14,6.76,9.79,7.48,7.57,7.5,7.78,6.67,7.9,0.0,10.0,5.0,5.0,,,5.0,10.0,6.25,7.99,62.0,3.49426815,28.11948829,7.479564033,9.75,7.520299416,23.67895204,4.0,42,4.0,42,4.0,6.0975,5.71832632,136.0,6.458700954,5.707004097,3.094,7.5,5.58275,3.0053038,6.929956467,0.798769777,0.823529412,4.884560637,4.453569992,108.0,9.573791524,-2.131042381,7.694622873,5.763442818,7.9,5.25,0.0,6.292103599,125,9.290666667,1.064,9.18,4.1,6.1624,9.594,8.211022222,5.0,6.254451861,5.62722593,10.0,3.995798379,6.153846154,7.0,5.0,5.537411133,7.343914821,78.0,10.0,4.57478026,7.0,7.19159342,7.633333333,7.253450769,,10.0,7.006901538,10.0,5.0,7.815614274,4.372890194,2.888888889,4.1,6.339834711,4.425403448,5.872984782,7.377868032,3.75,5.666950938,6.27489052,95,6.02,108.0
2022,PRY,Paraguay,Latin America & the Caribbean,7.24,67.0,2.0,,,,6.06,3.6,7.98,6.96,10.0,10.0,0,5.0,9.75,1,10.0,0,7.92,7.62,8.61,8.29,8.84,9.06,8.77,8.89,10.0,9.44,9.72,6.67,8.19,9.4,8.8,8.17,7.5,7.78,10.0,8.43,8.94,9.94,8.26,9.05,7.9,8.38,1.45,2,10.0,0,5.73,8.27,4.64,7.95,9.57,4.98,7.08,5.0,5.56,6.67,6.01,10.0,10.0,10.0,5.0,,,5.0,10.0,7.5,7.43,75.0,7.420588235,14.77,8.874659401,4.63,7.48,23.82,10.0,10,7.0,32,8.5,8.1525,8.085549527,17.0,4.594690374,3.29810175,5.134860674,2.5,4.761583333,3.287361815,8.538954848,2.67100056,1.0,4.348319169,4.348319169,113.0,8.917927491,5.410362546,8.795941695,3.010145763,6.092,9.77,10.0,8.451467296,47,9.113333333,1.33,8.08,9.6,6.7744,8.064,7.989244444,5.438785553,5.959785699,5.699285626,10.0,6.449562812,3.076923077,7.22,6.868930062,5.903853988,7.398096015,74.0,8.0,8.703230852,9.0,8.567743617,6.533333333,3.799740913,6.76245451,6.0,2.599481826,3.0,7.535052697,5.175723326,4.276913802,4.888888889,5.0125,5.381437298,4.889934997,7.082772068,8.944025175,7.5,7.842265748,6.618916922,80,6.98,62.0
2022,PER,Peru,Latin America & the Caribbean,7.62,54.0,2.0,,,,6.36,4.48,8.34,5.71,10.0,10.0,0,5.0,10.0,0,9.92,3,7.52,8.37,8.69,8.51,9.54,9.31,8.59,9.14,6.67,7.9,9.67,10.0,9.84,9.7,9.77,8.63,5.0,7.78,6.67,6.48,9.17,9.83,9.49,9.5,8.39,8.25,10.0,0,10.0,0,10.0,7.53,5.91,7.97,9.39,8.25,7.81,7.5,7.78,6.67,7.95,10.0,10.0,10.0,2.5,,,7.5,10.0,7.5,7.77,67.0,6.655882353,17.37,9.604904632,1.95,7.782857143,22.76,8.0,30,3.0,48,5.5,8.9925,7.707228826,26.0,4.935238234,3.295984315,5.329004896,5.833333333,5.7595,3.952953406,8.538483418,3.450851292,1.0,5.136918612,5.136918612,79.0,8.495939229,7.520303855,8.912106116,2.71973471,6.668,8.33,10.0,8.519011336,44,9.8,0.3,9.54,2.3,8.4912,3.772,9.277066667,7.754964828,6.648531903,7.201748366,10.0,10.0,8.461538462,4.85,6.489471567,7.450252507,8.482266885,37.0,8.0,8.566339477,10.0,8.855446492,5.156506145,4.769896365,7.509412765,10.0,7.03979273,10.0,6.360742648,7.262335808,2.552491823,6.444444444,5.825,4.792787559,4.903680957,6.017207048,8.681913108,8.75,7.816373385,7.209459161,39,7.41,43.0
2022,PHL,Philippines,South Asia,6.54,99.0,3.0,,,,5.22,3.39,8.72,4.41,5.0,8.72,266,2.5,5.88,280,7.65,297,2.92,3.07,5.11,6.91,6.63,9.17,8.85,8.22,6.67,7.44,9.35,6.67,8.01,8.34,8.17,7.59,7.5,5.56,3.33,5.46,8.8,8.03,7.5,8.11,5.95,6.78,6.29,14,9.35,3,7.82,5.09,3.67,5.28,7.95,5.62,5.52,2.5,3.33,3.33,4.5,10.0,10.0,10.0,0.0,,,5.0,10.0,6.25,6.21,113.0,6.908823529,16.51,8.523160763,5.92,8.828571429,19.1,7.0,35,7.0,32,7.0,7.8825,7.828611144,23.0,4.994396913,3.749413973,6.660062075,4.166666667,4.672833333,4.455467059,7.925068367,2.920228839,0.823529412,4.943017153,4.506868581,105.0,9.215555417,3.922222913,9.255483832,1.861290419,7.672,5.82,10.0,9.035759812,11,6.393333333,5.41,8.78,6.1,7.2672,6.832,7.480177778,6.746572256,5.086106878,5.916339567,10.0,4.732752442,0.769230769,10.0,5.195587675,5.174392722,7.142727517,87.0,8.0,6.815150451,10.0,8.271716817,6.383333333,5.008626923,6.988801162,10.0,2.517253846,10.0,6.336141825,6.747736727,3.32193176,4.888888889,3.62,6.541602587,4.593105809,5.924675099,8.958167558,4.438561252,6.44046797,6.513256831,87,7.01,59.0
2022,POL,Poland,Eastern Europe,7.72,51.0,2.0,,,,6.52,5.99,9.8,0.68,10.0,10.0,0,7.5,10.0,0,10.0,0,7.36,9.32,9.17,9.49,9.32,9.4,9.3,9.34,10.0,9.67,8.94,6.67,7.8,9.25,8.53,6.59,7.5,7.78,6.67,7.31,9.7,9.85,9.4,9.65,7.02,7.64,10.0,0,10.0,0,10.0,5.63,4.87,3.62,9.73,4.32,5.63,7.5,5.56,6.67,7.07,10.0,10.0,10.0,10.0,,,10.0,10.0,10.0,8.34,47.0,4.702941176,24.01,4.89373297,19.24,7.377142857,24.18,7.0,36,4.0,54,5.5,7.1025,5.915263401,125.0,4.596473818,5.5473815,6.318782568,10.0,6.250416667,4.707805066,7.349989567,6.790852451,1.0,6.445212705,6.445212705,42.0,8.697856221,6.510718896,8.558325473,3.604186317,4.228,14.43,5.0,6.621045423,115,9.674270297,0.488594555,8.98,5.1,6.838,7.905,8.497423432,7.085069721,9.981656882,8.533363302,10.0,7.254201472,2.307692308,9.16,8.128211101,6.71252622,8.435828238,40.0,5.0,9.060443649,7.0,7.020147883,5.283333333,6.377588077,7.42885987,8.0,7.755176154,10.0,5.865808924,7.244395194,3.144580523,7.555555556,6.59,5.62804248,5.72954464,7.165761621,8.684446821,6.25,7.366736147,6.840205966,59,6.85,70.0
2022,PRT,Portugal,Western Europe,8.57,20.0,1.0,,,,7.22,6.62,9.77,0.8,10.0,10.0,0,10.0,10.0,0,10.0,0,7.67,9.4,9.58,9.67,8.94,9.92,9.41,9.42,10.0,9.71,9.79,10.0,9.9,9.87,9.88,7.86,10.0,,10.0,10.0,9.67,9.15,9.77,9.53,9.35,9.18,10.0,0,10.0,0,10.0,9.07,8.28,9.53,9.93,8.8,9.12,10.0,,10.0,9.78,10.0,10.0,10.0,10.0,,,10.0,10.0,10.0,9.27,17.0,5.447058824,21.48,4.673024523,20.05,10.0,11.86,4.0,53,1.0,66,2.5,8.355,6.195016669,112.0,7.183927514,5.724949551,8.269160588,10.0,8.196666667,4.48496882,7.411415593,7.736016114,1.0,7.375888106,7.375888106,25.0,7.71855945,11.40720275,9.395589322,1.511026696,6.868,7.83,10.0,8.495537193,45,9.674270297,0.488594555,8.98,5.1,6.838,7.905,8.497423432,7.419045369,9.981656882,8.700351126,10.0,10.0,6.153846154,9.16,8.544920285,8.46469161,8.915616542,12.0,5.0,9.826814036,9.0,7.942271345,3.616666667,6.019896365,6.054810683,6.0,7.03979273,10.0,7.032723029,6.537698496,3.481493792,6.666666667,7.09,6.138066834,5.844056823,8.067983514,8.307592856,6.25,7.54185879,6.966471364,51,7.59,27.0
2022,QAT,Qatar,Middle East & North Africa,5.41,134.0,4.0,,,,4.63,4.63,9.9,0.33,5.0,10.0,0,10.0,10.0,0,10.0,0,6.32,8.68,8.57,9.24,6.68,7.37,2.77,5.61,3.33,4.47,2.7,3.33,3.02,5.16,4.09,1.75,2.5,1.11,0.0,1.2,0.13,3.17,,1.65,4.38,2.25,10.0,0,10.0,0,10.0,1.29,1.21,2.0,5.99,0.4,2.18,2.5,3.33,3.33,4.27,0.0,0.0,0.0,0.0,,,0.0,10.0,2.5,4.49,153.0,0.064705882,39.78,9.613647987,1.917911886,,,10.0,0,10.0,14,10.0,3.595,5.818338467,132.0,6.037791958,6.585474979,7.057220481,6.666666667,6.659416667,4.928214755,9.882487391,8.960332473,0.529411765,7.097200671,5.427271102,67.0,9.798088648,1.00955676,2.898923844,17.75269039,8.0,5.0,10.0,7.674253123,83,9.313333333,1.03,9.06,4.7,7.5372,6.157,8.636844444,7.065616052,7.473910658,7.269763355,10.0,8.75,4.615384615,9.27,7.921292385,7.63916925,8.386444262,43.0,5.0,10.0,5.0,6.666666667,7.5,4.100016195,7.404619853,4.0,4.819637278,3.0,5.889134407,5.244772533,6.605203152,7.333333333,4.63,8.520208807,6.772186323,6.16141827,9.492358557,2.940197556,6.197991461,6.220404246,97,6.71,78.0
2022,ROU,Romania,Eastern Europe,8.03,37.0,1.0,,,,6.73,5.96,9.63,1.26,10.0,10.0,0,10.0,10.0,0,10.0,0,8.26,9.83,9.73,9.68,8.83,8.83,9.16,8.94,10.0,9.47,8.24,6.67,7.45,9.73,8.59,8.06,10.0,8.89,6.67,8.52,9.53,8.58,9.01,9.04,9.0,8.65,10.0,0,10.0,0,10.0,7.46,5.45,7.01,9.91,5.63,7.09,7.5,6.67,6.67,7.59,10.0,10.0,10.0,7.5,,,10.0,10.0,9.38,8.47,43.0,5.611764706,20.92,6.373297003,13.81,8.737142857,19.42,10.0,10,4.0,45,7.0,7.25,6.994440913,63.0,6.168800677,5.182564135,6.786727905,8.333333333,6.220416667,5.019172499,9.298636448,7.046701511,1.0,6.757044147,6.757044147,37.0,8.518748411,7.406257947,8.522001119,3.694997201,4.48,13.8,10.0,7.880187383,77,9.674270297,0.488594555,8.98,5.1,6.838,7.905,8.497423432,7.347199425,9.966982388,8.657090907,10.0,8.151680529,3.846153846,9.16,6.881296436,7.009782703,8.54107426,32.0,8.0,5.834931352,9.0,7.611643784,4.45,8.75,6.929828327,8.0,10,10.0,6.989194553,7.874146126,3.325608572,5.333333333,6.5825,7.836439893,5.769470449,6.088801656,6.674731329,6.25,6.337844328,6.898276172,54,7.41,43.0
2022,RUS,Russian Federation,Eastern Europe,5.35,139.0,4.0,,,,4.28,3.12,8.02,6.8,0.0,10.0,0,5.0,9.93,6,9.93,11,2.54,2.39,5.68,6.85,6.16,7.4,8.92,7.49,3.33,5.41,5.68,3.33,4.51,4.9,4.7,1.38,0.0,2.22,0.0,0.74,5.68,8.63,4.4,6.23,1.15,2.38,10.0,0,0.32,57,5.16,1.94,2.23,0.41,3.61,2.31,2.1,0.0,3.33,0.0,2.12,10.0,10.0,10.0,10.0,,,10.0,10.0,10.0,4.94,141.0,3.888235294,26.78,5.29972752,17.75,8.02,21.93,10.0,15,7.0,31,8.5,4.55,6.051592563,118.0,4.259797896,3.198832706,4.174390486,5.833333333,4.19075,4.224099771,9.702539551,4.453869712,0.882352941,5.004701682,4.710307465,96.0,7.813334433,10.93332783,6.927171641,7.682070897,4.492,13.77,10.0,7.308126519,95,6.62835249,5.057471264,8.68,6.6,7.0168,7.458,7.441717497,4.284841388,6.926463913,5.60565265,8.152610442,2.43648364,1.538461538,6.14,2.734318591,3.212315942,6.103074133,129.0,5.0,10.0,9.0,8.0,4.438561252,7.45823153,7.816727957,6.0,8.503450769,3.0,4.341991992,5.936994786,3.703738053,0.0,3.15,5.358858546,3.05314915,3.686177849,8.23436022,2.58320696,4.834581676,5.456181403,136,5.93,119.0
2022,RWA,Rwanda,Sub-Saharan Africa,5.87,121.0,3.0,,,,4.28,5.35,8.96,3.59,5.0,10.0,0,7.5,9.5,4,9.8,3,2.24,1.94,6.57,7.76,2.79,5.99,5.13,4.64,6.67,5.65,7.38,6.67,7.02,4.07,5.55,2.31,0.0,2.22,3.33,1.85,6.13,7.47,3.18,5.59,3.98,3.43,10.0,0,0.0,20,5.0,1.69,1.91,5.74,6.62,3.92,3.98,0.0,2.22,3.33,2.91,10.0,10.0,10.0,2.5,,,7.5,10.0,7.5,5.45,124.0,6.264705882,18.7,8.833787466,4.78,0.571428571,48.0,8.0,30,5.0,36,6.5,2.555,4.944984384,153.0,4.496588496,5.108962694,5.525901149,,4.757,4.903040365,9.834834214,6.804876784,1.0,5.918743386,5.918743386,52.0,8.206457881,8.967710597,7.361599334,6.596001665,2.924,17.69,10.0,7.123014304,102,8.526666667,2.21,7.36,13.2,4.72,13.2,6.868888889,5.468643109,5.722147791,5.59539545,10.0,6.228550971,8.461538462,10.0,5.808448394,7.624634457,7.522229699,71.0,5.0,4.770715599,9.0,6.2569052,8.75,6.003450769,6.8628335,10.0,7.006901538,10.0,5.411510468,7.719242325,6.145699818,7.333333333,4.8575,6.992777977,6.332327782,6.842983468,9.316923574,3.877122503,6.679009848,6.746871289,67,6.45,92.0
2022,SAU,Saudi Arabia,Middle East & North Africa,4.8,155.0,4.0,,,,3.58,3.58,9.76,0.83,5.0,10.0,0,2.5,9.91,2,9.67,13,1.51,2.35,5.85,7.8,3.89,8.31,3.44,5.21,3.33,4.27,0.85,0.0,0.42,2.88,1.65,0.92,0.0,1.11,0.0,0.37,0.1,1.41,,0.76,3.14,1.3,9.12,1,0.0,93,4.56,2.37,0.96,0.96,5.12,1.08,2.1,0.0,0.0,0.0,1.33,0.0,0.0,0.0,0.0,,,0.0,10.0,2.5,3.2,163.0,0.95,36.77,7.792915531,8.6,10.0,14.84,10.0,0,10.0,20,10.0,3.145,6.377583106,99.0,5.384426717,4.854001786,7.693123818,8.333333333,6.516666667,4.820085329,9.971651144,9.371370474,0.882352941,7.118082408,6.699371679,39.0,9.788127062,1.059364689,5.804415953,10.48896012,9.012,2.47,10.0,8.651135754,36,9.133333333,1.3,8.74,6.3,0.0964,24.759,5.989911111,6.840964556,7.410658349,7.125811453,10.0,6.461533267,0.769230769,6.03,5.532544824,4.698327215,6.953512445,98.0,5.0,7.565263229,10.0,7.52175441,6.105227918,4.132531444,7.733534177,6.0,4.387940385,10.0,3.597978155,5.99388744,6.126119295,5.777777778,3.8025,9.417115024,6.280878024,6.151775575,9.285174215,2.940197556,6.125715782,6.480558914,89,7.03,58.0
2022,SEN,Senegal,Sub-Saharan Africa,6.73,88.0,3.0,,,,7.07,4.97,7.86,7.38,10.0,10.0,0,7.5,10.0,0,10.0,0,8.29,8.96,9.25,8.55,9.7,9.88,9.27,9.62,6.67,8.14,8.9,10.0,9.45,9.3,9.38,9.13,2.5,6.67,3.33,4.17,8.99,9.85,6.94,8.59,8.75,7.66,10.0,0,8.59,1,9.29,9.08,6.08,7.25,8.32,8.01,7.75,5.0,6.67,6.67,7.07,0.0,0.0,0.0,7.5,,,5.0,7.48,5.0,7.25,80.0,5.958823529,19.74,8.779291553,4.98,8.337142857,20.82,5.0,43,5.0,43,5.0,7.095,7.034051588,61.0,5.046467409,4.252763519,5.131745435,4.166666667,5.965,2.927124421,6.891281478,5.96022288,0.647058824,5.042658976,4.15277798,121.0,8.21791775,8.91041125,8.875976651,2.810058373,6.12,9.7,0.0,5.8034736,139,7.58,3.63,7.6,12.0,7.072,7.32,7.417333333,5.230819782,6.230782833,5.730801307,10.0,3.772069548,0.769230769,6.36,6.121451231,4.255687887,6.850955632,101.0,10.0,7.951978647,5.0,7.650659549,2.5,6.096985096,6.429123083,4.0,7.193970192,0.0,6.852059364,4.724591105,4.50160861,5.111111111,6.43,3.918460095,4.990294954,8.015166097,8.018307882,5.0,7.011157993,6.0941759,108,5.99,110.0
2022,SRB,Serbia,Eastern Europe,7.08,75.0,2.0,,,,6.91,4.59,9.7,1.02,10.0,10.0,0,5.0,10.0,0,10.0,0,8.33,8.82,8.88,9.29,8.69,9.42,9.38,9.16,6.67,7.91,9.17,6.67,7.92,9.52,8.72,6.74,5.0,6.67,3.33,5.0,8.06,9.82,7.12,8.33,6.65,6.68,10.0,0,10.0,0,10.0,8.21,3.95,0.57,9.29,3.34,5.07,5.0,4.44,3.33,5.57,10.0,10.0,10.0,7.5,,,7.5,10.0,8.75,7.36,78.0,6.129411765,19.16,3.929155313,22.78,5.72,29.98,10.0,15,6.0,38,8.0,7.3625,6.228213416,110.0,5.375465099,3.768005009,4.928062956,6.666666667,5.886916667,3.375613947,8.521675946,5.060174863,1.0,5.447822644,5.447822644,65.0,8.010536096,9.947319522,8.583326392,3.54168402,5.208,11.98,5.0,6.700465622,112,9.533333333,0.7,8.54,7.3,7.1968,7.008,8.423377778,6.630717118,9.747456616,8.189086867,10.0,5.914663591,1.538461538,8.51,6.565137108,5.632065559,8.061132551,57.0,8.0,7.894406413,10.0,8.631468804,3.616666667,7.502875641,6.790312132,10.0,7.505751282,10.0,5.117615064,7.219031541,3.485560417,6.444444444,7.1925,6.236148441,5.839663325,5.378128558,9.294236181,5.0,6.557454913,7.061904646,48,6.7,79.0
2022,SYC,Seychelles,Sub-Saharan Africa,8.01,38.0,1.0,,,,8.0,8.0,8.63,4.7,10.0,10.0,0,,10.0,0,10.0,0,8.63,8.4,9.5,9.07,9.63,9.86,9.86,9.78,6.67,8.23,9.68,10.0,9.84,9.76,9.8,7.58,7.5,,6.67,7.08,9.27,9.88,8.97,9.37,8.17,8.05,10.0,0,10.0,0,10.0,9.42,7.64,8.98,7.82,6.41,8.05,7.5,,6.67,8.05,10.0,10.0,10.0,10.0,,,10.0,10.0,10.0,8.74,35.0,0.0,41.99,7.536784741,9.54,0.0,60.75,8.0,30,8.0,30,8.0,5.4725,4.201856948,163.0,6.418103709,5.653046191,5.597396692,,8.8205,4.571429773,7.075346502,6.178099712,0.941176471,6.330560368,6.144367416,48.0,8.890444423,5.547777886,8.140071136,4.649822159,8.948,2.63,10.0,8.99462889,14,9.533333333,0.7,9.5,2.5,5.76,10.6,8.264444444,7.933629751,5.327120117,6.630374934,10.0,8.75,8.461538462,10.0,6.733156045,8.486173627,8.345248251,46.0,5.0,4.398714444,10.0,6.466238148,6.95,6.266580304,5.822590192,8.0,7.533160609,10.0,6.482154926,7.293498004,5.170442263,5.777777778,8.595,8.273603625,6.954205917,6.586041289,9.075986107,8.75,8.137342465,7.212821134,38,6.98,62.0
2022,SLE,Sierra Leone,Sub-Saharan Africa,6.34,106.0,3.0,,,,6.58,3.81,9.38,2.14,10.0,10.0,0,7.5,10.0,0,10.0,0,6.8,6.91,8.74,9.06,9.27,9.8,8.97,9.35,6.67,8.01,9.6,6.67,8.13,9.76,8.95,7.73,2.5,5.56,6.67,4.91,9.62,9.73,7.81,9.05,9.05,7.69,10.0,0,10.0,0,10.0,7.85,6.49,9.1,9.13,7.18,7.95,5.0,5.56,6.67,7.03,0.0,10.0,5.0,2.5,,,5.0,1.7,3.55,6.87,95.0,8.714705882,10.37,10.0,0.14,4.48,34.32,8.0,30,5.0,40,6.5,7.3125,7.401441176,39.0,5.14506216,3.701143893,4.598840781,4.166666667,6.0145,3.34165328,5.457303585,4.565505385,0.941176471,4.623834469,4.487839337,106.0,6.674464523,16.62767739,7.064578865,7.338552838,0.0,27.21,5.0,4.684760847,154,7.64,3.54,7.6,12.0,7.072,7.32,7.437333333,4.700501958,4.233570023,4.467035991,10.0,3.314737752,0.0,10.0,5.11939764,4.608533848,6.628225793,111.0,2.0,0.0,8.0,3.333333333,4.166666667,2.5,,8.0,0,10.0,5.106647809,4.962219079,2.819643418,3.333333333,7.245,5.577600511,4.743894316,6.166008451,7.911943007,3.75,5.942650486,4.745524304,151,5.59,137.0
2022,SGP,Singapore,South Asia,7.85,43.0,2.0,,,,7.12,7.44,9.97,0.12,10.0,10.0,0,10.0,10.0,0,10.0,0,8.34,9.75,9.73,9.85,8.29,9.16,9.22,8.89,6.67,7.78,8.18,6.67,7.42,7.35,7.39,3.31,2.5,2.22,3.33,2.69,7.33,9.33,8.93,8.53,5.98,5.13,10.0,0,10.0,0,10.0,5.06,3.54,3.16,7.47,2.02,4.25,2.5,2.22,3.33,4.46,10.0,10.0,10.0,10.0,,,7.5,10.0,9.38,7.35,79.0,4.373529412,25.13,9.081743869,3.87,9.188571429,17.84,10.0,22,10.0,22,10.0,3.97,7.322768942,47.0,6.530006059,7.492429358,9.472179413,8.333333333,8.300916667,8.553673827,8.961690843,9.59405303,1.0,8.404785316,8.404785316,11.0,9.080700659,4.596496707,8.203018414,4.492453964,7.552,6.12,10.0,8.708929768,31,10.0,0.0,10.0,0.0,10.0,0.0,10.0,9.182021221,9.204735593,9.193378407,10.0,10.0,6.923076923,10.0,9.265505075,9.0471455,9.560130977,2.0,10.0,10.0,10.0,10.0,8.75,8.75,8.388528028,10.0,10,0.0,5.586643986,7.353596002,7.439484597,9.555555556,9.5675,9.641301553,9.050960426,8.111943354,9.994027677,7.5,8.535323677,8.734970026,3,8.55,2.0
2022,SVK,Slovak Republic,Eastern Europe,8.2,35.0,1.0,,,,7.55,6.45,9.78,0.74,10.0,10.0,0,7.5,10.0,0,10.0,0,8.31,9.1,9.27,9.53,9.75,9.86,9.81,9.81,10.0,9.9,8.59,6.67,7.63,9.81,8.72,7.64,10.0,10.0,10.0,10.0,9.75,9.81,9.77,9.78,8.7,9.03,4.55,1,10.0,0,7.27,9.51,7.19,9.04,8.62,9.6,8.79,7.5,8.89,6.67,7.82,10.0,10.0,10.0,10.0,,,10.0,10.0,10.0,8.78,32.0,4.376470588,25.12,4.596730245,20.33,9.997142857,15.01,9.0,25,2.0,52,5.5,8.175,6.529068738,86.0,5.61631798,5.092827845,6.594503721,10.0,6.994583333,4.377197164,9.688162581,5.742776195,1.0,6.763296102,6.763296102,36.0,7.922915715,10.38542143,9.074867481,2.312831297,4.892,12.77,10.0,7.972445799,72,9.674270297,0.488594555,8.98,5.1,6.838,7.905,8.497423432,6.804233392,9.981656882,8.392945137,10.0,8.1302315,3.846153846,9.16,8.940989375,7.51934368,8.602428062,29.0,10.0,6.422752031,9.0,8.474250677,5.283333333,7.627588077,6.590746243,8.0,7.755176154,10.0,5.625195503,7.268862759,2.307816347,7.333333333,7.9175,6.423904659,5.995638585,6.687662806,6.025423484,7.100137018,6.604407769,7.085789947,46,7.39,45.0
2022,SVN,Slovenia,Eastern Europe,8.26,28.0,1.0,,,,7.83,7.2,9.82,0.61,10.0,10.0,0,7.5,10.0,0,10.0,0,9.21,9.73,9.49,9.66,9.69,9.79,9.74,9.74,10.0,9.87,9.55,10.0,9.77,9.78,9.77,7.78,10.0,7.78,10.0,9.26,9.8,9.81,9.6,9.74,9.63,9.1,10.0,0,10.0,0,10.0,8.24,4.98,5.51,9.93,6.93,7.12,5.0,6.67,10.0,7.76,10.0,10.0,10.0,10.0,,,10.0,10.0,10.0,9.05,23.0,3.964705882,26.52,4.754768392,19.75,7.142857143,25.0,5.0,45,1.0,63,3.0,6.86,5.144466284,148.0,6.020753053,5.942843758,6.78400596,9.166666667,7.16425,5.864166048,8.322423785,7.930300141,0.941176471,7.149426176,6.939148936,32.0,7.929314625,10.35342688,9.186434139,2.033914653,6.468,8.83,10.0,8.395937191,52,9.674270297,0.488594555,8.98,5.1,6.838,7.905,8.497423432,7.141573032,9.981656882,8.561614957,10.0,8.504201472,3.076923077,9.16,6.240342558,6.745366777,8.451101291,39.0,5.0,8.71735985,9.0,7.572453283,3.616666667,5.754854287,6.069653828,8.0,8.129313462,10.0,4.681956768,6.607492145,2.654631535,7.555555556,8.3225,7.444113467,6.494200139,6.782853813,6.877391184,5.706506145,6.455583714,6.78243232,64,7.14,54.0
2022,SOM,Somalia,Sub-Saharan Africa,4.67,158.0,4.0,,,,3.4,3.4,8.75,4.31,5.0,0.0,2154,0.0,0.0,885,0.0,569,2.47,1.58,1.29,5.02,7.33,6.79,4.48,6.2,3.33,4.77,3.17,3.33,3.25,4.64,3.95,3.9,2.5,1.11,3.33,2.31,8.7,9.36,6.45,8.17,6.35,5.18,0.0,9,3.92,4,1.96,3.11,3.74,1.17,9.03,4.96,4.4,2.5,1.11,3.33,2.66,0.0,0.0,0.0,0.0,,,5.0,0.08,1.27,3.75,159.0,10.0,5.38,9.768392371,1.35,,,7.0,35,,,7.0,8.03,8.699598093,9.0,4.627666667,0.827,0.885,1.666666667,1.876916667,0.0,5.99,0.0,0.647058824,1.98415625,1.634011029,165.0,,,8.992468082,2.518829796,7.284,6.79,10.0,8.758822694,27,8.805774278,1.791338583,6.88,15.6,6.5056,8.736,7.397124759,0.0,5.06776959,2.533884795,10.0,0.0,10.0,10.0,2.5,5.625,6.389002389,121.0,,,,,7.5,5.008626923,,8.0,2.517253846,10.0,2.5,5.920980128,,0.0,2.5925,0.0,0.864166667,4.544214415,,7.5,6.022107207,4.269084667,160,5.95,116.0
2022,ZAF,South Africa,Sub-Saharan Africa,7.1,73.0,2.0,,,,6.69,5.61,0.0,41.87,10.0,10.0,0,5.0,9.8,7,9.95,3,8.11,6.46,8.47,4.24,9.18,9.61,8.91,9.23,6.67,7.95,9.51,6.67,8.09,8.87,8.48,9.33,10.0,7.78,10.0,9.26,9.85,9.91,8.46,9.41,8.02,9.0,10.0,0,10.0,0,10.0,8.6,5.35,8.23,9.67,6.96,7.76,7.5,7.78,6.67,7.94,10.0,10.0,10.0,7.5,,,7.5,10.0,8.75,7.42,76.0,4.95,23.17,8.588555858,5.68,5.297142857,31.46,5.0,45,4.0,46,4.5,7.5,6.167139743,115.0,7.160504967,5.575091471,5.075900952,8.333333333,5.165416667,5.446172824,6.935627639,2.516405612,1.0,5.776056683,5.776056683,59.0,8.599765178,7.00117411,9.619527557,0.951181108,7.184,7.04,5.0,7.600823184,85,8.873333333,1.69,8.48,7.6,4.984,12.54,7.445777778,6.470175187,4.677539666,5.573857426,10.0,3.772069548,0.769230769,7.97,6.748666168,4.814991621,6.958656706,97.0,10.0,6.819043608,10.0,8.939681203,5.283333333,6.636606213,4.105019172,8.0,8.273212426,10.0,4.528987607,6.689594107,3.355523745,3.777777778,7.195,7.573020721,5.475330561,5.304309458,8.387896684,3.75,5.814068714,6.729668646,68,6.65,81.0
2022,ESP,Spain,Western Europe,8.34,26.0,1.0,,,,8.39,7.35,9.8,0.68,10.0,10.0,0,7.5,10.0,0,10.0,0,9.37,9.82,9.53,9.66,9.82,9.73,9.82,9.79,10.0,9.89,9.2,6.67,7.93,9.91,8.92,9.47,7.5,,6.67,7.08,9.75,9.85,9.75,9.78,9.79,9.03,10.0,0,10.0,0,10.0,9.04,6.95,8.55,9.57,8.31,8.48,7.5,,6.67,8.16,10.0,10.0,10.0,10.0,,,7.5,10.0,9.38,8.91,30.0,4.014705882,26.35,3.433242507,24.6,10.0,13.79,5.0,47,5.0,47,5.0,7.8,6.049589678,119.0,6.894264672,6.044514595,8.153623343,8.333333333,8.251666667,5.191988207,7.749171365,8.178927103,1.0,7.349686161,7.349686161,27.0,7.570298755,12.14850622,9.483494056,1.291264859,6.644,8.39,10.0,8.424448203,51,9.674270297,0.488594555,8.98,5.1,6.838,7.905,8.497423432,7.052555084,9.981656882,8.517105983,10.0,10.0,3.076923077,9.16,8.381389777,7.654578214,8.667276907,28.0,10.0,6.88607104,9.0,8.628690347,4.45,5.033160609,6.795148055,8.0,5.066321217,10.0,6.613719861,6.565478535,3.13987414,6.0,8.895,6.698533158,6.183351824,7.380198839,8.513342354,6.25,7.381180398,7.189675276,41,7.54,30.0
2022,LKA,Sri Lanka,South Asia,6.11,114.0,3.0,,,,5.86,4.13,8.99,3.48,5.0,10.0,0,5.0,10.0,0,10.0,0,5.71,6.32,7.43,8.21,7.67,9.13,8.72,8.51,6.67,7.59,7.95,6.67,7.31,9.17,8.24,5.08,5.0,5.56,3.33,4.63,9.6,9.79,8.78,9.39,4.8,5.97,10.0,0,8.9,1,9.45,4.94,4.79,6.03,7.05,6.42,5.84,5.0,6.67,6.67,6.72,0.0,0.0,0.0,2.5,,,0.0,10.0,3.13,6.28,112.0,8.723529412,10.34,9.21253406,3.39,8.485714286,20.3,10.0,18,10.0,20,10.0,7.3525,8.754855551,7.0,5.840524634,5.332378893,4.707257524,5.0,6.143166667,1.807321723,7.586502428,4.967242082,0.882352941,5.173049244,4.868752229,87.0,8.24127575,8.79362125,2.01886814,19.95282965,0.0,49.72,0.0,2.565035973,161,7.96,3.06,8.82,5.9,5.5396,11.151,7.439866667,5.609496804,6.232558525,5.921027665,10.0,3.314737752,0.0,10.0,5.199964841,4.628675648,6.997392495,96.0,5.0,7.209256443,10.0,7.403085481,7.5,2.5,6.292276382,8.0,0,10.0,4.783725341,5.58228596,3.375810385,5.555555556,4.6625,5.526998443,4.780216096,6.163119723,9.516467803,5.0,6.893195842,6.164695845,103,5.87,123.0
2022,SDN,Sudan,Sub-Saharan Africa,4.05,161.0,4.0,,,,3.74,3.07,8.5,5.16,5.0,9.63,31,0.0,4.12,160,6.91,157,1.35,2.68,4.24,6.37,5.35,6.83,5.91,6.03,3.33,4.68,4.9,3.33,4.12,4.79,4.45,4.73,0.0,5.56,3.33,2.96,6.2,6.11,7.17,6.5,5.06,4.81,10.0,0,10.0,0,10.0,2.0,3.55,4.95,5.29,6.8,4.52,2.5,4.44,0.0,4.29,0.0,0.0,0.0,0.0,,,0.0,1.34,0.34,4.0,158.0,6.373529412,18.33,9.419618529,2.63,10.0,7.16,10.0,15,7.0,34,8.5,5.9075,8.040129588,19.0,3.778324596,2.942423259,2.45455,0.833333333,3.444166667,1.898463602,8.937459171,0.798769777,0.294117647,3.135936301,2.029135253,163.0,0.0,67.98137787,0.0,81.95004303,0.0,138.81,5.0,1.25,163,5.446666667,6.83,5.68,21.6,3.8656,15.336,4.997422222,2.5,0.917159763,1.708579882,10.0,4.816017335,6.153846154,0.97,5.0,4.234965872,5.235241994,149.0,,6.79256383,0.0,3.396281915,5.416666667,3.758626923,,8.0,2.517253846,0.0,2.5,3.698757906,3.686703245,4.0,2.895,6.491160618,4.268215966,4.05211254,6.755216137,2.940197556,4.582508744,3.986441133,162,4.11,163.0
2022,SUR,Suriname,Latin America & the Caribbean,7.29,66.0,2.0,,,,6.69,4.71,7.88,7.28,10.0,10.0,0,,10.0,0,10.0,0,8.13,9.03,9.53,8.7,9.38,9.86,9.54,9.59,10.0,9.8,9.67,10.0,9.83,9.83,9.83,9.53,10.0,,6.67,8.33,9.66,9.81,8.9,9.46,9.71,9.26,10.0,0,10.0,0,10.0,8.68,5.78,7.82,9.58,5.96,7.56,7.5,,6.67,7.93,10.0,10.0,10.0,,,,,10.0,10.0,8.6,41.0,6.435513611,18.11925372,8.584782918,5.693846691,7.837786381,22.56774767,5.0,38,5.0,40,5.0,5.5825,6.688116582,76.0,5.854820624,4.508613808,4.378026595,5.0,5.56925,1.372878769,4.462935506,4.122749678,0.941176471,4.408659373,4.278992921,117.0,3.381476577,33.09261712,1.403421094,21.49144726,0.0,52.45,10.0,3.696224418,158,8.386666667,2.42,7.92,10.4,6.1312,9.672,7.479288889,5.781430913,6.833151018,6.307290966,10.0,3.314737752,0.0,1.72,5.914663591,2.737350336,6.630982548,109.0,8.0,3.94265286,5.0,5.647550953,6.533333333,6.003450769,,10.0,7.006901538,10.0,5.321575,7.47754344,2.903326551,3.333333333,5.81,5.134672016,4.295332975,5.071284115,7.281431046,7.5,6.617571721,6.009499772,116,5.46,141.0
2022,SWE,Sweden,Western Europe,8.8,7.0,1.0,,,,8.94,8.59,9.68,1.1,10.0,10.0,0,10.0,10.0,0,9.83,2,9.8,9.88,9.93,9.8,9.75,9.86,9.66,9.76,10.0,9.88,9.85,10.0,9.92,9.89,9.91,8.75,10.0,,10.0,10.0,9.89,9.94,9.71,9.85,9.86,9.61,10.0,0,10.0,0,10.0,9.76,7.85,9.48,9.94,8.95,9.2,10.0,,10.0,9.8,10.0,10.0,10.0,10.0,,,10.0,10.0,10.0,9.66,2.0,1.079411765,36.33,5.302452316,17.74,9.234285714,17.68,2.0,52,0.0,63,1.0,7.7575,4.874729959,155.0,8.224922283,8.140944552,8.768526316,9.166666667,8.545666667,7.409133204,8.454247017,7.911234325,1.0,8.327667629,8.327667629,12.0,8.803206465,5.983967674,9.337395466,1.656511334,6.652,8.37,10.0,8.698150483,34,9.674270297,0.488594555,8.98,5.1,6.838,7.905,8.497423432,7.266025543,9.93130221,8.598663877,10.0,10.0,3.076923077,9.16,8.799596429,7.759129876,8.713804296,23.0,10.0,10.0,4.0,8.0,6.290665129,7.048769777,4.298594793,6.0,10,5.0,5.619683834,6.322530505,4.588801067,6.666666667,9.8025,8.066231085,7.281049705,8.055049886,9.007833887,7.5,8.187627924,7.447802033,28,7.61,25.0
2022,CHE,Switzerland,Western Europe,9.14,1.0,1.0,,,,8.66,8.66,9.86,0.49,10.0,10.0,0,10.0,9.81,1,9.79,2,9.54,9.81,9.85,9.85,9.51,9.75,9.7,9.65,10.0,9.83,9.32,10.0,9.66,9.49,9.58,9.24,10.0,,10.0,10.0,9.89,9.78,9.73,9.8,9.81,9.71,10.0,0,10.0,0,10.0,9.6,9.53,9.74,9.92,9.72,9.7,10.0,,10.0,9.93,10.0,10.0,10.0,10.0,,,10.0,10.0,10.0,9.65,3.0,6.35,18.41,5.517711172,16.95,10.0,11.52,8.0,26-43,6.0,35-50,7.0,9.1225,7.598042234,31.0,8.53613907,8.84415692,9.520041943,10.0,8.704666667,6.666527519,9.598998829,9.524523814,1.0,8.924381845,8.924381845,4.0,9.784717772,1.07641114,9.547345568,1.13163608,8.864,2.84,10.0,9.549015835,2,9.913333333,0.13,8.88,5.6,0.0,27.776,6.264444444,6.86234196,9.908284412,8.385313186,10.0,10.0,3.076923077,9.16,8.875913421,7.778209125,8.106991689,54.0,8.0,9.847412833,10.0,9.282470944,8.75,8.75,7.899826368,6.0,10,0.0,5.36837101,6.681171054,6.324563027,7.555555556,9.7675,8.396906216,8.0111312,8.018755838,8.373754301,7.5,7.964170046,7.984735811,10,8.43,3.0
2022,SYR,Syrian Arab Republic,Middle East & North Africa,3.1,165.0,4.0,,,,2.64,2.64,9.74,0.9,0.0,0.0,1354,0.0,0.0,973,0.0,728,0.51,1.29,0.26,5.0,3.07,4.76,3.77,3.87,0.0,1.93,2.31,3.33,2.82,1.74,2.28,0.54,0.0,0.0,0.0,0.0,2.53,2.61,2.71,2.61,1.11,1.06,0.0,21,0.0,22,0.0,0.5,1.1,0.09,1.04,0.31,0.61,0.0,1.11,0.0,0.34,0.0,0.0,0.0,0.0,,,0.0,10.0,2.5,2.25,165.0,8.674808013,10.50565275,8.967029973,4.291,2.922857143,39.77,9.0,22,5.0,38,7.0,3.99,6.310939026,103.0,3.015373367,1.822710766,3.065726948,3.333333333,4.547083333,1.609847653,4.0928366,2.178660765,0.529411765,2.958196596,2.262150338,161.0,8.79962241,6.00188795,7.466279321,6.334301696,0.0,98.33,10.0,6.566475433,116,8.366666667,2.45,7.84,10.8,4.816,12.96,7.007555556,6.371685159,2.811263124,4.591474141,0.0,0.399384888,0.833333333,0.0,2.5,0.933179555,3.133052313,162.0,2.0,,,2.0,7.366666667,8.75,,6.0,10,0.0,1.115808014,5.53874578,,0.0,1.38,4.366833153,1.915611051,2.907291545,,3.356716684,3.132004114,3.146590236,163,4.28,162.0
2022,TWN,Taiwan,East Asia,8.61,19.0,1.0,,,,8.0,8.0,9.59,1.41,10.0,10.0,0,10.0,10.0,0,10.0,0,9.22,9.84,9.86,9.73,8.25,9.91,9.84,9.33,10.0,9.67,9.84,10.0,9.92,9.89,9.91,8.4,10.0,10.0,10.0,10.0,9.85,9.82,9.75,9.81,9.71,9.48,10.0,0,10.0,0,10.0,8.98,5.99,6.76,9.46,7.21,7.68,10.0,8.89,6.67,8.65,10.0,10.0,10.0,10.0,,,7.5,10.0,9.38,9.26,18.0,4.896376777,23.35231896,9.088333793,3.845814978,9.843671573,15.54714949,6.0,40,6.0,40,6.0,7.545,7.474676429,37.0,6.725381936,6.276029912,8.814808528,6.666666667,8.121916667,6.669709081,7.886393379,7.66278704,1.0,7.352961651,7.352961651,26.0,9.145905945,4.270470275,9.08764656,2.280883601,8.78,3.05,5.0,8.003388126,70,9.673333333,0.49,8.7,6.5,4.306,14.235,7.559777778,7.512132231,8.762370253,8.137251242,10.0,7.5,,5.82,8.010659417,7.110219806,8.201812206,50.0,5.0,8.334228258,9.0,7.444742753,5.989839478,5.629313462,8.326721192,10.0,6.258626923,5.0,4.920999209,6.589357181,4.902082285,9.111111111,9.265,7.511369425,7.697390705,8.039969049,9.581543371,7.5,8.373837473,7.526332028,27,7.71,19.0
2022,TJK,Tajikistan,Caucasus & Central Asia,5.38,138.0,4.0,,,,3.39,3.39,9.74,0.91,5.0,8.42,28,2.5,10.0,0,10.0,0,1.5,1.46,5.55,7.64,5.07,9.54,6.81,7.14,6.67,6.9,2.0,3.33,2.67,1.99,2.33,1.65,0.0,1.11,0.0,0.37,3.35,7.29,2.53,4.39,2.36,2.19,10.0,0,0.0,7,5.0,0.77,2.33,1.87,3.95,2.44,2.27,0.0,1.11,3.33,2.34,10.0,10.0,10.0,2.5,,,7.5,10.0,7.5,4.61,152.0,8.07224437,12.55436914,8.716621253,5.21,0.0,60.13,10.0,13,7.0,31,8.5,3.6175,5.781273125,133.0,4.01488978,2.951425771,4.054196661,,2.46,2.83728018,8.455933698,5.493648449,0.882352941,4.323910649,4.069562963,122.0,9.769531114,1.15234443,9.190136229,2.024659427,7.344,6.64,10.0,9.075916836,9,9.166666667,1.25,8.4,8.0,7.408,6.48,8.324888889,6.409897009,4.535517338,5.472707174,10.0,3.696638644,6.153846154,6.46,3.512263199,4.955686999,7.188320765,84.0,8.0,9.651246789,8.0,8.550415596,6.533333333,6.377588077,7.367289067,8.0,7.755176154,0.0,4.187314113,5.745814392,5.621162255,2.888888889,1.2825,4.994555436,3.696776645,6.773014032,8.353277636,5.0,6.708763889,6.175442631,100,6.46,90.0
2022,TZA,Tanzania,Sub-Saharan Africa,6.38,104.0,3.0,,,,6.66,3.96,8.92,3.7,0.0,10.0,0,7.5,9.37,24,9.99,1,8.08,7.92,7.55,8.24,9.41,9.15,9.52,9.36,6.67,8.01,8.29,10.0,9.15,8.85,9.0,4.97,2.5,4.44,6.67,4.54,7.99,9.23,7.76,8.33,6.97,6.2,10.0,0,9.58,1,9.79,7.02,5.81,3.31,8.24,7.12,6.3,2.5,3.33,3.33,5.05,0.0,10.0,5.0,2.5,,,0.0,9.0,4.13,6.37,110.0,7.905882353,13.12,7.994550409,7.86,1.985714286,43.05,8.0,30,4.0,45,6.0,6.91,6.159229409,116.0,5.760864232,4.704044697,4.0504754,5.833333333,6.91525,4.10724506,7.024452654,5.081018607,0.882352941,5.434585498,5.114903998,81.0,9.303439935,3.482800325,9.245680494,1.885798764,8.26,4.35,5.0,7.952280107,75,7.946666667,3.08,7.22,13.9,3.4392,16.402,6.201955556,3.76337409,0.796479552,2.279926821,10.0,3.314737752,1.538461538,10.0,4.988387724,4.960396754,5.860569782,137.0,8.0,9.920398391,9.0,8.97346613,5.283333333,6.636606213,5.954857667,10.0,8.273212426,5.0,3.16239953,6.330058453,4.614886443,3.555555556,8.625,5.089834711,5.471319177,6.752356528,7.908452432,6.25,6.970269653,6.936278353,53,6.4,95.0
2022,THA,Thailand,South Asia,6.67,92.0,3.0,,,,4.22,4.23,9.24,2.6,5.0,9.71,38,5.0,9.58,18,9.1,72,2.49,3.08,6.28,7.76,5.8,7.15,7.04,6.66,6.67,6.66,9.12,6.67,7.89,8.75,8.32,5.2,2.5,1.11,3.33,2.31,7.3,8.89,8.01,8.07,3.5,4.77,10.0,0,10.0,0,10.0,2.96,4.82,3.29,6.69,3.75,4.3,2.5,1.11,3.33,4.25,10.0,10.0,10.0,7.5,,,10.0,10.0,9.38,6.48,104.0,4.547058824,24.54,8.9373297,4.4,6.968571429,25.61,7.0,35,7.0,35,7.0,6.8825,6.86709199,70.0,5.493764842,4.605929767,7.772051891,3.333333333,4.523333333,5.174157133,7.463185954,4.683130781,0.941176471,5.381110879,5.222842912,73.0,9.202586057,3.987069716,9.158944543,2.102638643,7.568,6.08,10.0,8.98238265,15,9.674378749,0.488431877,8.06,9.7,4.3352,14.162,7.35652625,6.597079436,7.98752339,7.292301413,10.0,5.836186856,1.538461538,1.19,6.184023876,3.687168068,7.083998932,91.0,8.0,7.978451601,9.0,8.326150534,6.533333333,4.433031065,5.637427172,10.0,1.36606213,0.0,5.58078573,4.79294849,4.577128092,6.0,2.68,7.466532119,5.180915053,8.069096853,9.075443168,6.25,7.798180007,6.524548521,85,6.94,65.0
2022,TLS,Timor-Leste,South Asia,7.34,65.0,2.0,,,,6.41,6.41,8.81,4.1,10.0,10.0,0,7.5,10.0,0,10.0,0,8.71,9.2,9.34,9.08,9.2,9.4,9.2,9.27,6.67,7.97,8.92,10.0,9.46,9.68,9.57,8.5,7.5,10.0,10.0,9.17,9.52,9.48,8.13,9.04,9.45,9.04,10.0,0,10.0,0,10.0,8.29,5.85,7.13,7.98,5.94,7.04,7.5,7.78,10.0,8.46,10.0,10.0,10.0,7.5,,,7.5,10.0,8.75,8.47,44.0,0.0,43.81,8.264305177,6.87,0.0,71.23,10.0,10,10.0,10,10.0,4.9975,4.652361035,158.0,5.771159332,4.736403177,2.658228082,,6.032,0.0,,3.396486239,1.0,3.765712805,3.765712805,129.0,8.445062859,7.774685705,0.0,28.03772817,7.196,7.01,10.0,6.410265715,122,9.726666667,0.41,9.5,2.5,9.84,0.4,9.688888889,4.644233264,5.045582184,4.844907724,10.0,6.700274035,8.461538462,10.0,2.5,6.915453124,7.862312434,64.0,,3.846414336,8.0,5.923207168,3.616666667,5.255176154,,8.0,5.510352308,10.0,5.803760484,6.364325935,5.581713915,5.555555556,6.8725,6.188508803,6.049569568,6.143862102,7.542095278,5.0,6.22865246,6.141438783,105,5.77,130.0
2022,TGO,Togo,Sub-Saharan Africa,6.32,107.0,3.0,,,,6.0,3.87,7.38,9.0,10.0,10.0,0,5.0,10.0,0,10.0,0,6.53,7.56,8.44,7.91,8.04,9.22,9.74,9.0,6.67,7.83,8.92,6.67,7.79,8.57,8.18,5.51,2.5,4.44,3.33,3.43,8.91,9.64,7.0,8.52,5.48,5.73,10.0,0,10.0,0,10.0,7.77,4.47,4.6,7.33,6.1,6.05,5.0,4.44,6.67,6.43,0.0,10.0,5.0,0.0,,,7.5,9.69,5.55,6.5,103.0,7.320588235,15.11,9.811989101,1.19,3.345714286,38.29,7.0,35,,,7.0,7.1225,6.920158324,68.0,4.770740356,2.299833333,4.422361252,4.166666667,4.68625,4.450350031,8.812588708,5.0,1.0,4.826098793,4.826098793,89.0,8.979661521,5.101692396,9.373634218,1.565914456,6.812,7.97,0.0,6.291323935,126,6.553333333,5.17,7.6,12.0,7.072,7.32,7.075111111,5.0,3.292319818,4.146159909,10.0,4.564737752,0.769230769,1.72,7.5,3.63849213,6.214940788,125.0,10.0,5.877379549,5.0,6.959126516,3.333333333,6.003450769,,8.0,7.006901538,0.0,5.0,4.890614274,4.379200339,4.0,7.4925,6.608858546,5.620139721,6.20322664,8.153720415,6.25,6.868982352,6.084715716,109,6.07,107.0
2022,TTO,Trinidad and Tobago,Latin America & the Caribbean,7.57,58.0,2.0,,,,7.05,4.58,0.0,39.52,10.0,10.0,0,7.5,10.0,0,10.0,0,8.34,9.06,9.27,4.64,9.39,8.82,9.45,9.22,10.0,9.61,9.78,10.0,9.89,9.88,9.88,8.66,10.0,8.89,10.0,9.63,9.79,9.61,8.95,9.45,9.62,9.34,10.0,0,10.0,0,10.0,9.48,7.85,8.68,9.87,8.73,8.92,10.0,8.89,10.0,9.56,10.0,10.0,10.0,10.0,,,10.0,10.0,10.0,8.23,50.0,6.001961209,19.59333189,7.098092643,11.15,,,9.0,30,6.0,45,7.5,6.525,6.781263463,74.0,6.587165356,5.09037347,6.476507982,8.333333333,5.490083333,1.482249023,6.243780052,2.195818417,0.941176471,5.237413871,5.083372286,82.0,9.288447905,3.557760475,5.481033557,11.29741611,7.668,5.83,10.0,8.109370365,63,8.9,1.65,8.34,8.3,5.0532,12.367,7.431066667,5.464236339,6.181079391,5.822657865,7.058823529,7.092608583,4.615384615,9.37,8.020210266,7.274550866,6.896774732,99.0,8.0,4.702519822,5.0,5.900839941,7.5,5.0681075,6.053481102,10.0,5.136215,10.0,4.526594083,6.897771098,3.462773958,6.222222222,7.0325,6.323020721,5.760129225,7.414118322,6.776054761,6.25,6.813391028,6.343032823,91,6.64,83.0
2022,TUN,Tunisia,Middle East & North Africa,5.97,116.0,3.0,,,,6.49,4.35,8.62,4.76,10.0,10.0,0,5.0,9.32,5,9.41,8,6.17,8.36,8.32,8.47,7.9,9.71,9.29,8.97,3.33,6.15,7.07,6.67,6.87,6.48,6.67,6.82,5.0,6.67,3.33,5.0,7.83,9.01,8.29,8.38,7.71,6.98,10.0,0,10.0,0,10.0,6.18,5.62,8.12,9.22,6.7,7.17,5.0,5.56,3.33,6.21,0.0,0.0,0.0,2.5,,,0.0,10.0,3.13,5.99,116.0,5.405882353,21.62,6.411152109,13.67107176,4.671428571,33.65,5.0,36,2.0,53,3.5,6.52,5.301692607,144.0,4.352468658,4.007903274,5.286918481,5.0,6.034916667,4.940979697,7.33338814,5.389339527,0.705882353,5.293239305,4.51482176,104.0,8.331198783,8.344006085,9.531879529,1.170301178,6.676,8.31,5.0,7.384769578,92,8.833333333,1.75,6.1,19.5,3.916,15.21,6.283111111,5.08043766,8.090239018,6.585338339,9.169329073,3.314737752,0.769230769,9.37,5.219908158,4.66846917,6.676561923,107.0,5.0,5.619760888,10.0,6.873253629,4.3,4.005176154,5.467034182,10.0,5.510352308,3.0,3.887913028,5.16721081,3.183446328,5.333333333,6.36,6.692928494,5.392427039,4.920347066,8.744093004,3.75,5.804813357,5.809426209,126,5.94,118.0
2022,TUR,Turkey,Middle East & North Africa,5.28,142.0,4.0,,,,4.19,3.55,9.22,2.67,5.0,7.11,447,2.5,9.33,34,8.48,143,1.66,6.65,5.82,7.52,3.57,8.69,5.37,5.88,3.33,4.6,4.86,3.33,4.1,3.87,3.99,2.08,2.5,3.33,3.33,3.06,7.42,9.52,7.87,8.27,2.43,3.96,9.65,1,0.0,213,4.83,1.08,2.43,1.16,5.49,2.32,2.49,2.5,2.22,3.33,3.07,10.0,10.0,10.0,7.5,,,7.5,10.0,8.75,5.06,136.0,6.794117647,16.9,7.523160763,9.59,10.0,13.3,5.0,40,2.0,55,3.5,7.06,6.975455682,65.0,3.957833607,3.525765688,6.458437045,3.333333333,4.35125,3.835495588,8.928819719,5.289934873,0.941176471,4.960108732,4.814223181,90.0,3.204969727,33.97515137,0.0,35.19317986,0.0,72.31,10.0,3.301242432,159,9.553333333,0.67,6.64,16.8,0.0,25.368,5.397777778,6.5295585,9.572132323,8.050845411,10.0,4.021243897,2.307692308,7.87,6.672202547,5.217784688,7.166601969,86.0,5.0,8.965124924,4.0,5.988374975,5.283333333,2.508626923,7.100330193,8.0,2.517253846,5.0,5.175307592,5.08355027,4.408872128,4.666666667,2.0175,5.29720725,4.097561511,6.803214371,9.282097563,5.688561252,7.257957728,5.606861121,133,5.57,138.0
2022,UGA,Uganda,Sub-Saharan Africa,5.92,118.0,3.0,,,,4.65,3.08,7.52,8.53,0.0,10.0,0,7.5,9.27,20,10.0,0,2.36,2.82,5.99,6.76,7.35,7.6,7.81,7.59,6.67,7.13,7.4,6.67,7.03,5.3,6.16,4.48,2.5,3.33,3.33,3.06,6.95,9.29,7.03,7.76,2.59,4.47,10.0,0,9.47,1,9.73,4.5,4.03,4.48,6.35,5.42,4.95,5.0,3.33,3.33,5.27,0.0,0.0,0.0,2.5,,,5.0,9.97,4.37,5.32,129.0,8.197058824,12.13,10.0,0.11,6.28,28.02,5.0,40,3.0,50,4.0,7.1425,7.123911765,54.0,4.55240363,3.89999859,5.030199253,3.333333333,5.16225,3.684979748,7.9242582,3.855184485,0.823529412,4.680325905,4.267355972,118.0,8.86259656,5.687017201,9.568661909,1.078345227,7.12,7.2,10.0,8.887814617,18,7.493333333,3.76,6.32,18.4,0.0,27.232,4.604444444,4.47340545,4.617764382,4.545584916,10.0,6.228550971,8.461538462,10.0,5.875819723,7.641477289,6.697876662,106.0,8.0,7.16626473,9.0,8.055421577,7.5,7.5,8.14791123,8.0,10,10.0,5.654836098,8.11467819,4.48416233,4.444444444,3.9,5.157090669,4.496424361,5.326543093,9.063136563,5.0,6.463226552,6.78243767,63,6.75,76.0
2022,UKR,Ukraine,Eastern Europe,5.84,122.0,3.0,,,,5.44,4.25,8.88,3.84,5.0,7.39,208,0.0,9.81,5,9.26,36,5.86,7.09,6.34,7.61,5.94,7.42,9.51,7.62,3.33,5.48,6.91,3.33,5.12,6.05,5.58,5.75,7.5,8.89,3.33,6.57,7.71,6.17,6.04,6.64,7.77,6.68,0.0,15,9.45,1,4.73,5.55,4.49,3.66,6.02,4.11,4.76,5.0,6.67,3.33,4.9,10.0,10.0,10.0,10.0,,,10.0,10.0,10.0,6.36,111.0,0.970588235,36.7,4.411444142,21.01,8.154285714,21.46,10.0,20,7.0,34,8.5,7.135,5.834263618,131.0,4.077954342,3.311935488,3.182456692,6.666666667,5.561833333,2.8508735,9.157702334,3.55867068,0.823529412,4.796011629,4.372834133,112.0,6.141527905,19.29236047,5.630692854,10.92326787,1.928,20.18,5.0,4.67505519,155,9.613333333,0.58,9.12,4.4,8.0112,4.972,8.914844444,5.20706137,7.240247879,6.223654625,5.470155356,2.5,0.0,8.08,3.830178232,3.602544558,6.052799746,131.0,5.0,0.261177842,4.0,3.087059281,4.033333333,7.125862692,5.780142148,6.0,9.251725385,0.0,5.153555075,5.334945519,4.393739303,4.444444444,5.265,3.164472791,4.316914135,5.519814743,9.729288492,2.58320696,5.944103398,4.670755583,152,5.12,150.0
2022,ARE,United Arab Emirates,Middle East & North Africa,5.9,119.0,3.0,,,,5.13,6.14,9.86,0.47,5.0,10.0,0,10.0,10.0,0,10.0,0,4.34,7.66,8.14,9.0,6.71,6.5,5.06,6.09,6.67,6.38,7.83,3.33,5.58,5.71,5.64,1.63,2.5,1.11,0.0,1.2,0.31,1.82,,1.07,2.92,1.7,10.0,0,10.0,0,10.0,3.34,0.47,0.84,2.57,1.39,1.72,0.0,1.11,0.0,2.57,0.0,0.0,0.0,0.0,,,0.0,10.0,2.5,4.85,146.0,5.45077946,21.46734984,8.896457766,4.55,0.0,54.45,10.0,0,10.0,16,10.0,4.5525,5.779947445,134.0,5.934370817,6.811037623,7.633810043,8.333333333,6.24725,5.874801594,9.905908896,9.304329157,0.882352941,7.505605183,7.064098996,29.0,9.392401705,3.037991476,5.860512334,10.34871916,8.068,4.83,10.0,8.33022851,55,9.706666667,0.44,9.06,4.7,7.5372,6.157,8.767955556,7.307374478,8.334028565,7.820701521,10.0,10.0,5.384615385,7.87,7.550728321,7.701335926,8.572498251,30.0,5.0,6.442968581,8.0,6.480989527,8.75,8.75,7.379494508,6.0,10,0.0,7.409561873,6.898436626,7.02627341,7.111111111,7.15,9.349859065,7.659310896,8.047814265,9.996018451,5.0,7.681277572,7.180003655,42,7.39,45.0
2022,GBR,United Kingdom,Western Europe,8.64,17.0,1.0,,,,7.27,7.53,9.59,1.41,10.0,10.0,0,10.0,9.85,6,9.69,23,7.68,9.31,9.5,9.55,8.67,9.34,9.36,9.12,10.0,9.56,9.0,10.0,9.5,9.41,9.46,8.1,10.0,,10.0,10.0,9.87,9.48,9.45,9.6,9.34,9.26,9.56,1,10.0,0,9.78,8.31,8.41,7.91,8.7,8.76,8.42,10.0,,10.0,9.55,10.0,10.0,10.0,10.0,,,7.5,10.0,9.38,9.18,21.0,4.332352941,25.27,5.74386921,16.12,9.442857143,16.95,6.0,45,1.0,67,3.5,7.905,6.184815859,113.0,7.756809656,7.462987717,8.746527433,10.0,8.280166667,6.548142692,8.015852455,7.239549955,1.0,8.006254572,8.006254572,15.0,8.897264737,5.513676315,9.116682694,2.208293264,6.832,7.92,10.0,8.711486858,29,9.766666667,0.35,9.24,3.8,7.264,6.84,8.756888889,7.059706053,9.317459974,8.188583013,10.0,10.0,4.615384615,8.4,9.146841367,8.040556496,8.746507099,21.0,8.0,6.201141401,8.0,7.400380467,8.2,9.266115281,7.403700352,8.0,8.532230562,10.0,6.202241552,8.229183964,5.560803413,5.777777778,8.7775,6.861068391,6.744287396,9.338981402,9.515019967,6.966313149,8.606771506,7.745155833,18,7.88,12.0
2022,USA,United States,North America,8.64,17.0,1.0,,,,7.66,6.54,8.14,6.38,10.0,10.0,0,7.5,9.94,12,9.91,32,8.11,9.67,9.3,8.72,9.0,9.86,9.74,9.53,10.0,9.77,9.52,10.0,9.76,9.32,9.54,9.5,10.0,,10.0,10.0,9.95,9.95,9.91,9.94,9.52,9.74,9.55,5,10.0,0,9.77,9.83,7.57,9.41,9.14,7.04,8.6,7.5,,10.0,8.97,10.0,10.0,10.0,10.0,,,10.0,10.0,10.0,9.04,24.0,6.784153753,16.93387724,5.694822888,16.3,9.857142857,15.5,5.0,40-53,5.0,40-53,5.0,9.435,7.3542239,43.0,7.80397549,7.64155003,8.800113201,6.666666667,6.918666667,7.838414709,8.923824621,7.654594978,1.0,7.780975795,7.780975795,18.0,8.276879999,8.615600005,9.055257214,2.361856966,6.8,8.0,10.0,8.533034303,42,9.02,1.47,9.34,3.3,6.5548,8.613,8.304933333,7.007964849,9.801183898,8.404574374,10.0,10.0,3.846153846,0.54,8.584241072,5.74259873,8.113026609,53.0,10.0,7.785042877,9.0,8.928347626,9.45,10.0,7.789196968,10.0,10,10.0,6.720049382,9.137035193,5.773777167,6.444444444,8.1275,6.519183934,6.716226386,9.963756525,9.603840225,10.0,9.855865583,8.659368697,4,8.09,5.0
2022,URY,Uruguay,Latin America & the Caribbean,8.19,36.0,1.0,,,,7.5,6.87,6.75,11.19,10.0,10.0,0,10.0,10.0,0,10.0,0,8.22,9.84,9.72,8.24,9.7,9.79,9.6,9.7,10.0,9.85,9.65,10.0,9.83,9.9,9.86,8.03,10.0,10.0,10.0,10.0,9.66,9.9,9.82,9.79,8.83,9.16,10.0,0,10.0,0,10.0,7.54,7.46,6.69,9.92,8.3,7.98,7.5,10.0,10.0,9.1,10.0,10.0,10.0,10.0,,,10.0,10.0,10.0,9.01,25.0,5.57763646,21.03603604,5.673024523,16.38,7.102857143,25.14,7.0,36,6.0,44,6.5,7.3725,6.445203625,92.0,7.519879466,6.769999126,7.153882186,5.833333333,6.2405,3.045532686,6.451671664,5.024383863,0.941176471,6.004897791,5.82828315,55.0,7.628547483,11.85726259,8.646085264,3.38478684,6.36,9.1,10.0,8.158658187,61,8.513333333,2.23,7.98,10.1,6.8892,7.777,7.794177778,5.394768318,6.573983152,5.984375735,10.0,8.75,8.461538462,7.76,7.704305752,8.168961053,7.986878641,59.0,5.0,7.703298252,10.0,7.567766084,5.7,3.556211385,1.611252625,8.0,4.612422769,10.0,7.314417363,5.827757734,3.183449903,7.333333333,7.905,7.836439893,6.564555782,7.38468373,6.59497044,7.5,7.159884723,6.779991081,65,7.04,57.0
2022,VEN,"Venezuela, RB",Latin America & the Caribbean,4.18,159.0,4.0,,,,4.1,1.58,4.39,19.31,5.0,10.0,0,2.5,9.17,14,9.74,8,1.0,4.65,6.01,5.2,5.11,9.1,8.94,7.72,3.33,5.53,7.73,6.67,7.2,7.13,7.16,3.08,0.0,2.22,3.33,1.85,5.29,6.61,5.92,5.94,3.25,3.53,10.0,0,6.6,4,8.3,3.58,3.4,0.2,5.19,4.02,3.28,2.5,2.22,3.33,3.93,10.0,10.0,10.0,2.5,,,10.0,10.0,8.13,5.01,138.0,8.776344763,10.16042781,5.773841962,16.01,0.0,88.34,7.0,34,4.0,41,5.5,2.4675,4.503537345,161.0,2.449942745,1.046809267,0.889538718,1.666666667,1.83275,1.627713944,8.143691196,0.685037673,1.0,2.292768776,2.292768776,159.0,2.956275982,35.21862009,0.0,39.23499705,0.0,186.54,0.0,0.739068996,165,8.446666667,2.33,7.24,13.8,6.0808,9.798,7.255822222,4.380382101,0.0,2.19019105,10.0,0.689806967,0.0,0.11,1.960340135,0.690036776,5.034012512,152.0,5.0,2.902,5.0,4.300666667,2.957331795,1.25,5.658485095,4.0,,0.0,2.178541819,2.674059785,1.277397672,0.0,1.11,0.0,0.596849418,1.709532539,4.978282461,1.089191856,2.592335618,2.540977872,165,3.02,165.0
2022,VNM,Vietnam,South Asia,5.43,132.0,4.0,,,,4.68,4.5,9.56,1.52,10.0,10.0,0,10.0,10.0,0,10.0,0,4.37,7.25,8.8,9.18,6.65,8.88,8.23,7.92,3.33,5.63,3.1,3.33,3.22,1.97,2.59,1.57,2.5,2.22,0.0,1.57,0.52,0.13,,0.32,2.44,1.47,10.0,0,0.0,84,5.0,2.0,3.48,1.36,6.19,2.04,3.01,0.0,1.11,0.0,1.83,10.0,10.0,10.0,7.5,,,7.5,10.0,8.75,4.85,145.0,7.632352941,14.05,,,6.865714286,25.97,7.0,35,5.0,36,6.0,4.6125,6.277641807,106.0,3.917500581,4.009694916,4.981002507,5.0,5.110583333,4.229329593,8.791664052,5.151785613,1.0,5.148945074,5.148945074,78.0,9.601478833,1.992605835,9.570169697,1.074575757,8.736,3.16,0.0,6.976912133,105,9.546666667,0.68,8.08,9.6,5.2384,11.904,7.621688889,5.398516117,5.748537033,5.573526575,10.0,4.586186856,0.769230769,1.83,5.087678035,3.068273915,6.565872345,113.0,,9.131029389,10.0,9.565514694,7.633333333,4.215958718,6.531135242,10.0,2.517253846,0.0,5.107328494,5.143572805,3.98400267,5.333333333,3.375,4.538006874,4.307585719,4.892523955,8.210974891,4.190197556,5.764565468,6.195309672,99,6.23,99.0
2022,YEM,"Yemen, Rep.",Middle East & North Africa,3.78,164.0,4.0,,,,2.77,2.77,8.06,6.66,5.0,0.0,23189,0.0,0.0,903,0.0,890,1.68,1.47,1.16,4.61,3.43,4.27,2.71,3.47,3.33,3.4,1.39,3.33,2.36,5.14,3.75,2.35,2.5,1.11,0.0,1.2,5.2,9.17,4.86,6.41,4.48,3.61,3.1,7,10.0,0,6.55,2.1,1.98,0.94,3.46,3.05,2.31,0.0,0.0,0.0,1.77,0.0,0.0,0.0,0.0,,,0.0,8.15,2.04,3.14,164.0,8.787022194,10.12412454,9.02039596,4.095146827,10.0,7.24,10.0,15,8.0,27,9.0,4.7225,8.305983631,15.0,2.955663437,1.72217576,2.687201507,4.166666667,3.002666667,1.890401495,9.049234261,1.712631186,0.411764706,3.398330122,2.398821263,157.0,9.912559521,0.437202393,0.0,213.6547019,0.0,29.51,10.0,4.97813988,149,8.92,1.62,8.48,7.6,7.8112,5.472,8.403733333,5.772893628,5.6,5.686446814,0.0,6.690197556,6.923076923,1.29,2.531441351,4.358678958,4.612214776,154.0,,0.0,0.0,0.0,8.2,6.258626923,7.001876832,8.0,2.517253846,10.0,2.478447557,6.350886451,2.943247953,0.0,1.1875,6.110043518,2.560197868,2.070262734,,5.0,3.535131367,3.111553921,164,4.68,156.0
2022,ZMB,Zambia,Sub-Saharan Africa,6.66,94.0,3.0,,,,6.11,4.18,8.46,5.3,10.0,10.0,0,7.5,10.0,0,10.0,0,5.27,8.72,8.78,8.62,9.61,9.82,9.8,9.74,6.67,8.21,9.57,6.67,8.12,9.4,8.76,8.83,5.0,2.22,6.67,4.63,9.73,9.08,7.87,8.89,9.38,7.93,10.0,0,10.0,0,10.0,8.08,6.71,6.88,9.79,6.8,7.65,2.5,2.22,6.67,5.81,0.0,0.0,0.0,7.5,,,5.0,10.0,5.63,7.02,92.0,3.326470588,28.69,9.272479564,3.17,7.297142857,24.46,5.0,38,3.0,47,4.0,7.7075,6.320718602,102.0,4.944854688,4.34822522,4.312467066,8.333333333,6.684833333,3.004209301,6.026777559,3.481073547,0.941176471,5.141971756,4.990737292,83.0,6.662115738,16.68942131,6.896238096,7.759404759,5.604,10.99,10.0,7.290588458,96,9.073333333,1.39,9.08,4.6,8.4544,3.864,8.869244444,3.036980224,2.430802809,2.733891517,10.0,6.25,8.461538462,9.37,3.44661355,6.882038003,7.121293491,89.0,5.0,9.26345614,9.0,7.75448538,1.666666667,0.0,7.485876878,8.0,0,10.0,3.068433603,4.31728245,4.21813329,4.0,6.35,4.513848098,4.770495347,2.542369355,7.848806248,0.399384888,3.596853497,5.109779168,144,6.17,103.0
2022,ZWE,Zimbabwe,Sub-Saharan Africa,4.87,153.0,4.0,,,,4.83,3.69,8.07,6.65,10.0,10.0,0,2.5,10.0,0,10.0,0,0.93,1.33,6.39,7.23,8.49,8.45,8.8,8.58,3.33,5.96,9.34,6.67,8.0,5.99,7.0,5.83,2.5,3.33,3.33,3.06,7.52,9.82,6.18,7.84,2.95,4.92,10.0,0,10.0,0,10.0,2.84,3.97,2.98,7.52,3.51,4.16,2.5,2.22,3.33,4.44,0.0,10.0,5.0,7.5,,,7.5,10.0,7.5,5.82,120.0,6.562005258,17.68918212,8.501362398,6.0,4.422857143,34.52,4.0,41,4.0,42,4.0,4.645,5.62624496,137.0,4.235180757,2.666282853,2.303784878,3.333333333,4.8125,1.586735303,7.052330081,2.351017388,1.0,3.542645574,3.542645574,135.0,0.0,211.1250287,0.0,211.9563462,0.0,104.71,5.0,1.25,163,9.24,1.14,6.4,18.0,0.712,23.22,5.450666667,4.288379122,1.332810182,2.810594652,0.0,3.336186856,0.0,10.0,2.152276628,3.872115871,3.033344297,163.0,8.0,6.486034444,0.0,4.828678148,4.583333333,4.379313462,3.553777535,8.0,6.258626923,10.0,2.662747303,5.633971222,2.405814727,2.222222222,2.3825,4.893671497,2.976052112,2.082727891,7.99330673,0.0,3.358678207,4.199344922,161,3.53,164.0